path,subject_id,class_id,eye,split,img_key,has_gt,strip_path,strip_path_gt,fisnet_ok,gt_ok,reason_fisnet,reason_gt
/Users/hrishi/Desktop/dev/Milestone1 BSAI/checkpoint_deliverable/data/CASIA-Iris-Interval/135/R/S1135R02.jpg,1135_R,1135,R,train,S1135R02,True,/Users/hrishi/Desktop/dev/Milestone1 BSAI/checkpoint_deliverable/data/casia_interval_strips/S1135R02.png,/Users/hrishi/Desktop/dev/Milestone1 BSAI/checkpoint_deliverable/data/casia_interval_strips_gt/S1135R02.png,True,True,,
/Users/hrishi/Desktop/dev/Milestone1 BSAI/checkpoint_deliverable/data/CASIA-Iris-Interval/135/R/S1135R03.jpg,1135_R,1135,R,train,S1135R03,True,/Users/hrishi/Desktop/dev/Milestone1 BSAI/checkpoint_deliverable/data/casia_interval_strips/S1135R03.png,/Users/hrishi/Desktop/dev/Milestone1 BSAI/checkpoint_deliverable/data/casia_interval_strips_gt/S1135R03.png,True,True,,
/Users/hrishi/Desktop/dev/Milestone1 BSAI/checkpoint_deliverable/data/CASIA-Iris-Interval/135/R/S1135R01.jpg,1135_R,1135,R,train,S1135R01,True,/Users/hrishi/Desktop/dev/Milestone1 BSAI/checkpoint_deliverable/data/casia_interval_strips/S1135R01.png,/Users/hrishi/Desktop/dev/Milestone1 BSAI/checkpoint_deliverable/data/casia_interval_strips_gt/S1135R01.png,True,True,,
/Users/hrishi/Desktop/dev/Milestone1 BSAI/checkpoint_deliverable/data/CASIA-Iris-Interval/135/R/S1135R04.jpg,1135_R,1135,R,train,S1135R04,True,/Users/hrishi/Desktop/dev/Milestone1 BSAI/checkpoint_deliverable/data/casia_interval_strips/S1135R04.png,/Users/hrishi/Desktop/dev/Milestone1 BSAI/checkpoint_deliverable/data/casia_interval_strips_gt/S1135R04.png,True,True,,
/Users/hrishi/Desktop/dev/Milestone1 BSAI/checkpoint_deliverable/data/CASIA-Iris-Interval/135/R/S1135R05.jpg,1135_R,1135,R,train,S1135R05,True,/Users/hrishi/Desktop/dev/Milestone1 BSAI/checkpoint_deliverable/data/casia_interval_strips/S1135R05.png,/Users/hrishi/Desktop/dev/Milestone1 BSAI/checkpoint_deliverable/data/casia_interval_strips_gt/S1135R05.png,True,True,,
/Users/hrishi/Desktop/dev/Milestone1 BSAI/checkpoint_deliverable/data/CASIA-Iris-Interval/135/R/S1135R07.jpg,1135_R,1135,R,train,S1135R07,True,/Users/hrishi/Desktop/dev/Milestone1 BSAI/checkpoint_deliverable/data/casia_interval_strips/S1135R07.png,/Users/hrishi/Desktop/dev/Milestone1 BSAI/checkpoint_deliverable/data/casia_interval_strips_gt/S1135R07.png,True,True,,
/Users/hrishi/Desktop/dev/Milestone1 BSAI/checkpoint_deliverable/data/CASIA-Iris-Interval/135/R/S1135R06.jpg,1135_R,1135,R,train,S1135R06,True,/Users/hrishi/Desktop/dev/Milestone1 BSAI/checkpoint_deliverable/data/casia_interval_strips/S1135R06.png,/Users/hrishi/Desktop/dev/Milestone1 BSAI/checkpoint_deliverable/data/casia_interval_strips_gt/S1135R06.png,True,True,,
/Users/hrishi/Desktop/dev/Milestone1 BSAI/checkpoint_deliverable/data/CASIA-Iris-Interval/135/L/S1135L05.jpg,1135_L,1135,L,train,S1135L05,True,/Users/hrishi/Desktop/dev/Milestone1 BSAI/checkpoint_deliverable/data/casia_interval_strips/S1135L05.png,/Users/hrishi/Desktop/dev/Milestone1 BSAI/checkpoint_deliverable/data/casia_interval_strips_gt/S1135L05.png,True,True,,
/Users/hrishi/Desktop/dev/Milestone1 BSAI/checkpoint_deliverable/data/CASIA-Iris-Interval/135/L/S1135L04.jpg,1135_L,1135,L,train,S1135L04,True,/Users/hrishi/Desktop/dev/Milestone1 BSAI/checkpoint_deliverable/data/casia_interval_strips/S1135L04.png,/Users/hrishi/Desktop/dev/Milestone1 BSAI/checkpoint_deliverable/data/casia_interval_strips_gt/S1135L04.png,True,True,,
/Users/hrishi/Desktop/dev/Milestone1 BSAI/checkpoint_deliverable/data/CASIA-Iris-Interval/135/L/S1135L06.jpg,1135_L,1135,L,train,S1135L06,True,/Users/hrishi/Desktop/dev/Milestone1 BSAI/checkpoint_deliverable/data/casia_interval_strips/S1135L06.png,/Users/hrishi/Desktop/dev/Milestone1 BSAI/checkpoint_deliverable/data/casia_interval_strips_gt/S1135L06.png,True,True,,
/Users/hrishi/Desktop/dev/Milestone1 BSAI/checkpoint_deliverable/data/CASIA-Iris-Interval/135/L/S1135L07.jpg,1135_L,1135,L,train,S1135L07,True,/Users/hrishi/Desktop/dev/Milestone1 BSAI/checkpoint_deliverable/data/casia_interval_strips/S1135L07.png,/Users/hrishi/Desktop/dev/Milestone1 BSAI/checkpoint_deliverable/data/casia_interval_strips_gt/S1135L07.png,True,True,,
/Users/hrishi/Desktop/dev/Milestone1 BSAI/checkpoint_deliverable/data/CASIA-Iris-Interval/135/L/S1135L03.jpg,1135_L,1135,L,train,S1135L03,True,/Users/hrishi/Desktop/dev/Milestone1 BSAI/checkpoint_deliverable/data/casia_interval_strips/S1135L03.png,/Users/hrishi/Desktop/dev/Milestone1 BSAI/checkpoint_deliverable/data/casia_interval_strips_gt/S1135L03.png,True,True,,
/Users/hrishi/Desktop/dev/Milestone1 BSAI/checkpoint_deliverable/data/CASIA-Iris-Interval/135/L/S1135L02.jpg,1135_L,1135,L,train,S1135L02,True,/Users/hrishi/Desktop/dev/Milestone1 BSAI/checkpoint_deliverable/data/casia_interval_strips/S1135L02.png,/Users/hrishi/Desktop/dev/Milestone1 BSAI/checkpoint_deliverable/data/casia_interval_strips_gt/S1135L02.png,True,True,,
/Users/hrishi/Desktop/dev/Milestone1 BSAI/checkpoint_deliverable/data/CASIA-Iris-Interval/135/L/S1135L01.jpg,1135_L,1135,L,train,S1135L01,True,/Users/hrishi/Desktop/dev/Milestone1 BSAI/checkpoint_deliverable/data/casia_interval_strips/S1135L01.png,/Users/hrishi/Desktop/dev/Milestone1 BSAI/checkpoint_deliverable/data/casia_interval_strips_gt/S1135L01.png,True,True,,
/Users/hrishi/Desktop/dev/Milestone1 BSAI/checkpoint_deliverable/data/CASIA-Iris-Interval/132/R/S1132R02.jpg,1132_R,1132,R,val,S1132R02,True,/Users/hrishi/Desktop/dev/Milestone1 BSAI/checkpoint_deliverable/data/casia_interval_strips/S1132R02.png,/Users/hrishi/Desktop/dev/Milestone1 BSAI/checkpoint_deliverable/data/casia_interval_strips_gt/S1132R02.png,True,True,,
/Users/hrishi/Desktop/dev/Milestone1 BSAI/checkpoint_deliverable/data/CASIA-Iris-Interval/132/R/S1132R03.jpg,1132_R,1132,R,val,S1132R03,True,/Users/hrishi/Desktop/dev/Milestone1 BSAI/checkpoint_deliverable/data/casia_interval_strips/S1132R03.png,/Users/hrishi/Desktop/dev/Milestone1 BSAI/checkpoint_deliverable/data/casia_interval_strips_gt/S1132R03.png,True,True,,
/Users/hrishi/Desktop/dev/Milestone1 BSAI/checkpoint_deliverable/data/CASIA-Iris-Interval/132/R/S1132R01.jpg,1132_R,1132,R,val,S1132R01,True,/Users/hrishi/Desktop/dev/Milestone1 BSAI/checkpoint_deliverable/data/casia_interval_strips/S1132R01.png,/Users/hrishi/Desktop/dev/Milestone1 BSAI/checkpoint_deliverable/data/casia_interval_strips_gt/S1132R01.png,True,True,,
/Users/hrishi/Desktop/dev/Milestone1 BSAI/checkpoint_deliverable/data/CASIA-Iris-Interval/132/R/S1132R04.jpg,1132_R,1132,R,val,S1132R04,True,/Users/hrishi/Desktop/dev/Milestone1 BSAI/checkpoint_deliverable/data/casia_interval_strips/S1132R04.png,/Users/hrishi/Desktop/dev/Milestone1 BSAI/checkpoint_deliverable/data/casia_interval_strips_gt/S1132R04.png,True,True,,
/Users/hrishi/Desktop/dev/Milestone1 BSAI/checkpoint_deliverable/data/CASIA-Iris-Interval/132/R/S1132R05.jpg,1132_R,1132,R,val,S1132R05,True,/Users/hrishi/Desktop/dev/Milestone1 BSAI/checkpoint_deliverable/data/casia_interval_strips/S1132R05.png,/Users/hrishi/Desktop/dev/Milestone1 BSAI/checkpoint_deliverable/data/casia_interval_strips_gt/S1132R05.png,True,True,,
/Users/hrishi/Desktop/dev/Milestone1 BSAI/checkpoint_deliverable/data/CASIA-Iris-Interval/132/R/S1132R07.jpg,1132_R,1132,R,val,S1132R07,True,/Users/hrishi/Desktop/dev/Milestone1 BSAI/checkpoint_deliverable/data/casia_interval_strips/S1132R07.png,/Users/hrishi/Desktop/dev/Milestone1 BSAI/checkpoint_deliverable/data/casia_interval_strips_gt/S1132R07.png,True,True,,
/Users/hrishi/Desktop/dev/Milestone1 BSAI/checkpoint_deliverable/data/CASIA-Iris-Interval/132/R/S1132R06.jpg,1132_R,1132,R,val,S1132R06,True,/Users/hrishi/Desktop/dev/Milestone1 BSAI/checkpoint_deliverable/data/casia_interval_strips/S1132R06.png,/Users/hrishi/Desktop/dev/Milestone1 BSAI/checkpoint_deliverable/data/casia_interval_strips_gt/S1132R06.png,True,True,,
/Users/hrishi/Desktop/dev/Milestone1 BSAI/checkpoint_deliverable/data/CASIA-Iris-Interval/132/L/S1132L05.jpg,1132_L,1132,L,val,S1132L05,True,/Users/hrishi/Desktop/dev/Milestone1 BSAI/checkpoint_deliverable/data/casia_interval_strips/S1132L05.png,/Users/hrishi/Desktop/dev/Milestone1 BSAI/checkpoint_deliverable/data/casia_interval_strips_gt/S1132L05.png,True,True,,
/Users/hrishi/Desktop/dev/Milestone1 BSAI/checkpoint_deliverable/data/CASIA-Iris-Interval/132/L/S1132L04.jpg,1132_L,1132,L,val,S1132L04,True,/Users/hrishi/Desktop/dev/Milestone1 BSAI/checkpoint_deliverable/data/casia_interval_strips/S1132L04.png,/Users/hrishi/Desktop/dev/Milestone1 BSAI/checkpoint_deliverable/data/casia_interval_strips_gt/S1132L04.png,True,True,,
/Users/hrishi/Desktop/dev/Milestone1 BSAI/checkpoint_deliverable/data/CASIA-Iris-Interval/132/L/S1132L06.jpg,1132_L,1132,L,val,S1132L06,True,/Users/hrishi/Desktop/dev/Milestone1 BSAI/checkpoint_deliverable/data/casia_interval_strips/S1132L06.png,/Users/hrishi/Desktop/dev/Milestone1 BSAI/checkpoint_deliverable/data/casia_interval_strips_gt/S1132L06.png,True,True,,
/Users/hrishi/Desktop/dev/Milestone1 BSAI/checkpoint_deliverable/data/CASIA-Iris-Interval/132/L/S1132L07.jpg,1132_L,1132,L,val,S1132L07,True,/Users/hrishi/Desktop/dev/Milestone1 BSAI/checkpoint_deliverable/data/casia_interval_strips/S1132L07.png,/Users/hrishi/Desktop/dev/Milestone1 BSAI/checkpoint_deliverable/data/casia_interval_strips_gt/S1132L07.png,True,True,,
/Users/hrishi/Desktop/dev/Milestone1 BSAI/checkpoint_deliverable/data/CASIA-Iris-Interval/132/L/S1132L03.jpg,1132_L,1132,L,val,S1132L03,True,/Users/hrishi/Desktop/dev/Milestone1 BSAI/checkpoint_deliverable/data/casia_interval_strips/S1132L03.png,/Users/hrishi/Desktop/dev/Milestone1 BSAI/checkpoint_deliverable/data/casia_interval_strips_gt/S1132L03.png,True,True,,
/Users/hrishi/Desktop/dev/Milestone1 BSAI/checkpoint_deliverable/data/CASIA-Iris-Interval/132/L/S1132L02.jpg,1132_L,1132,L,val,S1132L02,True,/Users/hrishi/Desktop/dev/Milestone1 BSAI/checkpoint_deliverable/data/casia_interval_strips/S1132L02.png,/Users/hrishi/Desktop/dev/Milestone1 BSAI/checkpoint_deliverable/data/casia_interval_strips_gt/S1132L02.png,True,True,,
/Users/hrishi/Desktop/dev/Milestone1 BSAI/checkpoint_deliverable/data/CASIA-Iris-Interval/132/L/S1132L01.jpg,1132_L,1132,L,val,S1132L01,True,/Users/hrishi/Desktop/dev/Milestone1 BSAI/checkpoint_deliverable/data/casia_interval_strips/S1132L01.png,/Users/hrishi/Desktop/dev/Milestone1 BSAI/checkpoint_deliverable/data/casia_interval_strips_gt/S1132L01.png,True,True,,
/Users/hrishi/Desktop/dev/Milestone1 BSAI/checkpoint_deliverable/data/CASIA-Iris-Interval/104/R/S1104R09.jpg,1104_R,1104,R,train,S1104R09,True,/Users/hrishi/Desktop/dev/Milestone1 BSAI/checkpoint_deliverable/data/casia_interval_strips/S1104R09.png,/Users/hrishi/Desktop/dev/Milestone1 BSAI/checkpoint_deliverable/data/casia_interval_strips_gt/S1104R09.png,True,True,,
/Users/hrishi/Desktop/dev/Milestone1 BSAI/checkpoint_deliverable/data/CASIA-Iris-Interval/104/R/S1104R08.jpg,1104_R,1104,R,train,S1104R08,True,/Users/hrishi/Desktop/dev/Milestone1 BSAI/checkpoint_deliverable/data/casia_interval_strips/S1104R08.png,/Users/hrishi/Desktop/dev/Milestone1 BSAI/checkpoint_deliverable/data/casia_interval_strips_gt/S1104R08.png,True,True,,
/Users/hrishi/Desktop/dev/Milestone1 BSAI/checkpoint_deliverable/data/CASIA-Iris-Interval/104/R/S1104R03.jpg,1104_R,1104,R,train,S1104R03,True,/Users/hrishi/Desktop/dev/Milestone1 BSAI/checkpoint_deliverable/data/casia_interval_strips/S1104R03.png,/Users/hrishi/Desktop/dev/Milestone1 BSAI/checkpoint_deliverable/data/casia_interval_strips_gt/S1104R03.png,True,True,,
/Users/hrishi/Desktop/dev/Milestone1 BSAI/checkpoint_deliverable/data/CASIA-Iris-Interval/104/R/S1104R02.jpg,1104_R,1104,R,train,S1104R02,True,/Users/hrishi/Desktop/dev/Milestone1 BSAI/checkpoint_deliverable/data/casia_interval_strips/S1104R02.png,/Users/hrishi/Desktop/dev/Milestone1 BSAI/checkpoint_deliverable/data/casia_interval_strips_gt/S1104R02.png,True,True,,
/Users/hrishi/Desktop/dev/Milestone1 BSAI/checkpoint_deliverable/data/CASIA-Iris-Interval/104/R/S1104R01.jpg,1104_R,1104,R,train,S1104R01,True,/Users/hrishi/Desktop/dev/Milestone1 BSAI/checkpoint_deliverable/data/casia_interval_strips/S1104R01.png,/Users/hrishi/Desktop/dev/Milestone1 BSAI/checkpoint_deliverable/data/casia_interval_strips_gt/S1104R01.png,True,True,,
/Users/hrishi/Desktop/dev/Milestone1 BSAI/checkpoint_deliverable/data/CASIA-Iris-Interval/104/R/S1104R05.jpg,1104_R,1104,R,train,S1104R05,True,/Users/hrishi/Desktop/dev/Milestone1 BSAI/checkpoint_deliverable/data/casia_interval_strips/S1104R05.png,/Users/hrishi/Desktop/dev/Milestone1 BSAI/checkpoint_deliverable/data/casia_interval_strips_gt/S1104R05.png,True,True,,
/Users/hrishi/Desktop/dev/Milestone1 BSAI/checkpoint_deliverable/data/CASIA-Iris-Interval/104/R/S1104R04.jpg,1104_R,1104,R,train,S1104R04,True,/Users/hrishi/Desktop/dev/Milestone1 BSAI/checkpoint_deliverable/data/casia_interval_strips/S1104R04.png,/Users/hrishi/Desktop/dev/Milestone1 BSAI/checkpoint_deliverable/data/casia_interval_strips_gt/S1104R04.png,True,True,,
/Users/hrishi/Desktop/dev/Milestone1 BSAI/checkpoint_deliverable/data/CASIA-Iris-Interval/104/R/S1104R10.jpg,1104_R,1104,R,train,S1104R10,True,/Users/hrishi/Desktop/dev/Milestone1 BSAI/checkpoint_deliverable/data/casia_interval_strips/S1104R10.png,/Users/hrishi/Desktop/dev/Milestone1 BSAI/checkpoint_deliverable/data/casia_interval_strips_gt/S1104R10.png,True,True,,
/Users/hrishi/Desktop/dev/Milestone1 BSAI/checkpoint_deliverable/data/CASIA-Iris-Interval/104/R/S1104R06.jpg,1104_R,1104,R,train,S1104R06,True,/Users/hrishi/Desktop/dev/Milestone1 BSAI/checkpoint_deliverable/data/casia_interval_strips/S1104R06.png,/Users/hrishi/Desktop/dev/Milestone1 BSAI/checkpoint_deliverable/data/casia_interval_strips_gt/S1104R06.png,True,True,,
/Users/hrishi/Desktop/dev/Milestone1 BSAI/checkpoint_deliverable/data/CASIA-Iris-Interval/104/R/S1104R07.jpg,1104_R,1104,R,train,S1104R07,True,/Users/hrishi/Desktop/dev/Milestone1 BSAI/checkpoint_deliverable/data/casia_interval_strips/S1104R07.png,/Users/hrishi/Desktop/dev/Milestone1 BSAI/checkpoint_deliverable/data/casia_interval_strips_gt/S1104R07.png,True,True,,
/Users/hrishi/Desktop/dev/Milestone1 BSAI/checkpoint_deliverable/data/CASIA-Iris-Interval/104/L/S1104L08.jpg,1104_L,1104,L,train,S1104L08,True,/Users/hrishi/Desktop/dev/Milestone1 BSAI/checkpoint_deliverable/data/casia_interval_strips/S1104L08.png,/Users/hrishi/Desktop/dev/Milestone1 BSAI/checkpoint_deliverable/data/casia_interval_strips_gt/S1104L08.png,True,True,,
/Users/hrishi/Desktop/dev/Milestone1 BSAI/checkpoint_deliverable/data/CASIA-Iris-Interval/104/L/S1104L09.jpg,1104_L,1104,L,train,S1104L09,True,/Users/hrishi/Desktop/dev/Milestone1 BSAI/checkpoint_deliverable/data/casia_interval_strips/S1104L09.png,/Users/hrishi/Desktop/dev/Milestone1 BSAI/checkpoint_deliverable/data/casia_interval_strips_gt/S1104L09.png,True,True,,
/Users/hrishi/Desktop/dev/Milestone1 BSAI/checkpoint_deliverable/data/CASIA-Iris-Interval/104/L/S1104L10.jpg,1104_L,1104,L,train,S1104L10,True,/Users/hrishi/Desktop/dev/Milestone1 BSAI/checkpoint_deliverable/data/casia_interval_strips/S1104L10.png,/Users/hrishi/Desktop/dev/Milestone1 BSAI/checkpoint_deliverable/data/casia_interval_strips_gt/S1104L10.png,True,True,,
/Users/hrishi/Desktop/dev/Milestone1 BSAI/checkpoint_deliverable/data/CASIA-Iris-Interval/104/L/S1104L04.jpg,1104_L,1104,L,train,S1104L04,True,/Users/hrishi/Desktop/dev/Milestone1 BSAI/checkpoint_deliverable/data/casia_interval_strips/S1104L04.png,/Users/hrishi/Desktop/dev/Milestone1 BSAI/checkpoint_deliverable/data/casia_interval_strips_gt/S1104L04.png,True,True,,
/Users/hrishi/Desktop/dev/Milestone1 BSAI/checkpoint_deliverable/data/CASIA-Iris-Interval/104/L/S1104L05.jpg,1104_L,1104,L,train,S1104L05,True,/Users/hrishi/Desktop/dev/Milestone1 BSAI/checkpoint_deliverable/data/casia_interval_strips/S1104L05.png,/Users/hrishi/Desktop/dev/Milestone1 BSAI/checkpoint_deliverable/data/casia_interval_strips_gt/S1104L05.png,True,True,,
/Users/hrishi/Desktop/dev/Milestone1 BSAI/checkpoint_deliverable/data/CASIA-Iris-Interval/104/L/S1104L07.jpg,1104_L,1104,L,train,S1104L07,True,/Users/hrishi/Desktop/dev/Milestone1 BSAI/checkpoint_deliverable/data/casia_interval_strips/S1104L07.png,/Users/hrishi/Desktop/dev/Milestone1 BSAI/checkpoint_deliverable/data/casia_interval_strips_gt/S1104L07.png,True,True,,
/Users/hrishi/Desktop/dev/Milestone1 BSAI/checkpoint_deliverable/data/CASIA-Iris-Interval/104/L/S1104L06.jpg,1104_L,1104,L,train,S1104L06,True,/Users/hrishi/Desktop/dev/Milestone1 BSAI/checkpoint_deliverable/data/casia_interval_strips/S1104L06.png,/Users/hrishi/Desktop/dev/Milestone1 BSAI/checkpoint_deliverable/data/casia_interval_strips_gt/S1104L06.png,True,True,,
/Users/hrishi/Desktop/dev/Milestone1 BSAI/checkpoint_deliverable/data/CASIA-Iris-Interval/104/L/S1104L02.jpg,1104_L,1104,L,train,S1104L02,True,/Users/hrishi/Desktop/dev/Milestone1 BSAI/checkpoint_deliverable/data/casia_interval_strips/S1104L02.png,/Users/hrishi/Desktop/dev/Milestone1 BSAI/checkpoint_deliverable/data/casia_interval_strips_gt/S1104L02.png,True,True,,
/Users/hrishi/Desktop/dev/Milestone1 BSAI/checkpoint_deliverable/data/CASIA-Iris-Interval/104/L/S1104L03.jpg,1104_L,1104,L,train,S1104L03,True,/Users/hrishi/Desktop/dev/Milestone1 BSAI/checkpoint_deliverable/data/casia_interval_strips/S1104L03.png,/Users/hrishi/Desktop/dev/Milestone1 BSAI/checkpoint_deliverable/data/casia_interval_strips_gt/S1104L03.png,True,True,,
/Users/hrishi/Desktop/dev/Milestone1 BSAI/checkpoint_deliverable/data/CASIA-Iris-Interval/104/L/S1104L01.jpg,1104_L,1104,L,train,S1104L01,True,/Users/hrishi/Desktop/dev/Milestone1 BSAI/checkpoint_deliverable/data/casia_interval_strips/S1104L01.png,/Users/hrishi/Desktop/dev/Milestone1 BSAI/checkpoint_deliverable/data/casia_interval_strips_gt/S1104L01.png,True,True,,
/Users/hrishi/Desktop/dev/Milestone1 BSAI/checkpoint_deliverable/data/CASIA-Iris-Interval/103/R/S1103R03.jpg,1103_R,1103,R,test,S1103R03,True,/Users/hrishi/Desktop/dev/Milestone1 BSAI/checkpoint_deliverable/data/casia_interval_strips/S1103R03.png,/Users/hrishi/Desktop/dev/Milestone1 BSAI/checkpoint_deliverable/data/casia_interval_strips_gt/S1103R03.png,True,True,,
/Users/hrishi/Desktop/dev/Milestone1 BSAI/checkpoint_deliverable/data/CASIA-Iris-Interval/103/R/S1103R02.jpg,1103_R,1103,R,test,S1103R02,True,/Users/hrishi/Desktop/dev/Milestone1 BSAI/checkpoint_deliverable/data/casia_interval_strips/S1103R02.png,/Users/hrishi/Desktop/dev/Milestone1 BSAI/checkpoint_deliverable/data/casia_interval_strips_gt/S1103R02.png,True,True,,
/Users/hrishi/Desktop/dev/Milestone1 BSAI/checkpoint_deliverable/data/CASIA-Iris-Interval/103/R/S1103R01.jpg,1103_R,1103,R,test,S1103R01,True,/Users/hrishi/Desktop/dev/Milestone1 BSAI/checkpoint_deliverable/data/casia_interval_strips/S1103R01.png,/Users/hrishi/Desktop/dev/Milestone1 BSAI/checkpoint_deliverable/data/casia_interval_strips_gt/S1103R01.png,True,True,,
/Users/hrishi/Desktop/dev/Milestone1 BSAI/checkpoint_deliverable/data/CASIA-Iris-Interval/103/R/S1103R05.jpg,1103_R,1103,R,test,S1103R05,True,/Users/hrishi/Desktop/dev/Milestone1 BSAI/checkpoint_deliverable/data/casia_interval_strips/S1103R05.png,/Users/hrishi/Desktop/dev/Milestone1 BSAI/checkpoint_deliverable/data/casia_interval_strips_gt/S1103R05.png,True,True,,
/Users/hrishi/Desktop/dev/Milestone1 BSAI/checkpoint_deliverable/data/CASIA-Iris-Interval/103/R/S1103R04.jpg,1103_R,1103,R,test,S1103R04,True,/Users/hrishi/Desktop/dev/Milestone1 BSAI/checkpoint_deliverable/data/casia_interval_strips/S1103R04.png,/Users/hrishi/Desktop/dev/Milestone1 BSAI/checkpoint_deliverable/data/casia_interval_strips_gt/S1103R04.png,True,True,,
/Users/hrishi/Desktop/dev/Milestone1 BSAI/checkpoint_deliverable/data/CASIA-Iris-Interval/103/R/S1103R06.jpg,1103_R,1103,R,test,S1103R06,True,/Users/hrishi/Desktop/dev/Milestone1 BSAI/checkpoint_deliverable/data/casia_interval_strips/S1103R06.png,/Users/hrishi/Desktop/dev/Milestone1 BSAI/checkpoint_deliverable/data/casia_interval_strips_gt/S1103R06.png,True,True,,
/Users/hrishi/Desktop/dev/Milestone1 BSAI/checkpoint_deliverable/data/CASIA-Iris-Interval/103/R/S1103R07.jpg,1103_R,1103,R,test,S1103R07,True,/Users/hrishi/Desktop/dev/Milestone1 BSAI/checkpoint_deliverable/data/casia_interval_strips/S1103R07.png,/Users/hrishi/Desktop/dev/Milestone1 BSAI/checkpoint_deliverable/data/casia_interval_strips_gt/S1103R07.png,True,True,,
/Users/hrishi/Desktop/dev/Milestone1 BSAI/checkpoint_deliverable/data/CASIA-Iris-Interval/103/L/S1103L04.jpg,1103_L,1103,L,train,S1103L04,True,/Users/hrishi/Desktop/dev/Milestone1 BSAI/checkpoint_deliverable/data/casia_interval_strips/S1103L04.png,/Users/hrishi/Desktop/dev/Milestone1 BSAI/checkpoint_deliverable/data/casia_interval_strips_gt/S1103L04.png,True,True,,
/Users/hrishi/Desktop/dev/Milestone1 BSAI/checkpoint_deliverable/data/CASIA-Iris-Interval/103/L/S1103L05.jpg,1103_L,1103,L,train,S1103L05,True,/Users/hrishi/Desktop/dev/Milestone1 BSAI/checkpoint_deliverable/data/casia_interval_strips/S1103L05.png,/Users/hrishi/Desktop/dev/Milestone1 BSAI/checkpoint_deliverable/data/casia_interval_strips_gt/S1103L05.png,True,True,,
/Users/hrishi/Desktop/dev/Milestone1 BSAI/checkpoint_deliverable/data/CASIA-Iris-Interval/103/L/S1103L07.jpg,1103_L,1103,L,train,S1103L07,True,/Users/hrishi/Desktop/dev/Milestone1 BSAI/checkpoint_deliverable/data/casia_interval_strips/S1103L07.png,/Users/hrishi/Desktop/dev/Milestone1 BSAI/checkpoint_deliverable/data/casia_interval_strips_gt/S1103L07.png,True,True,,
/Users/hrishi/Desktop/dev/Milestone1 BSAI/checkpoint_deliverable/data/CASIA-Iris-Interval/103/L/S1103L06.jpg,1103_L,1103,L,train,S1103L06,True,/Users/hrishi/Desktop/dev/Milestone1 BSAI/checkpoint_deliverable/data/casia_interval_strips/S1103L06.png,/Users/hrishi/Desktop/dev/Milestone1 BSAI/checkpoint_deliverable/data/casia_interval_strips_gt/S1103L06.png,True,True,,
/Users/hrishi/Desktop/dev/Milestone1 BSAI/checkpoint_deliverable/data/CASIA-Iris-Interval/103/L/S1103L02.jpg,1103_L,1103,L,train,S1103L02,True,/Users/hrishi/Desktop/dev/Milestone1 BSAI/checkpoint_deliverable/data/casia_interval_strips/S1103L02.png,/Users/hrishi/Desktop/dev/Milestone1 BSAI/checkpoint_deliverable/data/casia_interval_strips_gt/S1103L02.png,True,True,,
/Users/hrishi/Desktop/dev/Milestone1 BSAI/checkpoint_deliverable/data/CASIA-Iris-Interval/103/L/S1103L03.jpg,1103_L,1103,L,train,S1103L03,True,/Users/hrishi/Desktop/dev/Milestone1 BSAI/checkpoint_deliverable/data/casia_interval_strips/S1103L03.png,/Users/hrishi/Desktop/dev/Milestone1 BSAI/checkpoint_deliverable/data/casia_interval_strips_gt/S1103L03.png,True,True,,
/Users/hrishi/Desktop/dev/Milestone1 BSAI/checkpoint_deliverable/data/CASIA-Iris-Interval/103/L/S1103L01.jpg,1103_L,1103,L,train,S1103L01,True,/Users/hrishi/Desktop/dev/Milestone1 BSAI/checkpoint_deliverable/data/casia_interval_strips/S1103L01.png,/Users/hrishi/Desktop/dev/Milestone1 BSAI/checkpoint_deliverable/data/casia_interval_strips_gt/S1103L01.png,True,True,,
/Users/hrishi/Desktop/dev/Milestone1 BSAI/checkpoint_deliverable/data/CASIA-Iris-Interval/168/R/S1168R04.jpg,1168_R,1168,R,train,S1168R04,True,/Users/hrishi/Desktop/dev/Milestone1 BSAI/checkpoint_deliverable/data/casia_interval_strips/S1168R04.png,/Users/hrishi/Desktop/dev/Milestone1 BSAI/checkpoint_deliverable/data/casia_interval_strips_gt/S1168R04.png,True,True,,
/Users/hrishi/Desktop/dev/Milestone1 BSAI/checkpoint_deliverable/data/CASIA-Iris-Interval/168/R/S1168R10.jpg,1168_R,1168,R,train,S1168R10,True,/Users/hrishi/Desktop/dev/Milestone1 BSAI/checkpoint_deliverable/data/casia_interval_strips/S1168R10.png,/Users/hrishi/Desktop/dev/Milestone1 BSAI/checkpoint_deliverable/data/casia_interval_strips_gt/S1168R10.png,True,True,,
/Users/hrishi/Desktop/dev/Milestone1 BSAI/checkpoint_deliverable/data/CASIA-Iris-Interval/168/R/S1168R05.jpg,1168_R,1168,R,train,S1168R05,True,/Users/hrishi/Desktop/dev/Milestone1 BSAI/checkpoint_deliverable/data/casia_interval_strips/S1168R05.png,/Users/hrishi/Desktop/dev/Milestone1 BSAI/checkpoint_deliverable/data/casia_interval_strips_gt/S1168R05.png,True,True,,
/Users/hrishi/Desktop/dev/Milestone1 BSAI/checkpoint_deliverable/data/CASIA-Iris-Interval/168/R/S1168R07.jpg,1168_R,1168,R,train,S1168R07,True,/Users/hrishi/Desktop/dev/Milestone1 BSAI/checkpoint_deliverable/data/casia_interval_strips/S1168R07.png,/Users/hrishi/Desktop/dev/Milestone1 BSAI/checkpoint_deliverable/data/casia_interval_strips_gt/S1168R07.png,True,True,,
/Users/hrishi/Desktop/dev/Milestone1 BSAI/checkpoint_deliverable/data/CASIA-Iris-Interval/168/R/S1168R06.jpg,1168_R,1168,R,train,S1168R06,True,/Users/hrishi/Desktop/dev/Milestone1 BSAI/checkpoint_deliverable/data/casia_interval_strips/S1168R06.png,/Users/hrishi/Desktop/dev/Milestone1 BSAI/checkpoint_deliverable/data/casia_interval_strips_gt/S1168R06.png,True,True,,
/Users/hrishi/Desktop/dev/Milestone1 BSAI/checkpoint_deliverable/data/CASIA-Iris-Interval/168/R/S1168R02.jpg,1168_R,1168,R,train,S1168R02,True,/Users/hrishi/Desktop/dev/Milestone1 BSAI/checkpoint_deliverable/data/casia_interval_strips/S1168R02.png,/Users/hrishi/Desktop/dev/Milestone1 BSAI/checkpoint_deliverable/data/casia_interval_strips_gt/S1168R02.png,True,True,,
/Users/hrishi/Desktop/dev/Milestone1 BSAI/checkpoint_deliverable/data/CASIA-Iris-Interval/168/R/S1168R03.jpg,1168_R,1168,R,train,S1168R03,True,/Users/hrishi/Desktop/dev/Milestone1 BSAI/checkpoint_deliverable/data/casia_interval_strips/S1168R03.png,/Users/hrishi/Desktop/dev/Milestone1 BSAI/checkpoint_deliverable/data/casia_interval_strips_gt/S1168R03.png,True,True,,
/Users/hrishi/Desktop/dev/Milestone1 BSAI/checkpoint_deliverable/data/CASIA-Iris-Interval/168/R/S1168R01.jpg,1168_R,1168,R,train,S1168R01,True,/Users/hrishi/Desktop/dev/Milestone1 BSAI/checkpoint_deliverable/data/casia_interval_strips/S1168R01.png,/Users/hrishi/Desktop/dev/Milestone1 BSAI/checkpoint_deliverable/data/casia_interval_strips_gt/S1168R01.png,True,True,,
/Users/hrishi/Desktop/dev/Milestone1 BSAI/checkpoint_deliverable/data/CASIA-Iris-Interval/168/R/S1168R08.jpg,1168_R,1168,R,train,S1168R08,True,/Users/hrishi/Desktop/dev/Milestone1 BSAI/checkpoint_deliverable/data/casia_interval_strips/S1168R08.png,/Users/hrishi/Desktop/dev/Milestone1 BSAI/checkpoint_deliverable/data/casia_interval_strips_gt/S1168R08.png,True,True,,
/Users/hrishi/Desktop/dev/Milestone1 BSAI/checkpoint_deliverable/data/CASIA-Iris-Interval/168/R/S1168R09.jpg,1168_R,1168,R,train,S1168R09,True,/Users/hrishi/Desktop/dev/Milestone1 BSAI/checkpoint_deliverable/data/casia_interval_strips/S1168R09.png,/Users/hrishi/Desktop/dev/Milestone1 BSAI/checkpoint_deliverable/data/casia_interval_strips_gt/S1168R09.png,True,True,,
/Users/hrishi/Desktop/dev/Milestone1 BSAI/checkpoint_deliverable/data/CASIA-Iris-Interval/168/L/S1168L03.jpg,1168_L,1168,L,val,S1168L03,True,/Users/hrishi/Desktop/dev/Milestone1 BSAI/checkpoint_deliverable/data/casia_interval_strips/S1168L03.png,/Users/hrishi/Desktop/dev/Milestone1 BSAI/checkpoint_deliverable/data/casia_interval_strips_gt/S1168L03.png,True,True,,
/Users/hrishi/Desktop/dev/Milestone1 BSAI/checkpoint_deliverable/data/CASIA-Iris-Interval/168/L/S1168L02.jpg,1168_L,1168,L,val,S1168L02,True,/Users/hrishi/Desktop/dev/Milestone1 BSAI/checkpoint_deliverable/data/casia_interval_strips/S1168L02.png,/Users/hrishi/Desktop/dev/Milestone1 BSAI/checkpoint_deliverable/data/casia_interval_strips_gt/S1168L02.png,True,True,,
/Users/hrishi/Desktop/dev/Milestone1 BSAI/checkpoint_deliverable/data/CASIA-Iris-Interval/168/L/S1168L01.jpg,1168_L,1168,L,val,S1168L01,True,/Users/hrishi/Desktop/dev/Milestone1 BSAI/checkpoint_deliverable/data/casia_interval_strips/S1168L01.png,/Users/hrishi/Desktop/dev/Milestone1 BSAI/checkpoint_deliverable/data/casia_interval_strips_gt/S1168L01.png,True,True,,
/Users/hrishi/Desktop/dev/Milestone1 BSAI/checkpoint_deliverable/data/CASIA-Iris-Interval/168/L/S1168L05.jpg,1168_L,1168,L,val,S1168L05,True,/Users/hrishi/Desktop/dev/Milestone1 BSAI/checkpoint_deliverable/data/casia_interval_strips/S1168L05.png,/Users/hrishi/Desktop/dev/Milestone1 BSAI/checkpoint_deliverable/data/casia_interval_strips_gt/S1168L05.png,True,True,,
/Users/hrishi/Desktop/dev/Milestone1 BSAI/checkpoint_deliverable/data/CASIA-Iris-Interval/168/L/S1168L10.jpg,1168_L,1168,L,val,S1168L10,True,/Users/hrishi/Desktop/dev/Milestone1 BSAI/checkpoint_deliverable/data/casia_interval_strips/S1168L10.png,/Users/hrishi/Desktop/dev/Milestone1 BSAI/checkpoint_deliverable/data/casia_interval_strips_gt/S1168L10.png,True,True,,
/Users/hrishi/Desktop/dev/Milestone1 BSAI/checkpoint_deliverable/data/CASIA-Iris-Interval/168/L/S1168L04.jpg,1168_L,1168,L,val,S1168L04,True,/Users/hrishi/Desktop/dev/Milestone1 BSAI/checkpoint_deliverable/data/casia_interval_strips/S1168L04.png,/Users/hrishi/Desktop/dev/Milestone1 BSAI/checkpoint_deliverable/data/casia_interval_strips_gt/S1168L04.png,True,True,,
/Users/hrishi/Desktop/dev/Milestone1 BSAI/checkpoint_deliverable/data/CASIA-Iris-Interval/168/L/S1168L06.jpg,1168_L,1168,L,val,S1168L06,True,/Users/hrishi/Desktop/dev/Milestone1 BSAI/checkpoint_deliverable/data/casia_interval_strips/S1168L06.png,/Users/hrishi/Desktop/dev/Milestone1 BSAI/checkpoint_deliverable/data/casia_interval_strips_gt/S1168L06.png,True,True,,
/Users/hrishi/Desktop/dev/Milestone1 BSAI/checkpoint_deliverable/data/CASIA-Iris-Interval/168/L/S1168L07.jpg,1168_L,1168,L,val,S1168L07,True,/Users/hrishi/Desktop/dev/Milestone1 BSAI/checkpoint_deliverable/data/casia_interval_strips/S1168L07.png,/Users/hrishi/Desktop/dev/Milestone1 BSAI/checkpoint_deliverable/data/casia_interval_strips_gt/S1168L07.png,True,True,,
/Users/hrishi/Desktop/dev/Milestone1 BSAI/checkpoint_deliverable/data/CASIA-Iris-Interval/168/L/S1168L09.jpg,1168_L,1168,L,val,S1168L09,True,/Users/hrishi/Desktop/dev/Milestone1 BSAI/checkpoint_deliverable/data/casia_interval_strips/S1168L09.png,/Users/hrishi/Desktop/dev/Milestone1 BSAI/checkpoint_deliverable/data/casia_interval_strips_gt/S1168L09.png,True,True,,
/Users/hrishi/Desktop/dev/Milestone1 BSAI/checkpoint_deliverable/data/CASIA-Iris-Interval/168/L/S1168L08.jpg,1168_L,1168,L,val,S1168L08,True,/Users/hrishi/Desktop/dev/Milestone1 BSAI/checkpoint_deliverable/data/casia_interval_strips/S1168L08.png,/Users/hrishi/Desktop/dev/Milestone1 BSAI/checkpoint_deliverable/data/casia_interval_strips_gt/S1168L08.png,True,True,,
/Users/hrishi/Desktop/dev/Milestone1 BSAI/checkpoint_deliverable/data/CASIA-Iris-Interval/157/R/S1157R09.jpg,1157_R,1157,R,train,S1157R09,True,/Users/hrishi/Desktop/dev/Milestone1 BSAI/checkpoint_deliverable/data/casia_interval_strips/S1157R09.png,/Users/hrishi/Desktop/dev/Milestone1 BSAI/checkpoint_deliverable/data/casia_interval_strips_gt/S1157R09.png,True,True,,
/Users/hrishi/Desktop/dev/Milestone1 BSAI/checkpoint_deliverable/data/CASIA-Iris-Interval/157/R/S1157R08.jpg,1157_R,1157,R,train,S1157R08,True,/Users/hrishi/Desktop/dev/Milestone1 BSAI/checkpoint_deliverable/data/casia_interval_strips/S1157R08.png,/Users/hrishi/Desktop/dev/Milestone1 BSAI/checkpoint_deliverable/data/casia_interval_strips_gt/S1157R08.png,True,True,,
/Users/hrishi/Desktop/dev/Milestone1 BSAI/checkpoint_deliverable/data/CASIA-Iris-Interval/157/R/S1157R01.jpg,1157_R,1157,R,train,S1157R01,True,/Users/hrishi/Desktop/dev/Milestone1 BSAI/checkpoint_deliverable/data/casia_interval_strips/S1157R01.png,/Users/hrishi/Desktop/dev/Milestone1 BSAI/checkpoint_deliverable/data/casia_interval_strips_gt/S1157R01.png,True,True,,
/Users/hrishi/Desktop/dev/Milestone1 BSAI/checkpoint_deliverable/data/CASIA-Iris-Interval/157/R/S1157R03.jpg,1157_R,1157,R,train,S1157R03,True,/Users/hrishi/Desktop/dev/Milestone1 BSAI/checkpoint_deliverable/data/casia_interval_strips/S1157R03.png,/Users/hrishi/Desktop/dev/Milestone1 BSAI/checkpoint_deliverable/data/casia_interval_strips_gt/S1157R03.png,True,True,,
/Users/hrishi/Desktop/dev/Milestone1 BSAI/checkpoint_deliverable/data/CASIA-Iris-Interval/157/R/S1157R02.jpg,1157_R,1157,R,train,S1157R02,True,/Users/hrishi/Desktop/dev/Milestone1 BSAI/checkpoint_deliverable/data/casia_interval_strips/S1157R02.png,/Users/hrishi/Desktop/dev/Milestone1 BSAI/checkpoint_deliverable/data/casia_interval_strips_gt/S1157R02.png,True,True,,
/Users/hrishi/Desktop/dev/Milestone1 BSAI/checkpoint_deliverable/data/CASIA-Iris-Interval/157/R/S1157R06.jpg,1157_R,1157,R,train,S1157R06,True,/Users/hrishi/Desktop/dev/Milestone1 BSAI/checkpoint_deliverable/data/casia_interval_strips/S1157R06.png,/Users/hrishi/Desktop/dev/Milestone1 BSAI/checkpoint_deliverable/data/casia_interval_strips_gt/S1157R06.png,True,True,,
/Users/hrishi/Desktop/dev/Milestone1 BSAI/checkpoint_deliverable/data/CASIA-Iris-Interval/157/R/S1157R07.jpg,1157_R,1157,R,train,S1157R07,True,/Users/hrishi/Desktop/dev/Milestone1 BSAI/checkpoint_deliverable/data/casia_interval_strips/S1157R07.png,/Users/hrishi/Desktop/dev/Milestone1 BSAI/checkpoint_deliverable/data/casia_interval_strips_gt/S1157R07.png,True,True,,
/Users/hrishi/Desktop/dev/Milestone1 BSAI/checkpoint_deliverable/data/CASIA-Iris-Interval/157/R/S1157R05.jpg,1157_R,1157,R,train,S1157R05,True,/Users/hrishi/Desktop/dev/Milestone1 BSAI/checkpoint_deliverable/data/casia_interval_strips/S1157R05.png,/Users/hrishi/Desktop/dev/Milestone1 BSAI/checkpoint_deliverable/data/casia_interval_strips_gt/S1157R05.png,True,True,,
/Users/hrishi/Desktop/dev/Milestone1 BSAI/checkpoint_deliverable/data/CASIA-Iris-Interval/157/R/S1157R04.jpg,1157_R,1157,R,train,S1157R04,True,/Users/hrishi/Desktop/dev/Milestone1 BSAI/checkpoint_deliverable/data/casia_interval_strips/S1157R04.png,/Users/hrishi/Desktop/dev/Milestone1 BSAI/checkpoint_deliverable/data/casia_interval_strips_gt/S1157R04.png,True,True,,
/Users/hrishi/Desktop/dev/Milestone1 BSAI/checkpoint_deliverable/data/CASIA-Iris-Interval/157/R/S1157R10.jpg,1157_R,1157,R,train,S1157R10,True,/Users/hrishi/Desktop/dev/Milestone1 BSAI/checkpoint_deliverable/data/casia_interval_strips/S1157R10.png,/Users/hrishi/Desktop/dev/Milestone1 BSAI/checkpoint_deliverable/data/casia_interval_strips_gt/S1157R10.png,True,True,,
/Users/hrishi/Desktop/dev/Milestone1 BSAI/checkpoint_deliverable/data/CASIA-Iris-Interval/150/L/S1150L04.jpg,1150_L,1150,L,train,S1150L04,True,/Users/hrishi/Desktop/dev/Milestone1 BSAI/checkpoint_deliverable/data/casia_interval_strips/S1150L04.png,/Users/hrishi/Desktop/dev/Milestone1 BSAI/checkpoint_deliverable/data/casia_interval_strips_gt/S1150L04.png,True,True,,
/Users/hrishi/Desktop/dev/Milestone1 BSAI/checkpoint_deliverable/data/CASIA-Iris-Interval/150/L/S1150L05.jpg,1150_L,1150,L,train,S1150L05,True,/Users/hrishi/Desktop/dev/Milestone1 BSAI/checkpoint_deliverable/data/casia_interval_strips/S1150L05.png,/Users/hrishi/Desktop/dev/Milestone1 BSAI/checkpoint_deliverable/data/casia_interval_strips_gt/S1150L05.png,True,True,,
/Users/hrishi/Desktop/dev/Milestone1 BSAI/checkpoint_deliverable/data/CASIA-Iris-Interval/150/L/S1150L01.jpg,1150_L,1150,L,train,S1150L01,True,/Users/hrishi/Desktop/dev/Milestone1 BSAI/checkpoint_deliverable/data/casia_interval_strips/S1150L01.png,/Users/hrishi/Desktop/dev/Milestone1 BSAI/checkpoint_deliverable/data/casia_interval_strips_gt/S1150L01.png,True,True,,
/Users/hrishi/Desktop/dev/Milestone1 BSAI/checkpoint_deliverable/data/CASIA-Iris-Interval/150/L/S1150L02.jpg,1150_L,1150,L,train,S1150L02,True,/Users/hrishi/Desktop/dev/Milestone1 BSAI/checkpoint_deliverable/data/casia_interval_strips/S1150L02.png,/Users/hrishi/Desktop/dev/Milestone1 BSAI/checkpoint_deliverable/data/casia_interval_strips_gt/S1150L02.png,True,True,,
/Users/hrishi/Desktop/dev/Milestone1 BSAI/checkpoint_deliverable/data/CASIA-Iris-Interval/150/L/S1150L03.jpg,1150_L,1150,L,train,S1150L03,True,/Users/hrishi/Desktop/dev/Milestone1 BSAI/checkpoint_deliverable/data/casia_interval_strips/S1150L03.png,/Users/hrishi/Desktop/dev/Milestone1 BSAI/checkpoint_deliverable/data/casia_interval_strips_gt/S1150L03.png,True,True,,
/Users/hrishi/Desktop/dev/Milestone1 BSAI/checkpoint_deliverable/data/CASIA-Iris-Interval/159/R/S1159R09.jpg,1159_R,1159,R,val,S1159R09,True,/Users/hrishi/Desktop/dev/Milestone1 BSAI/checkpoint_deliverable/data/casia_interval_strips/S1159R09.png,/Users/hrishi/Desktop/dev/Milestone1 BSAI/checkpoint_deliverable/data/casia_interval_strips_gt/S1159R09.png,True,True,,
/Users/hrishi/Desktop/dev/Milestone1 BSAI/checkpoint_deliverable/data/CASIA-Iris-Interval/159/R/S1159R08.jpg,1159_R,1159,R,val,S1159R08,True,/Users/hrishi/Desktop/dev/Milestone1 BSAI/checkpoint_deliverable/data/casia_interval_strips/S1159R08.png,/Users/hrishi/Desktop/dev/Milestone1 BSAI/checkpoint_deliverable/data/casia_interval_strips_gt/S1159R08.png,True,True,,
/Users/hrishi/Desktop/dev/Milestone1 BSAI/checkpoint_deliverable/data/CASIA-Iris-Interval/159/R/S1159R05.jpg,1159_R,1159,R,val,S1159R05,True,/Users/hrishi/Desktop/dev/Milestone1 BSAI/checkpoint_deliverable/data/casia_interval_strips/S1159R05.png,/Users/hrishi/Desktop/dev/Milestone1 BSAI/checkpoint_deliverable/data/casia_interval_strips_gt/S1159R05.png,True,True,,
/Users/hrishi/Desktop/dev/Milestone1 BSAI/checkpoint_deliverable/data/CASIA-Iris-Interval/159/R/S1159R04.jpg,1159_R,1159,R,val,S1159R04,True,/Users/hrishi/Desktop/dev/Milestone1 BSAI/checkpoint_deliverable/data/casia_interval_strips/S1159R04.png,/Users/hrishi/Desktop/dev/Milestone1 BSAI/checkpoint_deliverable/data/casia_interval_strips_gt/S1159R04.png,True,True,,
/Users/hrishi/Desktop/dev/Milestone1 BSAI/checkpoint_deliverable/data/CASIA-Iris-Interval/159/R/S1159R06.jpg,1159_R,1159,R,val,S1159R06,True,/Users/hrishi/Desktop/dev/Milestone1 BSAI/checkpoint_deliverable/data/casia_interval_strips/S1159R06.png,/Users/hrishi/Desktop/dev/Milestone1 BSAI/checkpoint_deliverable/data/casia_interval_strips_gt/S1159R06.png,True,True,,
/Users/hrishi/Desktop/dev/Milestone1 BSAI/checkpoint_deliverable/data/CASIA-Iris-Interval/159/R/S1159R07.jpg,1159_R,1159,R,val,S1159R07,True,/Users/hrishi/Desktop/dev/Milestone1 BSAI/checkpoint_deliverable/data/casia_interval_strips/S1159R07.png,/Users/hrishi/Desktop/dev/Milestone1 BSAI/checkpoint_deliverable/data/casia_interval_strips_gt/S1159R07.png,True,True,,
/Users/hrishi/Desktop/dev/Milestone1 BSAI/checkpoint_deliverable/data/CASIA-Iris-Interval/159/R/S1159R03.jpg,1159_R,1159,R,val,S1159R03,True,/Users/hrishi/Desktop/dev/Milestone1 BSAI/checkpoint_deliverable/data/casia_interval_strips/S1159R03.png,/Users/hrishi/Desktop/dev/Milestone1 BSAI/checkpoint_deliverable/data/casia_interval_strips_gt/S1159R03.png,True,True,,
/Users/hrishi/Desktop/dev/Milestone1 BSAI/checkpoint_deliverable/data/CASIA-Iris-Interval/159/R/S1159R02.jpg,1159_R,1159,R,val,S1159R02,True,/Users/hrishi/Desktop/dev/Milestone1 BSAI/checkpoint_deliverable/data/casia_interval_strips/S1159R02.png,/Users/hrishi/Desktop/dev/Milestone1 BSAI/checkpoint_deliverable/data/casia_interval_strips_gt/S1159R02.png,True,True,,
/Users/hrishi/Desktop/dev/Milestone1 BSAI/checkpoint_deliverable/data/CASIA-Iris-Interval/159/R/S1159R01.jpg,1159_R,1159,R,val,S1159R01,True,/Users/hrishi/Desktop/dev/Milestone1 BSAI/checkpoint_deliverable/data/casia_interval_strips/S1159R01.png,/Users/hrishi/Desktop/dev/Milestone1 BSAI/checkpoint_deliverable/data/casia_interval_strips_gt/S1159R01.png,True,True,,
/Users/hrishi/Desktop/dev/Milestone1 BSAI/checkpoint_deliverable/data/CASIA-Iris-Interval/159/L/S1159L08.jpg,1159_L,1159,L,train,S1159L08,True,/Users/hrishi/Desktop/dev/Milestone1 BSAI/checkpoint_deliverable/data/casia_interval_strips/S1159L08.png,/Users/hrishi/Desktop/dev/Milestone1 BSAI/checkpoint_deliverable/data/casia_interval_strips_gt/S1159L08.png,True,True,,
/Users/hrishi/Desktop/dev/Milestone1 BSAI/checkpoint_deliverable/data/CASIA-Iris-Interval/159/L/S1159L09.jpg,1159_L,1159,L,train,S1159L09,True,/Users/hrishi/Desktop/dev/Milestone1 BSAI/checkpoint_deliverable/data/casia_interval_strips/S1159L09.png,/Users/hrishi/Desktop/dev/Milestone1 BSAI/checkpoint_deliverable/data/casia_interval_strips_gt/S1159L09.png,True,True,,
/Users/hrishi/Desktop/dev/Milestone1 BSAI/checkpoint_deliverable/data/CASIA-Iris-Interval/159/L/S1159L02.jpg,1159_L,1159,L,train,S1159L02,True,/Users/hrishi/Desktop/dev/Milestone1 BSAI/checkpoint_deliverable/data/casia_interval_strips/S1159L02.png,/Users/hrishi/Desktop/dev/Milestone1 BSAI/checkpoint_deliverable/data/casia_interval_strips_gt/S1159L02.png,True,True,,
/Users/hrishi/Desktop/dev/Milestone1 BSAI/checkpoint_deliverable/data/CASIA-Iris-Interval/159/L/S1159L03.jpg,1159_L,1159,L,train,S1159L03,True,/Users/hrishi/Desktop/dev/Milestone1 BSAI/checkpoint_deliverable/data/casia_interval_strips/S1159L03.png,/Users/hrishi/Desktop/dev/Milestone1 BSAI/checkpoint_deliverable/data/casia_interval_strips_gt/S1159L03.png,True,True,,
/Users/hrishi/Desktop/dev/Milestone1 BSAI/checkpoint_deliverable/data/CASIA-Iris-Interval/159/L/S1159L01.jpg,1159_L,1159,L,train,S1159L01,True,/Users/hrishi/Desktop/dev/Milestone1 BSAI/checkpoint_deliverable/data/casia_interval_strips/S1159L01.png,/Users/hrishi/Desktop/dev/Milestone1 BSAI/checkpoint_deliverable/data/casia_interval_strips_gt/S1159L01.png,True,True,,
/Users/hrishi/Desktop/dev/Milestone1 BSAI/checkpoint_deliverable/data/CASIA-Iris-Interval/159/L/S1159L04.jpg,1159_L,1159,L,train,S1159L04,True,/Users/hrishi/Desktop/dev/Milestone1 BSAI/checkpoint_deliverable/data/casia_interval_strips/S1159L04.png,/Users/hrishi/Desktop/dev/Milestone1 BSAI/checkpoint_deliverable/data/casia_interval_strips_gt/S1159L04.png,True,True,,
/Users/hrishi/Desktop/dev/Milestone1 BSAI/checkpoint_deliverable/data/CASIA-Iris-Interval/159/L/S1159L10.jpg,1159_L,1159,L,train,S1159L10,True,/Users/hrishi/Desktop/dev/Milestone1 BSAI/checkpoint_deliverable/data/casia_interval_strips/S1159L10.png,/Users/hrishi/Desktop/dev/Milestone1 BSAI/checkpoint_deliverable/data/casia_interval_strips_gt/S1159L10.png,True,True,,
/Users/hrishi/Desktop/dev/Milestone1 BSAI/checkpoint_deliverable/data/CASIA-Iris-Interval/159/L/S1159L05.jpg,1159_L,1159,L,train,S1159L05,True,/Users/hrishi/Desktop/dev/Milestone1 BSAI/checkpoint_deliverable/data/casia_interval_strips/S1159L05.png,/Users/hrishi/Desktop/dev/Milestone1 BSAI/checkpoint_deliverable/data/casia_interval_strips_gt/S1159L05.png,True,True,,
/Users/hrishi/Desktop/dev/Milestone1 BSAI/checkpoint_deliverable/data/CASIA-Iris-Interval/159/L/S1159L07.jpg,1159_L,1159,L,train,S1159L07,True,/Users/hrishi/Desktop/dev/Milestone1 BSAI/checkpoint_deliverable/data/casia_interval_strips/S1159L07.png,/Users/hrishi/Desktop/dev/Milestone1 BSAI/checkpoint_deliverable/data/casia_interval_strips_gt/S1159L07.png,True,True,,
/Users/hrishi/Desktop/dev/Milestone1 BSAI/checkpoint_deliverable/data/CASIA-Iris-Interval/159/L/S1159L06.jpg,1159_L,1159,L,train,S1159L06,True,/Users/hrishi/Desktop/dev/Milestone1 BSAI/checkpoint_deliverable/data/casia_interval_strips/S1159L06.png,/Users/hrishi/Desktop/dev/Milestone1 BSAI/checkpoint_deliverable/data/casia_interval_strips_gt/S1159L06.png,True,True,,
/Users/hrishi/Desktop/dev/Milestone1 BSAI/checkpoint_deliverable/data/CASIA-Iris-Interval/166/R/S1166R01.jpg,1166_R,1166,R,train,S1166R01,True,/Users/hrishi/Desktop/dev/Milestone1 BSAI/checkpoint_deliverable/data/casia_interval_strips/S1166R01.png,/Users/hrishi/Desktop/dev/Milestone1 BSAI/checkpoint_deliverable/data/casia_interval_strips_gt/S1166R01.png,True,True,,
/Users/hrishi/Desktop/dev/Milestone1 BSAI/checkpoint_deliverable/data/CASIA-Iris-Interval/166/R/S1166R02.jpg,1166_R,1166,R,train,S1166R02,True,/Users/hrishi/Desktop/dev/Milestone1 BSAI/checkpoint_deliverable/data/casia_interval_strips/S1166R02.png,/Users/hrishi/Desktop/dev/Milestone1 BSAI/checkpoint_deliverable/data/casia_interval_strips_gt/S1166R02.png,True,True,,
/Users/hrishi/Desktop/dev/Milestone1 BSAI/checkpoint_deliverable/data/CASIA-Iris-Interval/166/R/S1166R03.jpg,1166_R,1166,R,train,S1166R03,True,/Users/hrishi/Desktop/dev/Milestone1 BSAI/checkpoint_deliverable/data/casia_interval_strips/S1166R03.png,/Users/hrishi/Desktop/dev/Milestone1 BSAI/checkpoint_deliverable/data/casia_interval_strips_gt/S1166R03.png,True,True,,
/Users/hrishi/Desktop/dev/Milestone1 BSAI/checkpoint_deliverable/data/CASIA-Iris-Interval/166/R/S1166R06.jpg,1166_R,1166,R,train,S1166R06,True,/Users/hrishi/Desktop/dev/Milestone1 BSAI/checkpoint_deliverable/data/casia_interval_strips/S1166R06.png,/Users/hrishi/Desktop/dev/Milestone1 BSAI/checkpoint_deliverable/data/casia_interval_strips_gt/S1166R06.png,True,True,,
/Users/hrishi/Desktop/dev/Milestone1 BSAI/checkpoint_deliverable/data/CASIA-Iris-Interval/166/R/S1166R04.jpg,1166_R,1166,R,train,S1166R04,True,/Users/hrishi/Desktop/dev/Milestone1 BSAI/checkpoint_deliverable/data/casia_interval_strips/S1166R04.png,/Users/hrishi/Desktop/dev/Milestone1 BSAI/checkpoint_deliverable/data/casia_interval_strips_gt/S1166R04.png,True,True,,
/Users/hrishi/Desktop/dev/Milestone1 BSAI/checkpoint_deliverable/data/CASIA-Iris-Interval/166/R/S1166R05.jpg,1166_R,1166,R,train,S1166R05,True,/Users/hrishi/Desktop/dev/Milestone1 BSAI/checkpoint_deliverable/data/casia_interval_strips/S1166R05.png,/Users/hrishi/Desktop/dev/Milestone1 BSAI/checkpoint_deliverable/data/casia_interval_strips_gt/S1166R05.png,True,True,,
/Users/hrishi/Desktop/dev/Milestone1 BSAI/checkpoint_deliverable/data/CASIA-Iris-Interval/166/L/S1166L06.jpg,1166_L,1166,L,test,S1166L06,True,/Users/hrishi/Desktop/dev/Milestone1 BSAI/checkpoint_deliverable/data/casia_interval_strips/S1166L06.png,/Users/hrishi/Desktop/dev/Milestone1 BSAI/checkpoint_deliverable/data/casia_interval_strips_gt/S1166L06.png,True,True,,
/Users/hrishi/Desktop/dev/Milestone1 BSAI/checkpoint_deliverable/data/CASIA-Iris-Interval/166/L/S1166L07.jpg,1166_L,1166,L,test,S1166L07,True,/Users/hrishi/Desktop/dev/Milestone1 BSAI/checkpoint_deliverable/data/casia_interval_strips/S1166L07.png,/Users/hrishi/Desktop/dev/Milestone1 BSAI/checkpoint_deliverable/data/casia_interval_strips_gt/S1166L07.png,True,True,,
/Users/hrishi/Desktop/dev/Milestone1 BSAI/checkpoint_deliverable/data/CASIA-Iris-Interval/166/L/S1166L05.jpg,1166_L,1166,L,test,S1166L05,True,/Users/hrishi/Desktop/dev/Milestone1 BSAI/checkpoint_deliverable/data/casia_interval_strips/S1166L05.png,/Users/hrishi/Desktop/dev/Milestone1 BSAI/checkpoint_deliverable/data/casia_interval_strips_gt/S1166L05.png,True,True,,
/Users/hrishi/Desktop/dev/Milestone1 BSAI/checkpoint_deliverable/data/CASIA-Iris-Interval/166/L/S1166L04.jpg,1166_L,1166,L,test,S1166L04,True,/Users/hrishi/Desktop/dev/Milestone1 BSAI/checkpoint_deliverable/data/casia_interval_strips/S1166L04.png,/Users/hrishi/Desktop/dev/Milestone1 BSAI/checkpoint_deliverable/data/casia_interval_strips_gt/S1166L04.png,True,True,,
/Users/hrishi/Desktop/dev/Milestone1 BSAI/checkpoint_deliverable/data/CASIA-Iris-Interval/166/L/S1166L01.jpg,1166_L,1166,L,test,S1166L01,True,/Users/hrishi/Desktop/dev/Milestone1 BSAI/checkpoint_deliverable/data/casia_interval_strips/S1166L01.png,/Users/hrishi/Desktop/dev/Milestone1 BSAI/checkpoint_deliverable/data/casia_interval_strips_gt/S1166L01.png,True,True,,
/Users/hrishi/Desktop/dev/Milestone1 BSAI/checkpoint_deliverable/data/CASIA-Iris-Interval/166/L/S1166L03.jpg,1166_L,1166,L,test,S1166L03,True,/Users/hrishi/Desktop/dev/Milestone1 BSAI/checkpoint_deliverable/data/casia_interval_strips/S1166L03.png,/Users/hrishi/Desktop/dev/Milestone1 BSAI/checkpoint_deliverable/data/casia_interval_strips_gt/S1166L03.png,True,True,,
/Users/hrishi/Desktop/dev/Milestone1 BSAI/checkpoint_deliverable/data/CASIA-Iris-Interval/166/L/S1166L02.jpg,1166_L,1166,L,test,S1166L02,True,/Users/hrishi/Desktop/dev/Milestone1 BSAI/checkpoint_deliverable/data/casia_interval_strips/S1166L02.png,/Users/hrishi/Desktop/dev/Milestone1 BSAI/checkpoint_deliverable/data/casia_interval_strips_gt/S1166L02.png,True,True,,
/Users/hrishi/Desktop/dev/Milestone1 BSAI/checkpoint_deliverable/data/CASIA-Iris-Interval/192/R/S1192R02.jpg,1192_R,1192,R,test,S1192R02,True,/Users/hrishi/Desktop/dev/Milestone1 BSAI/checkpoint_deliverable/data/casia_interval_strips/S1192R02.png,/Users/hrishi/Desktop/dev/Milestone1 BSAI/checkpoint_deliverable/data/casia_interval_strips_gt/S1192R02.png,True,True,,
/Users/hrishi/Desktop/dev/Milestone1 BSAI/checkpoint_deliverable/data/CASIA-Iris-Interval/192/R/S1192R03.jpg,1192_R,1192,R,test,S1192R03,True,/Users/hrishi/Desktop/dev/Milestone1 BSAI/checkpoint_deliverable/data/casia_interval_strips/S1192R03.png,/Users/hrishi/Desktop/dev/Milestone1 BSAI/checkpoint_deliverable/data/casia_interval_strips_gt/S1192R03.png,True,True,,
/Users/hrishi/Desktop/dev/Milestone1 BSAI/checkpoint_deliverable/data/CASIA-Iris-Interval/192/R/S1192R01.jpg,1192_R,1192,R,test,S1192R01,True,/Users/hrishi/Desktop/dev/Milestone1 BSAI/checkpoint_deliverable/data/casia_interval_strips/S1192R01.png,/Users/hrishi/Desktop/dev/Milestone1 BSAI/checkpoint_deliverable/data/casia_interval_strips_gt/S1192R01.png,True,True,,
/Users/hrishi/Desktop/dev/Milestone1 BSAI/checkpoint_deliverable/data/CASIA-Iris-Interval/192/R/S1192R04.jpg,1192_R,1192,R,test,S1192R04,True,/Users/hrishi/Desktop/dev/Milestone1 BSAI/checkpoint_deliverable/data/casia_interval_strips/S1192R04.png,/Users/hrishi/Desktop/dev/Milestone1 BSAI/checkpoint_deliverable/data/casia_interval_strips_gt/S1192R04.png,True,True,,
/Users/hrishi/Desktop/dev/Milestone1 BSAI/checkpoint_deliverable/data/CASIA-Iris-Interval/192/R/S1192R05.jpg,1192_R,1192,R,test,S1192R05,True,/Users/hrishi/Desktop/dev/Milestone1 BSAI/checkpoint_deliverable/data/casia_interval_strips/S1192R05.png,/Users/hrishi/Desktop/dev/Milestone1 BSAI/checkpoint_deliverable/data/casia_interval_strips_gt/S1192R05.png,True,True,,
/Users/hrishi/Desktop/dev/Milestone1 BSAI/checkpoint_deliverable/data/CASIA-Iris-Interval/192/R/S1192R06.jpg,1192_R,1192,R,test,S1192R06,True,/Users/hrishi/Desktop/dev/Milestone1 BSAI/checkpoint_deliverable/data/casia_interval_strips/S1192R06.png,/Users/hrishi/Desktop/dev/Milestone1 BSAI/checkpoint_deliverable/data/casia_interval_strips_gt/S1192R06.png,True,True,,
/Users/hrishi/Desktop/dev/Milestone1 BSAI/checkpoint_deliverable/data/CASIA-Iris-Interval/192/L/S1192L01.jpg,1192_L,1192,L,test,S1192L01,True,/Users/hrishi/Desktop/dev/Milestone1 BSAI/checkpoint_deliverable/data/casia_interval_strips/S1192L01.png,/Users/hrishi/Desktop/dev/Milestone1 BSAI/checkpoint_deliverable/data/casia_interval_strips_gt/S1192L01.png,True,True,,
/Users/hrishi/Desktop/dev/Milestone1 BSAI/checkpoint_deliverable/data/CASIA-Iris-Interval/195/R/S1195R02.jpg,1195_R,1195,R,test,S1195R02,True,/Users/hrishi/Desktop/dev/Milestone1 BSAI/checkpoint_deliverable/data/casia_interval_strips/S1195R02.png,/Users/hrishi/Desktop/dev/Milestone1 BSAI/checkpoint_deliverable/data/casia_interval_strips_gt/S1195R02.png,True,True,,
/Users/hrishi/Desktop/dev/Milestone1 BSAI/checkpoint_deliverable/data/CASIA-Iris-Interval/195/R/S1195R03.jpg,1195_R,1195,R,test,S1195R03,True,/Users/hrishi/Desktop/dev/Milestone1 BSAI/checkpoint_deliverable/data/casia_interval_strips/S1195R03.png,/Users/hrishi/Desktop/dev/Milestone1 BSAI/checkpoint_deliverable/data/casia_interval_strips_gt/S1195R03.png,True,True,,
/Users/hrishi/Desktop/dev/Milestone1 BSAI/checkpoint_deliverable/data/CASIA-Iris-Interval/195/R/S1195R01.jpg,1195_R,1195,R,test,S1195R01,True,/Users/hrishi/Desktop/dev/Milestone1 BSAI/checkpoint_deliverable/data/casia_interval_strips/S1195R01.png,/Users/hrishi/Desktop/dev/Milestone1 BSAI/checkpoint_deliverable/data/casia_interval_strips_gt/S1195R01.png,True,True,,
/Users/hrishi/Desktop/dev/Milestone1 BSAI/checkpoint_deliverable/data/CASIA-Iris-Interval/195/R/S1195R04.jpg,1195_R,1195,R,test,S1195R04,True,/Users/hrishi/Desktop/dev/Milestone1 BSAI/checkpoint_deliverable/data/casia_interval_strips/S1195R04.png,/Users/hrishi/Desktop/dev/Milestone1 BSAI/checkpoint_deliverable/data/casia_interval_strips_gt/S1195R04.png,True,True,,
/Users/hrishi/Desktop/dev/Milestone1 BSAI/checkpoint_deliverable/data/CASIA-Iris-Interval/195/R/S1195R05.jpg,1195_R,1195,R,test,S1195R05,True,/Users/hrishi/Desktop/dev/Milestone1 BSAI/checkpoint_deliverable/data/casia_interval_strips/S1195R05.png,/Users/hrishi/Desktop/dev/Milestone1 BSAI/checkpoint_deliverable/data/casia_interval_strips_gt/S1195R05.png,True,True,,
/Users/hrishi/Desktop/dev/Milestone1 BSAI/checkpoint_deliverable/data/CASIA-Iris-Interval/161/R/S1161R08.jpg,1161_R,1161,R,train,S1161R08,True,/Users/hrishi/Desktop/dev/Milestone1 BSAI/checkpoint_deliverable/data/casia_interval_strips/S1161R08.png,/Users/hrishi/Desktop/dev/Milestone1 BSAI/checkpoint_deliverable/data/casia_interval_strips_gt/S1161R08.png,True,True,,
/Users/hrishi/Desktop/dev/Milestone1 BSAI/checkpoint_deliverable/data/CASIA-Iris-Interval/161/R/S1161R09.jpg,1161_R,1161,R,train,S1161R09,True,/Users/hrishi/Desktop/dev/Milestone1 BSAI/checkpoint_deliverable/data/casia_interval_strips/S1161R09.png,/Users/hrishi/Desktop/dev/Milestone1 BSAI/checkpoint_deliverable/data/casia_interval_strips_gt/S1161R09.png,True,True,,
/Users/hrishi/Desktop/dev/Milestone1 BSAI/checkpoint_deliverable/data/CASIA-Iris-Interval/161/R/S1161R01.jpg,1161_R,1161,R,train,S1161R01,True,/Users/hrishi/Desktop/dev/Milestone1 BSAI/checkpoint_deliverable/data/casia_interval_strips/S1161R01.png,/Users/hrishi/Desktop/dev/Milestone1 BSAI/checkpoint_deliverable/data/casia_interval_strips_gt/S1161R01.png,True,True,,
/Users/hrishi/Desktop/dev/Milestone1 BSAI/checkpoint_deliverable/data/CASIA-Iris-Interval/161/R/S1161R02.jpg,1161_R,1161,R,train,S1161R02,True,/Users/hrishi/Desktop/dev/Milestone1 BSAI/checkpoint_deliverable/data/casia_interval_strips/S1161R02.png,/Users/hrishi/Desktop/dev/Milestone1 BSAI/checkpoint_deliverable/data/casia_interval_strips_gt/S1161R02.png,True,True,,
/Users/hrishi/Desktop/dev/Milestone1 BSAI/checkpoint_deliverable/data/CASIA-Iris-Interval/161/R/S1161R03.jpg,1161_R,1161,R,train,S1161R03,True,/Users/hrishi/Desktop/dev/Milestone1 BSAI/checkpoint_deliverable/data/casia_interval_strips/S1161R03.png,/Users/hrishi/Desktop/dev/Milestone1 BSAI/checkpoint_deliverable/data/casia_interval_strips_gt/S1161R03.png,True,True,,
/Users/hrishi/Desktop/dev/Milestone1 BSAI/checkpoint_deliverable/data/CASIA-Iris-Interval/161/R/S1161R07.jpg,1161_R,1161,R,train,S1161R07,True,/Users/hrishi/Desktop/dev/Milestone1 BSAI/checkpoint_deliverable/data/casia_interval_strips/S1161R07.png,/Users/hrishi/Desktop/dev/Milestone1 BSAI/checkpoint_deliverable/data/casia_interval_strips_gt/S1161R07.png,True,True,,
/Users/hrishi/Desktop/dev/Milestone1 BSAI/checkpoint_deliverable/data/CASIA-Iris-Interval/161/R/S1161R06.jpg,1161_R,1161,R,train,S1161R06,True,/Users/hrishi/Desktop/dev/Milestone1 BSAI/checkpoint_deliverable/data/casia_interval_strips/S1161R06.png,/Users/hrishi/Desktop/dev/Milestone1 BSAI/checkpoint_deliverable/data/casia_interval_strips_gt/S1161R06.png,True,True,,
/Users/hrishi/Desktop/dev/Milestone1 BSAI/checkpoint_deliverable/data/CASIA-Iris-Interval/161/R/S1161R04.jpg,1161_R,1161,R,train,S1161R04,True,/Users/hrishi/Desktop/dev/Milestone1 BSAI/checkpoint_deliverable/data/casia_interval_strips/S1161R04.png,/Users/hrishi/Desktop/dev/Milestone1 BSAI/checkpoint_deliverable/data/casia_interval_strips_gt/S1161R04.png,True,True,,
/Users/hrishi/Desktop/dev/Milestone1 BSAI/checkpoint_deliverable/data/CASIA-Iris-Interval/161/R/S1161R10.jpg,1161_R,1161,R,train,S1161R10,True,/Users/hrishi/Desktop/dev/Milestone1 BSAI/checkpoint_deliverable/data/casia_interval_strips/S1161R10.png,/Users/hrishi/Desktop/dev/Milestone1 BSAI/checkpoint_deliverable/data/casia_interval_strips_gt/S1161R10.png,True,True,,
/Users/hrishi/Desktop/dev/Milestone1 BSAI/checkpoint_deliverable/data/CASIA-Iris-Interval/161/R/S1161R05.jpg,1161_R,1161,R,train,S1161R05,True,/Users/hrishi/Desktop/dev/Milestone1 BSAI/checkpoint_deliverable/data/casia_interval_strips/S1161R05.png,/Users/hrishi/Desktop/dev/Milestone1 BSAI/checkpoint_deliverable/data/casia_interval_strips_gt/S1161R05.png,True,True,,
/Users/hrishi/Desktop/dev/Milestone1 BSAI/checkpoint_deliverable/data/CASIA-Iris-Interval/161/L/S1161L09.jpg,1161_L,1161,L,train,S1161L09,True,/Users/hrishi/Desktop/dev/Milestone1 BSAI/checkpoint_deliverable/data/casia_interval_strips/S1161L09.png,/Users/hrishi/Desktop/dev/Milestone1 BSAI/checkpoint_deliverable/data/casia_interval_strips_gt/S1161L09.png,True,True,,
/Users/hrishi/Desktop/dev/Milestone1 BSAI/checkpoint_deliverable/data/CASIA-Iris-Interval/161/L/S1161L08.jpg,1161_L,1161,L,train,S1161L08,True,/Users/hrishi/Desktop/dev/Milestone1 BSAI/checkpoint_deliverable/data/casia_interval_strips/S1161L08.png,/Users/hrishi/Desktop/dev/Milestone1 BSAI/checkpoint_deliverable/data/casia_interval_strips_gt/S1161L08.png,True,True,,
/Users/hrishi/Desktop/dev/Milestone1 BSAI/checkpoint_deliverable/data/CASIA-Iris-Interval/161/L/S1161L06.jpg,1161_L,1161,L,train,S1161L06,True,/Users/hrishi/Desktop/dev/Milestone1 BSAI/checkpoint_deliverable/data/casia_interval_strips/S1161L06.png,/Users/hrishi/Desktop/dev/Milestone1 BSAI/checkpoint_deliverable/data/casia_interval_strips_gt/S1161L06.png,True,True,,
/Users/hrishi/Desktop/dev/Milestone1 BSAI/checkpoint_deliverable/data/CASIA-Iris-Interval/161/L/S1161L07.jpg,1161_L,1161,L,train,S1161L07,True,/Users/hrishi/Desktop/dev/Milestone1 BSAI/checkpoint_deliverable/data/casia_interval_strips/S1161L07.png,/Users/hrishi/Desktop/dev/Milestone1 BSAI/checkpoint_deliverable/data/casia_interval_strips_gt/S1161L07.png,True,True,,
/Users/hrishi/Desktop/dev/Milestone1 BSAI/checkpoint_deliverable/data/CASIA-Iris-Interval/161/L/S1161L05.jpg,1161_L,1161,L,train,S1161L05,True,/Users/hrishi/Desktop/dev/Milestone1 BSAI/checkpoint_deliverable/data/casia_interval_strips/S1161L05.png,/Users/hrishi/Desktop/dev/Milestone1 BSAI/checkpoint_deliverable/data/casia_interval_strips_gt/S1161L05.png,True,True,,
/Users/hrishi/Desktop/dev/Milestone1 BSAI/checkpoint_deliverable/data/CASIA-Iris-Interval/161/L/S1161L10.jpg,1161_L,1161,L,train,S1161L10,True,/Users/hrishi/Desktop/dev/Milestone1 BSAI/checkpoint_deliverable/data/casia_interval_strips/S1161L10.png,/Users/hrishi/Desktop/dev/Milestone1 BSAI/checkpoint_deliverable/data/casia_interval_strips_gt/S1161L10.png,True,True,,
/Users/hrishi/Desktop/dev/Milestone1 BSAI/checkpoint_deliverable/data/CASIA-Iris-Interval/161/L/S1161L04.jpg,1161_L,1161,L,train,S1161L04,True,/Users/hrishi/Desktop/dev/Milestone1 BSAI/checkpoint_deliverable/data/casia_interval_strips/S1161L04.png,/Users/hrishi/Desktop/dev/Milestone1 BSAI/checkpoint_deliverable/data/casia_interval_strips_gt/S1161L04.png,True,True,,
/Users/hrishi/Desktop/dev/Milestone1 BSAI/checkpoint_deliverable/data/CASIA-Iris-Interval/161/L/S1161L01.jpg,1161_L,1161,L,train,S1161L01,True,/Users/hrishi/Desktop/dev/Milestone1 BSAI/checkpoint_deliverable/data/casia_interval_strips/S1161L01.png,/Users/hrishi/Desktop/dev/Milestone1 BSAI/checkpoint_deliverable/data/casia_interval_strips_gt/S1161L01.png,True,True,,
/Users/hrishi/Desktop/dev/Milestone1 BSAI/checkpoint_deliverable/data/CASIA-Iris-Interval/161/L/S1161L03.jpg,1161_L,1161,L,train,S1161L03,True,/Users/hrishi/Desktop/dev/Milestone1 BSAI/checkpoint_deliverable/data/casia_interval_strips/S1161L03.png,/Users/hrishi/Desktop/dev/Milestone1 BSAI/checkpoint_deliverable/data/casia_interval_strips_gt/S1161L03.png,True,True,,
/Users/hrishi/Desktop/dev/Milestone1 BSAI/checkpoint_deliverable/data/CASIA-Iris-Interval/161/L/S1161L02.jpg,1161_L,1161,L,train,S1161L02,True,/Users/hrishi/Desktop/dev/Milestone1 BSAI/checkpoint_deliverable/data/casia_interval_strips/S1161L02.png,/Users/hrishi/Desktop/dev/Milestone1 BSAI/checkpoint_deliverable/data/casia_interval_strips_gt/S1161L02.png,True,True,,
/Users/hrishi/Desktop/dev/Milestone1 BSAI/checkpoint_deliverable/data/CASIA-Iris-Interval/102/R/S1102R01.jpg,1102_R,1102,R,train,S1102R01,True,/Users/hrishi/Desktop/dev/Milestone1 BSAI/checkpoint_deliverable/data/casia_interval_strips/S1102R01.png,/Users/hrishi/Desktop/dev/Milestone1 BSAI/checkpoint_deliverable/data/casia_interval_strips_gt/S1102R01.png,True,True,,
/Users/hrishi/Desktop/dev/Milestone1 BSAI/checkpoint_deliverable/data/CASIA-Iris-Interval/102/R/S1102R02.jpg,1102_R,1102,R,train,S1102R02,True,/Users/hrishi/Desktop/dev/Milestone1 BSAI/checkpoint_deliverable/data/casia_interval_strips/S1102R02.png,/Users/hrishi/Desktop/dev/Milestone1 BSAI/checkpoint_deliverable/data/casia_interval_strips_gt/S1102R02.png,True,True,,
/Users/hrishi/Desktop/dev/Milestone1 BSAI/checkpoint_deliverable/data/CASIA-Iris-Interval/102/R/S1102R03.jpg,1102_R,1102,R,train,S1102R03,True,/Users/hrishi/Desktop/dev/Milestone1 BSAI/checkpoint_deliverable/data/casia_interval_strips/S1102R03.png,/Users/hrishi/Desktop/dev/Milestone1 BSAI/checkpoint_deliverable/data/casia_interval_strips_gt/S1102R03.png,True,True,,
/Users/hrishi/Desktop/dev/Milestone1 BSAI/checkpoint_deliverable/data/CASIA-Iris-Interval/102/R/S1102R07.jpg,1102_R,1102,R,train,S1102R07,True,/Users/hrishi/Desktop/dev/Milestone1 BSAI/checkpoint_deliverable/data/casia_interval_strips/S1102R07.png,/Users/hrishi/Desktop/dev/Milestone1 BSAI/checkpoint_deliverable/data/casia_interval_strips_gt/S1102R07.png,True,True,,
/Users/hrishi/Desktop/dev/Milestone1 BSAI/checkpoint_deliverable/data/CASIA-Iris-Interval/102/R/S1102R06.jpg,1102_R,1102,R,train,S1102R06,True,/Users/hrishi/Desktop/dev/Milestone1 BSAI/checkpoint_deliverable/data/casia_interval_strips/S1102R06.png,/Users/hrishi/Desktop/dev/Milestone1 BSAI/checkpoint_deliverable/data/casia_interval_strips_gt/S1102R06.png,True,True,,
/Users/hrishi/Desktop/dev/Milestone1 BSAI/checkpoint_deliverable/data/CASIA-Iris-Interval/102/R/S1102R04.jpg,1102_R,1102,R,train,S1102R04,True,/Users/hrishi/Desktop/dev/Milestone1 BSAI/checkpoint_deliverable/data/casia_interval_strips/S1102R04.png,/Users/hrishi/Desktop/dev/Milestone1 BSAI/checkpoint_deliverable/data/casia_interval_strips_gt/S1102R04.png,True,True,,
/Users/hrishi/Desktop/dev/Milestone1 BSAI/checkpoint_deliverable/data/CASIA-Iris-Interval/102/R/S1102R05.jpg,1102_R,1102,R,train,S1102R05,True,/Users/hrishi/Desktop/dev/Milestone1 BSAI/checkpoint_deliverable/data/casia_interval_strips/S1102R05.png,/Users/hrishi/Desktop/dev/Milestone1 BSAI/checkpoint_deliverable/data/casia_interval_strips_gt/S1102R05.png,True,True,,
/Users/hrishi/Desktop/dev/Milestone1 BSAI/checkpoint_deliverable/data/CASIA-Iris-Interval/102/L/S1102L06.jpg,1102_L,1102,L,test,S1102L06,True,/Users/hrishi/Desktop/dev/Milestone1 BSAI/checkpoint_deliverable/data/casia_interval_strips/S1102L06.png,/Users/hrishi/Desktop/dev/Milestone1 BSAI/checkpoint_deliverable/data/casia_interval_strips_gt/S1102L06.png,True,True,,
/Users/hrishi/Desktop/dev/Milestone1 BSAI/checkpoint_deliverable/data/CASIA-Iris-Interval/102/L/S1102L07.jpg,1102_L,1102,L,test,S1102L07,True,/Users/hrishi/Desktop/dev/Milestone1 BSAI/checkpoint_deliverable/data/casia_interval_strips/S1102L07.png,/Users/hrishi/Desktop/dev/Milestone1 BSAI/checkpoint_deliverable/data/casia_interval_strips_gt/S1102L07.png,True,True,,
/Users/hrishi/Desktop/dev/Milestone1 BSAI/checkpoint_deliverable/data/CASIA-Iris-Interval/102/L/S1102L05.jpg,1102_L,1102,L,test,S1102L05,True,/Users/hrishi/Desktop/dev/Milestone1 BSAI/checkpoint_deliverable/data/casia_interval_strips/S1102L05.png,/Users/hrishi/Desktop/dev/Milestone1 BSAI/checkpoint_deliverable/data/casia_interval_strips_gt/S1102L05.png,True,True,,
/Users/hrishi/Desktop/dev/Milestone1 BSAI/checkpoint_deliverable/data/CASIA-Iris-Interval/102/L/S1102L04.jpg,1102_L,1102,L,test,S1102L04,True,/Users/hrishi/Desktop/dev/Milestone1 BSAI/checkpoint_deliverable/data/casia_interval_strips/S1102L04.png,/Users/hrishi/Desktop/dev/Milestone1 BSAI/checkpoint_deliverable/data/casia_interval_strips_gt/S1102L04.png,True,True,,
/Users/hrishi/Desktop/dev/Milestone1 BSAI/checkpoint_deliverable/data/CASIA-Iris-Interval/102/L/S1102L01.jpg,1102_L,1102,L,test,S1102L01,True,/Users/hrishi/Desktop/dev/Milestone1 BSAI/checkpoint_deliverable/data/casia_interval_strips/S1102L01.png,/Users/hrishi/Desktop/dev/Milestone1 BSAI/checkpoint_deliverable/data/casia_interval_strips_gt/S1102L01.png,True,True,,
/Users/hrishi/Desktop/dev/Milestone1 BSAI/checkpoint_deliverable/data/CASIA-Iris-Interval/102/L/S1102L03.jpg,1102_L,1102,L,test,S1102L03,True,/Users/hrishi/Desktop/dev/Milestone1 BSAI/checkpoint_deliverable/data/casia_interval_strips/S1102L03.png,/Users/hrishi/Desktop/dev/Milestone1 BSAI/checkpoint_deliverable/data/casia_interval_strips_gt/S1102L03.png,True,True,,
/Users/hrishi/Desktop/dev/Milestone1 BSAI/checkpoint_deliverable/data/CASIA-Iris-Interval/102/L/S1102L02.jpg,1102_L,1102,L,test,S1102L02,True,/Users/hrishi/Desktop/dev/Milestone1 BSAI/checkpoint_deliverable/data/casia_interval_strips/S1102L02.png,/Users/hrishi/Desktop/dev/Milestone1 BSAI/checkpoint_deliverable/data/casia_interval_strips_gt/S1102L02.png,True,True,,
/Users/hrishi/Desktop/dev/Milestone1 BSAI/checkpoint_deliverable/data/CASIA-Iris-Interval/105/R/S1105R01.jpg,1105_R,1105,R,val,S1105R01,True,/Users/hrishi/Desktop/dev/Milestone1 BSAI/checkpoint_deliverable/data/casia_interval_strips/S1105R01.png,/Users/hrishi/Desktop/dev/Milestone1 BSAI/checkpoint_deliverable/data/casia_interval_strips_gt/S1105R01.png,True,True,,
/Users/hrishi/Desktop/dev/Milestone1 BSAI/checkpoint_deliverable/data/CASIA-Iris-Interval/105/R/S1105R02.jpg,1105_R,1105,R,val,S1105R02,True,/Users/hrishi/Desktop/dev/Milestone1 BSAI/checkpoint_deliverable/data/casia_interval_strips/S1105R02.png,/Users/hrishi/Desktop/dev/Milestone1 BSAI/checkpoint_deliverable/data/casia_interval_strips_gt/S1105R02.png,True,True,,
/Users/hrishi/Desktop/dev/Milestone1 BSAI/checkpoint_deliverable/data/CASIA-Iris-Interval/105/R/S1105R03.jpg,1105_R,1105,R,val,S1105R03,True,/Users/hrishi/Desktop/dev/Milestone1 BSAI/checkpoint_deliverable/data/casia_interval_strips/S1105R03.png,/Users/hrishi/Desktop/dev/Milestone1 BSAI/checkpoint_deliverable/data/casia_interval_strips_gt/S1105R03.png,True,True,,
/Users/hrishi/Desktop/dev/Milestone1 BSAI/checkpoint_deliverable/data/CASIA-Iris-Interval/105/R/S1105R07.jpg,1105_R,1105,R,val,S1105R07,True,/Users/hrishi/Desktop/dev/Milestone1 BSAI/checkpoint_deliverable/data/casia_interval_strips/S1105R07.png,/Users/hrishi/Desktop/dev/Milestone1 BSAI/checkpoint_deliverable/data/casia_interval_strips_gt/S1105R07.png,True,True,,
/Users/hrishi/Desktop/dev/Milestone1 BSAI/checkpoint_deliverable/data/CASIA-Iris-Interval/105/R/S1105R06.jpg,1105_R,1105,R,val,S1105R06,True,/Users/hrishi/Desktop/dev/Milestone1 BSAI/checkpoint_deliverable/data/casia_interval_strips/S1105R06.png,/Users/hrishi/Desktop/dev/Milestone1 BSAI/checkpoint_deliverable/data/casia_interval_strips_gt/S1105R06.png,True,True,,
/Users/hrishi/Desktop/dev/Milestone1 BSAI/checkpoint_deliverable/data/CASIA-Iris-Interval/105/R/S1105R04.jpg,1105_R,1105,R,val,S1105R04,True,/Users/hrishi/Desktop/dev/Milestone1 BSAI/checkpoint_deliverable/data/casia_interval_strips/S1105R04.png,/Users/hrishi/Desktop/dev/Milestone1 BSAI/checkpoint_deliverable/data/casia_interval_strips_gt/S1105R04.png,True,True,,
/Users/hrishi/Desktop/dev/Milestone1 BSAI/checkpoint_deliverable/data/CASIA-Iris-Interval/105/R/S1105R05.jpg,1105_R,1105,R,val,S1105R05,True,/Users/hrishi/Desktop/dev/Milestone1 BSAI/checkpoint_deliverable/data/casia_interval_strips/S1105R05.png,/Users/hrishi/Desktop/dev/Milestone1 BSAI/checkpoint_deliverable/data/casia_interval_strips_gt/S1105R05.png,True,True,,
/Users/hrishi/Desktop/dev/Milestone1 BSAI/checkpoint_deliverable/data/CASIA-Iris-Interval/105/L/S1105L06.jpg,1105_L,1105,L,train,S1105L06,True,/Users/hrishi/Desktop/dev/Milestone1 BSAI/checkpoint_deliverable/data/casia_interval_strips/S1105L06.png,/Users/hrishi/Desktop/dev/Milestone1 BSAI/checkpoint_deliverable/data/casia_interval_strips_gt/S1105L06.png,True,True,,
/Users/hrishi/Desktop/dev/Milestone1 BSAI/checkpoint_deliverable/data/CASIA-Iris-Interval/105/L/S1105L07.jpg,1105_L,1105,L,train,S1105L07,True,/Users/hrishi/Desktop/dev/Milestone1 BSAI/checkpoint_deliverable/data/casia_interval_strips/S1105L07.png,/Users/hrishi/Desktop/dev/Milestone1 BSAI/checkpoint_deliverable/data/casia_interval_strips_gt/S1105L07.png,True,True,,
/Users/hrishi/Desktop/dev/Milestone1 BSAI/checkpoint_deliverable/data/CASIA-Iris-Interval/105/L/S1105L05.jpg,1105_L,1105,L,train,S1105L05,True,/Users/hrishi/Desktop/dev/Milestone1 BSAI/checkpoint_deliverable/data/casia_interval_strips/S1105L05.png,/Users/hrishi/Desktop/dev/Milestone1 BSAI/checkpoint_deliverable/data/casia_interval_strips_gt/S1105L05.png,True,True,,
/Users/hrishi/Desktop/dev/Milestone1 BSAI/checkpoint_deliverable/data/CASIA-Iris-Interval/105/L/S1105L04.jpg,1105_L,1105,L,train,S1105L04,True,/Users/hrishi/Desktop/dev/Milestone1 BSAI/checkpoint_deliverable/data/casia_interval_strips/S1105L04.png,/Users/hrishi/Desktop/dev/Milestone1 BSAI/checkpoint_deliverable/data/casia_interval_strips_gt/S1105L04.png,True,True,,
/Users/hrishi/Desktop/dev/Milestone1 BSAI/checkpoint_deliverable/data/CASIA-Iris-Interval/105/L/S1105L01.jpg,1105_L,1105,L,train,S1105L01,True,/Users/hrishi/Desktop/dev/Milestone1 BSAI/checkpoint_deliverable/data/casia_interval_strips/S1105L01.png,/Users/hrishi/Desktop/dev/Milestone1 BSAI/checkpoint_deliverable/data/casia_interval_strips_gt/S1105L01.png,True,True,,
/Users/hrishi/Desktop/dev/Milestone1 BSAI/checkpoint_deliverable/data/CASIA-Iris-Interval/105/L/S1105L03.jpg,1105_L,1105,L,train,S1105L03,True,/Users/hrishi/Desktop/dev/Milestone1 BSAI/checkpoint_deliverable/data/casia_interval_strips/S1105L03.png,/Users/hrishi/Desktop/dev/Milestone1 BSAI/checkpoint_deliverable/data/casia_interval_strips_gt/S1105L03.png,True,True,,
/Users/hrishi/Desktop/dev/Milestone1 BSAI/checkpoint_deliverable/data/CASIA-Iris-Interval/105/L/S1105L02.jpg,1105_L,1105,L,train,S1105L02,True,/Users/hrishi/Desktop/dev/Milestone1 BSAI/checkpoint_deliverable/data/casia_interval_strips/S1105L02.png,/Users/hrishi/Desktop/dev/Milestone1 BSAI/checkpoint_deliverable/data/casia_interval_strips_gt/S1105L02.png,True,True,,
/Users/hrishi/Desktop/dev/Milestone1 BSAI/checkpoint_deliverable/data/CASIA-Iris-Interval/133/R/S1133R01.jpg,1133_R,1133,R,val,S1133R01,True,/Users/hrishi/Desktop/dev/Milestone1 BSAI/checkpoint_deliverable/data/casia_interval_strips/S1133R01.png,/Users/hrishi/Desktop/dev/Milestone1 BSAI/checkpoint_deliverable/data/casia_interval_strips_gt/S1133R01.png,True,True,,
/Users/hrishi/Desktop/dev/Milestone1 BSAI/checkpoint_deliverable/data/CASIA-Iris-Interval/133/R/S1133R03.jpg,1133_R,1133,R,val,S1133R03,True,/Users/hrishi/Desktop/dev/Milestone1 BSAI/checkpoint_deliverable/data/casia_interval_strips/S1133R03.png,/Users/hrishi/Desktop/dev/Milestone1 BSAI/checkpoint_deliverable/data/casia_interval_strips_gt/S1133R03.png,True,True,,
/Users/hrishi/Desktop/dev/Milestone1 BSAI/checkpoint_deliverable/data/CASIA-Iris-Interval/133/R/S1133R02.jpg,1133_R,1133,R,val,S1133R02,True,/Users/hrishi/Desktop/dev/Milestone1 BSAI/checkpoint_deliverable/data/casia_interval_strips/S1133R02.png,/Users/hrishi/Desktop/dev/Milestone1 BSAI/checkpoint_deliverable/data/casia_interval_strips_gt/S1133R02.png,True,True,,
/Users/hrishi/Desktop/dev/Milestone1 BSAI/checkpoint_deliverable/data/CASIA-Iris-Interval/133/R/S1133R06.jpg,1133_R,1133,R,val,S1133R06,True,/Users/hrishi/Desktop/dev/Milestone1 BSAI/checkpoint_deliverable/data/casia_interval_strips/S1133R06.png,/Users/hrishi/Desktop/dev/Milestone1 BSAI/checkpoint_deliverable/data/casia_interval_strips_gt/S1133R06.png,True,True,,
/Users/hrishi/Desktop/dev/Milestone1 BSAI/checkpoint_deliverable/data/CASIA-Iris-Interval/133/R/S1133R07.jpg,1133_R,1133,R,val,S1133R07,True,/Users/hrishi/Desktop/dev/Milestone1 BSAI/checkpoint_deliverable/data/casia_interval_strips/S1133R07.png,/Users/hrishi/Desktop/dev/Milestone1 BSAI/checkpoint_deliverable/data/casia_interval_strips_gt/S1133R07.png,True,True,,
/Users/hrishi/Desktop/dev/Milestone1 BSAI/checkpoint_deliverable/data/CASIA-Iris-Interval/133/R/S1133R05.jpg,1133_R,1133,R,val,S1133R05,True,/Users/hrishi/Desktop/dev/Milestone1 BSAI/checkpoint_deliverable/data/casia_interval_strips/S1133R05.png,/Users/hrishi/Desktop/dev/Milestone1 BSAI/checkpoint_deliverable/data/casia_interval_strips_gt/S1133R05.png,True,True,,
/Users/hrishi/Desktop/dev/Milestone1 BSAI/checkpoint_deliverable/data/CASIA-Iris-Interval/133/R/S1133R04.jpg,1133_R,1133,R,val,S1133R04,True,/Users/hrishi/Desktop/dev/Milestone1 BSAI/checkpoint_deliverable/data/casia_interval_strips/S1133R04.png,/Users/hrishi/Desktop/dev/Milestone1 BSAI/checkpoint_deliverable/data/casia_interval_strips_gt/S1133R04.png,True,True,,
/Users/hrishi/Desktop/dev/Milestone1 BSAI/checkpoint_deliverable/data/CASIA-Iris-Interval/133/L/S1133L06.jpg,1133_L,1133,L,train,S1133L06,True,/Users/hrishi/Desktop/dev/Milestone1 BSAI/checkpoint_deliverable/data/casia_interval_strips/S1133L06.png,/Users/hrishi/Desktop/dev/Milestone1 BSAI/checkpoint_deliverable/data/casia_interval_strips_gt/S1133L06.png,True,True,,
/Users/hrishi/Desktop/dev/Milestone1 BSAI/checkpoint_deliverable/data/CASIA-Iris-Interval/133/L/S1133L04.jpg,1133_L,1133,L,train,S1133L04,True,/Users/hrishi/Desktop/dev/Milestone1 BSAI/checkpoint_deliverable/data/casia_interval_strips/S1133L04.png,/Users/hrishi/Desktop/dev/Milestone1 BSAI/checkpoint_deliverable/data/casia_interval_strips_gt/S1133L04.png,True,True,,
/Users/hrishi/Desktop/dev/Milestone1 BSAI/checkpoint_deliverable/data/CASIA-Iris-Interval/133/L/S1133L05.jpg,1133_L,1133,L,train,S1133L05,True,/Users/hrishi/Desktop/dev/Milestone1 BSAI/checkpoint_deliverable/data/casia_interval_strips/S1133L05.png,/Users/hrishi/Desktop/dev/Milestone1 BSAI/checkpoint_deliverable/data/casia_interval_strips_gt/S1133L05.png,True,True,,
/Users/hrishi/Desktop/dev/Milestone1 BSAI/checkpoint_deliverable/data/CASIA-Iris-Interval/133/L/S1133L01.jpg,1133_L,1133,L,train,S1133L01,True,/Users/hrishi/Desktop/dev/Milestone1 BSAI/checkpoint_deliverable/data/casia_interval_strips/S1133L01.png,/Users/hrishi/Desktop/dev/Milestone1 BSAI/checkpoint_deliverable/data/casia_interval_strips_gt/S1133L01.png,True,True,,
/Users/hrishi/Desktop/dev/Milestone1 BSAI/checkpoint_deliverable/data/CASIA-Iris-Interval/133/L/S1133L02.jpg,1133_L,1133,L,train,S1133L02,True,/Users/hrishi/Desktop/dev/Milestone1 BSAI/checkpoint_deliverable/data/casia_interval_strips/S1133L02.png,/Users/hrishi/Desktop/dev/Milestone1 BSAI/checkpoint_deliverable/data/casia_interval_strips_gt/S1133L02.png,True,True,,
/Users/hrishi/Desktop/dev/Milestone1 BSAI/checkpoint_deliverable/data/CASIA-Iris-Interval/133/L/S1133L03.jpg,1133_L,1133,L,train,S1133L03,True,/Users/hrishi/Desktop/dev/Milestone1 BSAI/checkpoint_deliverable/data/casia_interval_strips/S1133L03.png,/Users/hrishi/Desktop/dev/Milestone1 BSAI/checkpoint_deliverable/data/casia_interval_strips_gt/S1133L03.png,True,True,,
/Users/hrishi/Desktop/dev/Milestone1 BSAI/checkpoint_deliverable/data/CASIA-Iris-Interval/134/R/S1134R01.jpg,1134_R,1134,R,train,S1134R01,True,/Users/hrishi/Desktop/dev/Milestone1 BSAI/checkpoint_deliverable/data/casia_interval_strips/S1134R01.png,/Users/hrishi/Desktop/dev/Milestone1 BSAI/checkpoint_deliverable/data/casia_interval_strips_gt/S1134R01.png,True,True,,
/Users/hrishi/Desktop/dev/Milestone1 BSAI/checkpoint_deliverable/data/CASIA-Iris-Interval/134/R/S1134R03.jpg,1134_R,1134,R,train,S1134R03,True,/Users/hrishi/Desktop/dev/Milestone1 BSAI/checkpoint_deliverable/data/casia_interval_strips/S1134R03.png,/Users/hrishi/Desktop/dev/Milestone1 BSAI/checkpoint_deliverable/data/casia_interval_strips_gt/S1134R03.png,True,True,,
/Users/hrishi/Desktop/dev/Milestone1 BSAI/checkpoint_deliverable/data/CASIA-Iris-Interval/134/R/S1134R02.jpg,1134_R,1134,R,train,S1134R02,True,/Users/hrishi/Desktop/dev/Milestone1 BSAI/checkpoint_deliverable/data/casia_interval_strips/S1134R02.png,/Users/hrishi/Desktop/dev/Milestone1 BSAI/checkpoint_deliverable/data/casia_interval_strips_gt/S1134R02.png,True,True,,
/Users/hrishi/Desktop/dev/Milestone1 BSAI/checkpoint_deliverable/data/CASIA-Iris-Interval/134/R/S1134R06.jpg,1134_R,1134,R,train,S1134R06,True,/Users/hrishi/Desktop/dev/Milestone1 BSAI/checkpoint_deliverable/data/casia_interval_strips/S1134R06.png,/Users/hrishi/Desktop/dev/Milestone1 BSAI/checkpoint_deliverable/data/casia_interval_strips_gt/S1134R06.png,True,True,,
/Users/hrishi/Desktop/dev/Milestone1 BSAI/checkpoint_deliverable/data/CASIA-Iris-Interval/134/R/S1134R07.jpg,1134_R,1134,R,train,S1134R07,True,/Users/hrishi/Desktop/dev/Milestone1 BSAI/checkpoint_deliverable/data/casia_interval_strips/S1134R07.png,/Users/hrishi/Desktop/dev/Milestone1 BSAI/checkpoint_deliverable/data/casia_interval_strips_gt/S1134R07.png,True,True,,
/Users/hrishi/Desktop/dev/Milestone1 BSAI/checkpoint_deliverable/data/CASIA-Iris-Interval/134/R/S1134R05.jpg,1134_R,1134,R,train,S1134R05,True,/Users/hrishi/Desktop/dev/Milestone1 BSAI/checkpoint_deliverable/data/casia_interval_strips/S1134R05.png,/Users/hrishi/Desktop/dev/Milestone1 BSAI/checkpoint_deliverable/data/casia_interval_strips_gt/S1134R05.png,True,True,,
/Users/hrishi/Desktop/dev/Milestone1 BSAI/checkpoint_deliverable/data/CASIA-Iris-Interval/134/R/S1134R04.jpg,1134_R,1134,R,train,S1134R04,True,/Users/hrishi/Desktop/dev/Milestone1 BSAI/checkpoint_deliverable/data/casia_interval_strips/S1134R04.png,/Users/hrishi/Desktop/dev/Milestone1 BSAI/checkpoint_deliverable/data/casia_interval_strips_gt/S1134R04.png,True,True,,
/Users/hrishi/Desktop/dev/Milestone1 BSAI/checkpoint_deliverable/data/CASIA-Iris-Interval/134/L/S1134L07.jpg,1134_L,1134,L,val,S1134L07,True,/Users/hrishi/Desktop/dev/Milestone1 BSAI/checkpoint_deliverable/data/casia_interval_strips/S1134L07.png,/Users/hrishi/Desktop/dev/Milestone1 BSAI/checkpoint_deliverable/data/casia_interval_strips_gt/S1134L07.png,True,True,,
/Users/hrishi/Desktop/dev/Milestone1 BSAI/checkpoint_deliverable/data/CASIA-Iris-Interval/134/L/S1134L06.jpg,1134_L,1134,L,val,S1134L06,True,/Users/hrishi/Desktop/dev/Milestone1 BSAI/checkpoint_deliverable/data/casia_interval_strips/S1134L06.png,/Users/hrishi/Desktop/dev/Milestone1 BSAI/checkpoint_deliverable/data/casia_interval_strips_gt/S1134L06.png,True,True,,
/Users/hrishi/Desktop/dev/Milestone1 BSAI/checkpoint_deliverable/data/CASIA-Iris-Interval/134/L/S1134L04.jpg,1134_L,1134,L,val,S1134L04,True,/Users/hrishi/Desktop/dev/Milestone1 BSAI/checkpoint_deliverable/data/casia_interval_strips/S1134L04.png,/Users/hrishi/Desktop/dev/Milestone1 BSAI/checkpoint_deliverable/data/casia_interval_strips_gt/S1134L04.png,True,True,,
/Users/hrishi/Desktop/dev/Milestone1 BSAI/checkpoint_deliverable/data/CASIA-Iris-Interval/134/L/S1134L05.jpg,1134_L,1134,L,val,S1134L05,True,/Users/hrishi/Desktop/dev/Milestone1 BSAI/checkpoint_deliverable/data/casia_interval_strips/S1134L05.png,/Users/hrishi/Desktop/dev/Milestone1 BSAI/checkpoint_deliverable/data/casia_interval_strips_gt/S1134L05.png,True,True,,
/Users/hrishi/Desktop/dev/Milestone1 BSAI/checkpoint_deliverable/data/CASIA-Iris-Interval/134/L/S1134L01.jpg,1134_L,1134,L,val,S1134L01,True,/Users/hrishi/Desktop/dev/Milestone1 BSAI/checkpoint_deliverable/data/casia_interval_strips/S1134L01.png,/Users/hrishi/Desktop/dev/Milestone1 BSAI/checkpoint_deliverable/data/casia_interval_strips_gt/S1134L01.png,True,True,,
/Users/hrishi/Desktop/dev/Milestone1 BSAI/checkpoint_deliverable/data/CASIA-Iris-Interval/134/L/S1134L02.jpg,1134_L,1134,L,val,S1134L02,True,/Users/hrishi/Desktop/dev/Milestone1 BSAI/checkpoint_deliverable/data/casia_interval_strips/S1134L02.png,/Users/hrishi/Desktop/dev/Milestone1 BSAI/checkpoint_deliverable/data/casia_interval_strips_gt/S1134L02.png,True,True,,
/Users/hrishi/Desktop/dev/Milestone1 BSAI/checkpoint_deliverable/data/CASIA-Iris-Interval/134/L/S1134L03.jpg,1134_L,1134,L,val,S1134L03,True,/Users/hrishi/Desktop/dev/Milestone1 BSAI/checkpoint_deliverable/data/casia_interval_strips/S1134L03.png,/Users/hrishi/Desktop/dev/Milestone1 BSAI/checkpoint_deliverable/data/casia_interval_strips_gt/S1134L03.png,True,True,,
/Users/hrishi/Desktop/dev/Milestone1 BSAI/checkpoint_deliverable/data/CASIA-Iris-Interval/160/R/S1160R03.jpg,1160_R,1160,R,train,S1160R03,True,/Users/hrishi/Desktop/dev/Milestone1 BSAI/checkpoint_deliverable/data/casia_interval_strips/S1160R03.png,/Users/hrishi/Desktop/dev/Milestone1 BSAI/checkpoint_deliverable/data/casia_interval_strips_gt/S1160R03.png,True,True,,
/Users/hrishi/Desktop/dev/Milestone1 BSAI/checkpoint_deliverable/data/CASIA-Iris-Interval/160/R/S1160R02.jpg,1160_R,1160,R,train,S1160R02,True,/Users/hrishi/Desktop/dev/Milestone1 BSAI/checkpoint_deliverable/data/casia_interval_strips/S1160R02.png,/Users/hrishi/Desktop/dev/Milestone1 BSAI/checkpoint_deliverable/data/casia_interval_strips_gt/S1160R02.png,True,True,,
/Users/hrishi/Desktop/dev/Milestone1 BSAI/checkpoint_deliverable/data/CASIA-Iris-Interval/160/R/S1160R01.jpg,1160_R,1160,R,train,S1160R01,True,/Users/hrishi/Desktop/dev/Milestone1 BSAI/checkpoint_deliverable/data/casia_interval_strips/S1160R01.png,/Users/hrishi/Desktop/dev/Milestone1 BSAI/checkpoint_deliverable/data/casia_interval_strips_gt/S1160R01.png,True,True,,
/Users/hrishi/Desktop/dev/Milestone1 BSAI/checkpoint_deliverable/data/CASIA-Iris-Interval/160/R/S1160R05.jpg,1160_R,1160,R,train,S1160R05,True,/Users/hrishi/Desktop/dev/Milestone1 BSAI/checkpoint_deliverable/data/casia_interval_strips/S1160R05.png,/Users/hrishi/Desktop/dev/Milestone1 BSAI/checkpoint_deliverable/data/casia_interval_strips_gt/S1160R05.png,True,True,,
/Users/hrishi/Desktop/dev/Milestone1 BSAI/checkpoint_deliverable/data/CASIA-Iris-Interval/160/R/S1160R04.jpg,1160_R,1160,R,train,S1160R04,True,/Users/hrishi/Desktop/dev/Milestone1 BSAI/checkpoint_deliverable/data/casia_interval_strips/S1160R04.png,/Users/hrishi/Desktop/dev/Milestone1 BSAI/checkpoint_deliverable/data/casia_interval_strips_gt/S1160R04.png,True,True,,
/Users/hrishi/Desktop/dev/Milestone1 BSAI/checkpoint_deliverable/data/CASIA-Iris-Interval/160/R/S1160R06.jpg,1160_R,1160,R,train,S1160R06,True,/Users/hrishi/Desktop/dev/Milestone1 BSAI/checkpoint_deliverable/data/casia_interval_strips/S1160R06.png,/Users/hrishi/Desktop/dev/Milestone1 BSAI/checkpoint_deliverable/data/casia_interval_strips_gt/S1160R06.png,True,True,,
/Users/hrishi/Desktop/dev/Milestone1 BSAI/checkpoint_deliverable/data/CASIA-Iris-Interval/160/R/S1160R07.jpg,1160_R,1160,R,train,S1160R07,True,/Users/hrishi/Desktop/dev/Milestone1 BSAI/checkpoint_deliverable/data/casia_interval_strips/S1160R07.png,/Users/hrishi/Desktop/dev/Milestone1 BSAI/checkpoint_deliverable/data/casia_interval_strips_gt/S1160R07.png,True,True,,
/Users/hrishi/Desktop/dev/Milestone1 BSAI/checkpoint_deliverable/data/CASIA-Iris-Interval/160/L/S1160L04.jpg,1160_L,1160,L,test,S1160L04,True,/Users/hrishi/Desktop/dev/Milestone1 BSAI/checkpoint_deliverable/data/casia_interval_strips/S1160L04.png,/Users/hrishi/Desktop/dev/Milestone1 BSAI/checkpoint_deliverable/data/casia_interval_strips_gt/S1160L04.png,True,True,,
/Users/hrishi/Desktop/dev/Milestone1 BSAI/checkpoint_deliverable/data/CASIA-Iris-Interval/160/L/S1160L10.jpg,1160_L,1160,L,test,S1160L10,True,/Users/hrishi/Desktop/dev/Milestone1 BSAI/checkpoint_deliverable/data/casia_interval_strips/S1160L10.png,/Users/hrishi/Desktop/dev/Milestone1 BSAI/checkpoint_deliverable/data/casia_interval_strips_gt/S1160L10.png,True,True,,
/Users/hrishi/Desktop/dev/Milestone1 BSAI/checkpoint_deliverable/data/CASIA-Iris-Interval/160/L/S1160L05.jpg,1160_L,1160,L,test,S1160L05,True,/Users/hrishi/Desktop/dev/Milestone1 BSAI/checkpoint_deliverable/data/casia_interval_strips/S1160L05.png,/Users/hrishi/Desktop/dev/Milestone1 BSAI/checkpoint_deliverable/data/casia_interval_strips_gt/S1160L05.png,True,True,,
/Users/hrishi/Desktop/dev/Milestone1 BSAI/checkpoint_deliverable/data/CASIA-Iris-Interval/160/L/S1160L07.jpg,1160_L,1160,L,test,S1160L07,True,/Users/hrishi/Desktop/dev/Milestone1 BSAI/checkpoint_deliverable/data/casia_interval_strips/S1160L07.png,/Users/hrishi/Desktop/dev/Milestone1 BSAI/checkpoint_deliverable/data/casia_interval_strips_gt/S1160L07.png,True,True,,
/Users/hrishi/Desktop/dev/Milestone1 BSAI/checkpoint_deliverable/data/CASIA-Iris-Interval/160/L/S1160L06.jpg,1160_L,1160,L,test,S1160L06,True,/Users/hrishi/Desktop/dev/Milestone1 BSAI/checkpoint_deliverable/data/casia_interval_strips/S1160L06.png,/Users/hrishi/Desktop/dev/Milestone1 BSAI/checkpoint_deliverable/data/casia_interval_strips_gt/S1160L06.png,True,True,,
/Users/hrishi/Desktop/dev/Milestone1 BSAI/checkpoint_deliverable/data/CASIA-Iris-Interval/160/L/S1160L02.jpg,1160_L,1160,L,test,S1160L02,True,/Users/hrishi/Desktop/dev/Milestone1 BSAI/checkpoint_deliverable/data/casia_interval_strips/S1160L02.png,/Users/hrishi/Desktop/dev/Milestone1 BSAI/checkpoint_deliverable/data/casia_interval_strips_gt/S1160L02.png,True,True,,
/Users/hrishi/Desktop/dev/Milestone1 BSAI/checkpoint_deliverable/data/CASIA-Iris-Interval/160/L/S1160L03.jpg,1160_L,1160,L,test,S1160L03,True,/Users/hrishi/Desktop/dev/Milestone1 BSAI/checkpoint_deliverable/data/casia_interval_strips/S1160L03.png,/Users/hrishi/Desktop/dev/Milestone1 BSAI/checkpoint_deliverable/data/casia_interval_strips_gt/S1160L03.png,True,True,,
/Users/hrishi/Desktop/dev/Milestone1 BSAI/checkpoint_deliverable/data/CASIA-Iris-Interval/160/L/S1160L01.jpg,1160_L,1160,L,test,S1160L01,True,/Users/hrishi/Desktop/dev/Milestone1 BSAI/checkpoint_deliverable/data/casia_interval_strips/S1160L01.png,/Users/hrishi/Desktop/dev/Milestone1 BSAI/checkpoint_deliverable/data/casia_interval_strips_gt/S1160L01.png,True,True,,
/Users/hrishi/Desktop/dev/Milestone1 BSAI/checkpoint_deliverable/data/CASIA-Iris-Interval/160/L/S1160L08.jpg,1160_L,1160,L,test,S1160L08,True,/Users/hrishi/Desktop/dev/Milestone1 BSAI/checkpoint_deliverable/data/casia_interval_strips/S1160L08.png,/Users/hrishi/Desktop/dev/Milestone1 BSAI/checkpoint_deliverable/data/casia_interval_strips_gt/S1160L08.png,True,True,,
/Users/hrishi/Desktop/dev/Milestone1 BSAI/checkpoint_deliverable/data/CASIA-Iris-Interval/160/L/S1160L09.jpg,1160_L,1160,L,test,S1160L09,True,/Users/hrishi/Desktop/dev/Milestone1 BSAI/checkpoint_deliverable/data/casia_interval_strips/S1160L09.png,/Users/hrishi/Desktop/dev/Milestone1 BSAI/checkpoint_deliverable/data/casia_interval_strips_gt/S1160L09.png,True,True,,
/Users/hrishi/Desktop/dev/Milestone1 BSAI/checkpoint_deliverable/data/CASIA-Iris-Interval/194/R/S1194R01.jpg,1194_R,1194,R,val,S1194R01,True,/Users/hrishi/Desktop/dev/Milestone1 BSAI/checkpoint_deliverable/data/casia_interval_strips/S1194R01.png,/Users/hrishi/Desktop/dev/Milestone1 BSAI/checkpoint_deliverable/data/casia_interval_strips_gt/S1194R01.png,True,True,,
/Users/hrishi/Desktop/dev/Milestone1 BSAI/checkpoint_deliverable/data/CASIA-Iris-Interval/194/R/S1194R03.jpg,1194_R,1194,R,val,S1194R03,True,/Users/hrishi/Desktop/dev/Milestone1 BSAI/checkpoint_deliverable/data/casia_interval_strips/S1194R03.png,/Users/hrishi/Desktop/dev/Milestone1 BSAI/checkpoint_deliverable/data/casia_interval_strips_gt/S1194R03.png,True,True,,
/Users/hrishi/Desktop/dev/Milestone1 BSAI/checkpoint_deliverable/data/CASIA-Iris-Interval/194/R/S1194R02.jpg,1194_R,1194,R,val,S1194R02,True,/Users/hrishi/Desktop/dev/Milestone1 BSAI/checkpoint_deliverable/data/casia_interval_strips/S1194R02.png,/Users/hrishi/Desktop/dev/Milestone1 BSAI/checkpoint_deliverable/data/casia_interval_strips_gt/S1194R02.png,True,True,,
/Users/hrishi/Desktop/dev/Milestone1 BSAI/checkpoint_deliverable/data/CASIA-Iris-Interval/194/R/S1194R05.jpg,1194_R,1194,R,val,S1194R05,True,/Users/hrishi/Desktop/dev/Milestone1 BSAI/checkpoint_deliverable/data/casia_interval_strips/S1194R05.png,/Users/hrishi/Desktop/dev/Milestone1 BSAI/checkpoint_deliverable/data/casia_interval_strips_gt/S1194R05.png,True,True,,
/Users/hrishi/Desktop/dev/Milestone1 BSAI/checkpoint_deliverable/data/CASIA-Iris-Interval/194/R/S1194R04.jpg,1194_R,1194,R,val,S1194R04,True,/Users/hrishi/Desktop/dev/Milestone1 BSAI/checkpoint_deliverable/data/casia_interval_strips/S1194R04.png,/Users/hrishi/Desktop/dev/Milestone1 BSAI/checkpoint_deliverable/data/casia_interval_strips_gt/S1194R04.png,True,True,,
/Users/hrishi/Desktop/dev/Milestone1 BSAI/checkpoint_deliverable/data/CASIA-Iris-Interval/158/R/S1158R04.jpg,1158_R,1158,R,train,S1158R04,True,/Users/hrishi/Desktop/dev/Milestone1 BSAI/checkpoint_deliverable/data/casia_interval_strips/S1158R04.png,/Users/hrishi/Desktop/dev/Milestone1 BSAI/checkpoint_deliverable/data/casia_interval_strips_gt/S1158R04.png,True,True,,
/Users/hrishi/Desktop/dev/Milestone1 BSAI/checkpoint_deliverable/data/CASIA-Iris-Interval/158/R/S1158R05.jpg,1158_R,1158,R,train,S1158R05,True,/Users/hrishi/Desktop/dev/Milestone1 BSAI/checkpoint_deliverable/data/casia_interval_strips/S1158R05.png,/Users/hrishi/Desktop/dev/Milestone1 BSAI/checkpoint_deliverable/data/casia_interval_strips_gt/S1158R05.png,True,True,,
/Users/hrishi/Desktop/dev/Milestone1 BSAI/checkpoint_deliverable/data/CASIA-Iris-Interval/158/R/S1158R01.jpg,1158_R,1158,R,train,S1158R01,True,/Users/hrishi/Desktop/dev/Milestone1 BSAI/checkpoint_deliverable/data/casia_interval_strips/S1158R01.png,/Users/hrishi/Desktop/dev/Milestone1 BSAI/checkpoint_deliverable/data/casia_interval_strips_gt/S1158R01.png,True,True,,
/Users/hrishi/Desktop/dev/Milestone1 BSAI/checkpoint_deliverable/data/CASIA-Iris-Interval/158/R/S1158R02.jpg,1158_R,1158,R,train,S1158R02,True,/Users/hrishi/Desktop/dev/Milestone1 BSAI/checkpoint_deliverable/data/casia_interval_strips/S1158R02.png,/Users/hrishi/Desktop/dev/Milestone1 BSAI/checkpoint_deliverable/data/casia_interval_strips_gt/S1158R02.png,True,True,,
/Users/hrishi/Desktop/dev/Milestone1 BSAI/checkpoint_deliverable/data/CASIA-Iris-Interval/158/R/S1158R03.jpg,1158_R,1158,R,train,S1158R03,True,/Users/hrishi/Desktop/dev/Milestone1 BSAI/checkpoint_deliverable/data/casia_interval_strips/S1158R03.png,/Users/hrishi/Desktop/dev/Milestone1 BSAI/checkpoint_deliverable/data/casia_interval_strips_gt/S1158R03.png,True,True,,
/Users/hrishi/Desktop/dev/Milestone1 BSAI/checkpoint_deliverable/data/CASIA-Iris-Interval/193/L/S1193L04.jpg,1193_L,1193,L,train,S1193L04,True,/Users/hrishi/Desktop/dev/Milestone1 BSAI/checkpoint_deliverable/data/casia_interval_strips/S1193L04.png,/Users/hrishi/Desktop/dev/Milestone1 BSAI/checkpoint_deliverable/data/casia_interval_strips_gt/S1193L04.png,True,True,,
/Users/hrishi/Desktop/dev/Milestone1 BSAI/checkpoint_deliverable/data/CASIA-Iris-Interval/193/L/S1193L05.jpg,1193_L,1193,L,train,S1193L05,True,/Users/hrishi/Desktop/dev/Milestone1 BSAI/checkpoint_deliverable/data/casia_interval_strips/S1193L05.png,/Users/hrishi/Desktop/dev/Milestone1 BSAI/checkpoint_deliverable/data/casia_interval_strips_gt/S1193L05.png,True,True,,
/Users/hrishi/Desktop/dev/Milestone1 BSAI/checkpoint_deliverable/data/CASIA-Iris-Interval/193/L/S1193L01.jpg,1193_L,1193,L,train,S1193L01,True,/Users/hrishi/Desktop/dev/Milestone1 BSAI/checkpoint_deliverable/data/casia_interval_strips/S1193L01.png,/Users/hrishi/Desktop/dev/Milestone1 BSAI/checkpoint_deliverable/data/casia_interval_strips_gt/S1193L01.png,True,True,,
/Users/hrishi/Desktop/dev/Milestone1 BSAI/checkpoint_deliverable/data/CASIA-Iris-Interval/193/L/S1193L02.jpg,1193_L,1193,L,train,S1193L02,True,/Users/hrishi/Desktop/dev/Milestone1 BSAI/checkpoint_deliverable/data/casia_interval_strips/S1193L02.png,/Users/hrishi/Desktop/dev/Milestone1 BSAI/checkpoint_deliverable/data/casia_interval_strips_gt/S1193L02.png,True,True,,
/Users/hrishi/Desktop/dev/Milestone1 BSAI/checkpoint_deliverable/data/CASIA-Iris-Interval/193/L/S1193L03.jpg,1193_L,1193,L,train,S1193L03,True,/Users/hrishi/Desktop/dev/Milestone1 BSAI/checkpoint_deliverable/data/casia_interval_strips/S1193L03.png,/Users/hrishi/Desktop/dev/Milestone1 BSAI/checkpoint_deliverable/data/casia_interval_strips_gt/S1193L03.png,True,True,,
/Users/hrishi/Desktop/dev/Milestone1 BSAI/checkpoint_deliverable/data/CASIA-Iris-Interval/167/R/S1167R09.jpg,1167_R,1167,R,train,S1167R09,True,/Users/hrishi/Desktop/dev/Milestone1 BSAI/checkpoint_deliverable/data/casia_interval_strips/S1167R09.png,/Users/hrishi/Desktop/dev/Milestone1 BSAI/checkpoint_deliverable/data/casia_interval_strips_gt/S1167R09.png,True,True,,
/Users/hrishi/Desktop/dev/Milestone1 BSAI/checkpoint_deliverable/data/CASIA-Iris-Interval/167/R/S1167R08.jpg,1167_R,1167,R,train,S1167R08,True,/Users/hrishi/Desktop/dev/Milestone1 BSAI/checkpoint_deliverable/data/casia_interval_strips/S1167R08.png,/Users/hrishi/Desktop/dev/Milestone1 BSAI/checkpoint_deliverable/data/casia_interval_strips_gt/S1167R08.png,True,True,,
/Users/hrishi/Desktop/dev/Milestone1 BSAI/checkpoint_deliverable/data/CASIA-Iris-Interval/167/R/S1167R03.jpg,1167_R,1167,R,train,S1167R03,True,/Users/hrishi/Desktop/dev/Milestone1 BSAI/checkpoint_deliverable/data/casia_interval_strips/S1167R03.png,/Users/hrishi/Desktop/dev/Milestone1 BSAI/checkpoint_deliverable/data/casia_interval_strips_gt/S1167R03.png,True,True,,
/Users/hrishi/Desktop/dev/Milestone1 BSAI/checkpoint_deliverable/data/CASIA-Iris-Interval/167/R/S1167R02.jpg,1167_R,1167,R,train,S1167R02,True,/Users/hrishi/Desktop/dev/Milestone1 BSAI/checkpoint_deliverable/data/casia_interval_strips/S1167R02.png,/Users/hrishi/Desktop/dev/Milestone1 BSAI/checkpoint_deliverable/data/casia_interval_strips_gt/S1167R02.png,True,True,,
/Users/hrishi/Desktop/dev/Milestone1 BSAI/checkpoint_deliverable/data/CASIA-Iris-Interval/167/R/S1167R01.jpg,1167_R,1167,R,train,S1167R01,True,/Users/hrishi/Desktop/dev/Milestone1 BSAI/checkpoint_deliverable/data/casia_interval_strips/S1167R01.png,/Users/hrishi/Desktop/dev/Milestone1 BSAI/checkpoint_deliverable/data/casia_interval_strips_gt/S1167R01.png,True,True,,
/Users/hrishi/Desktop/dev/Milestone1 BSAI/checkpoint_deliverable/data/CASIA-Iris-Interval/167/R/S1167R05.jpg,1167_R,1167,R,train,S1167R05,True,/Users/hrishi/Desktop/dev/Milestone1 BSAI/checkpoint_deliverable/data/casia_interval_strips/S1167R05.png,/Users/hrishi/Desktop/dev/Milestone1 BSAI/checkpoint_deliverable/data/casia_interval_strips_gt/S1167R05.png,True,True,,
/Users/hrishi/Desktop/dev/Milestone1 BSAI/checkpoint_deliverable/data/CASIA-Iris-Interval/167/R/S1167R04.jpg,1167_R,1167,R,train,S1167R04,True,/Users/hrishi/Desktop/dev/Milestone1 BSAI/checkpoint_deliverable/data/casia_interval_strips/S1167R04.png,/Users/hrishi/Desktop/dev/Milestone1 BSAI/checkpoint_deliverable/data/casia_interval_strips_gt/S1167R04.png,True,True,,
/Users/hrishi/Desktop/dev/Milestone1 BSAI/checkpoint_deliverable/data/CASIA-Iris-Interval/167/R/S1167R10.jpg,1167_R,1167,R,train,S1167R10,True,/Users/hrishi/Desktop/dev/Milestone1 BSAI/checkpoint_deliverable/data/casia_interval_strips/S1167R10.png,/Users/hrishi/Desktop/dev/Milestone1 BSAI/checkpoint_deliverable/data/casia_interval_strips_gt/S1167R10.png,True,True,,
/Users/hrishi/Desktop/dev/Milestone1 BSAI/checkpoint_deliverable/data/CASIA-Iris-Interval/167/R/S1167R06.jpg,1167_R,1167,R,train,S1167R06,True,/Users/hrishi/Desktop/dev/Milestone1 BSAI/checkpoint_deliverable/data/casia_interval_strips/S1167R06.png,/Users/hrishi/Desktop/dev/Milestone1 BSAI/checkpoint_deliverable/data/casia_interval_strips_gt/S1167R06.png,True,True,,
/Users/hrishi/Desktop/dev/Milestone1 BSAI/checkpoint_deliverable/data/CASIA-Iris-Interval/167/R/S1167R07.jpg,1167_R,1167,R,train,S1167R07,True,/Users/hrishi/Desktop/dev/Milestone1 BSAI/checkpoint_deliverable/data/casia_interval_strips/S1167R07.png,/Users/hrishi/Desktop/dev/Milestone1 BSAI/checkpoint_deliverable/data/casia_interval_strips_gt/S1167R07.png,True,True,,
/Users/hrishi/Desktop/dev/Milestone1 BSAI/checkpoint_deliverable/data/CASIA-Iris-Interval/167/L/S1167L08.jpg,1167_L,1167,L,train,S1167L08,True,/Users/hrishi/Desktop/dev/Milestone1 BSAI/checkpoint_deliverable/data/casia_interval_strips/S1167L08.png,/Users/hrishi/Desktop/dev/Milestone1 BSAI/checkpoint_deliverable/data/casia_interval_strips_gt/S1167L08.png,True,True,,
/Users/hrishi/Desktop/dev/Milestone1 BSAI/checkpoint_deliverable/data/CASIA-Iris-Interval/167/L/S1167L09.jpg,1167_L,1167,L,train,S1167L09,True,/Users/hrishi/Desktop/dev/Milestone1 BSAI/checkpoint_deliverable/data/casia_interval_strips/S1167L09.png,/Users/hrishi/Desktop/dev/Milestone1 BSAI/checkpoint_deliverable/data/casia_interval_strips_gt/S1167L09.png,True,True,,
/Users/hrishi/Desktop/dev/Milestone1 BSAI/checkpoint_deliverable/data/CASIA-Iris-Interval/167/L/S1167L10.jpg,1167_L,1167,L,train,S1167L10,True,/Users/hrishi/Desktop/dev/Milestone1 BSAI/checkpoint_deliverable/data/casia_interval_strips/S1167L10.png,/Users/hrishi/Desktop/dev/Milestone1 BSAI/checkpoint_deliverable/data/casia_interval_strips_gt/S1167L10.png,True,True,,
/Users/hrishi/Desktop/dev/Milestone1 BSAI/checkpoint_deliverable/data/CASIA-Iris-Interval/167/L/S1167L04.jpg,1167_L,1167,L,train,S1167L04,True,/Users/hrishi/Desktop/dev/Milestone1 BSAI/checkpoint_deliverable/data/casia_interval_strips/S1167L04.png,/Users/hrishi/Desktop/dev/Milestone1 BSAI/checkpoint_deliverable/data/casia_interval_strips_gt/S1167L04.png,True,True,,
/Users/hrishi/Desktop/dev/Milestone1 BSAI/checkpoint_deliverable/data/CASIA-Iris-Interval/167/L/S1167L05.jpg,1167_L,1167,L,train,S1167L05,True,/Users/hrishi/Desktop/dev/Milestone1 BSAI/checkpoint_deliverable/data/casia_interval_strips/S1167L05.png,/Users/hrishi/Desktop/dev/Milestone1 BSAI/checkpoint_deliverable/data/casia_interval_strips_gt/S1167L05.png,True,True,,
/Users/hrishi/Desktop/dev/Milestone1 BSAI/checkpoint_deliverable/data/CASIA-Iris-Interval/167/L/S1167L07.jpg,1167_L,1167,L,train,S1167L07,True,/Users/hrishi/Desktop/dev/Milestone1 BSAI/checkpoint_deliverable/data/casia_interval_strips/S1167L07.png,/Users/hrishi/Desktop/dev/Milestone1 BSAI/checkpoint_deliverable/data/casia_interval_strips_gt/S1167L07.png,True,True,,
/Users/hrishi/Desktop/dev/Milestone1 BSAI/checkpoint_deliverable/data/CASIA-Iris-Interval/167/L/S1167L06.jpg,1167_L,1167,L,train,S1167L06,True,/Users/hrishi/Desktop/dev/Milestone1 BSAI/checkpoint_deliverable/data/casia_interval_strips/S1167L06.png,/Users/hrishi/Desktop/dev/Milestone1 BSAI/checkpoint_deliverable/data/casia_interval_strips_gt/S1167L06.png,True,True,,
/Users/hrishi/Desktop/dev/Milestone1 BSAI/checkpoint_deliverable/data/CASIA-Iris-Interval/167/L/S1167L02.jpg,1167_L,1167,L,train,S1167L02,True,/Users/hrishi/Desktop/dev/Milestone1 BSAI/checkpoint_deliverable/data/casia_interval_strips/S1167L02.png,/Users/hrishi/Desktop/dev/Milestone1 BSAI/checkpoint_deliverable/data/casia_interval_strips_gt/S1167L02.png,True,True,,
/Users/hrishi/Desktop/dev/Milestone1 BSAI/checkpoint_deliverable/data/CASIA-Iris-Interval/167/L/S1167L03.jpg,1167_L,1167,L,train,S1167L03,True,/Users/hrishi/Desktop/dev/Milestone1 BSAI/checkpoint_deliverable/data/casia_interval_strips/S1167L03.png,/Users/hrishi/Desktop/dev/Milestone1 BSAI/checkpoint_deliverable/data/casia_interval_strips_gt/S1167L03.png,True,True,,
/Users/hrishi/Desktop/dev/Milestone1 BSAI/checkpoint_deliverable/data/CASIA-Iris-Interval/167/L/S1167L01.jpg,1167_L,1167,L,train,S1167L01,True,/Users/hrishi/Desktop/dev/Milestone1 BSAI/checkpoint_deliverable/data/casia_interval_strips/S1167L01.png,/Users/hrishi/Desktop/dev/Milestone1 BSAI/checkpoint_deliverable/data/casia_interval_strips_gt/S1167L01.png,True,True,,
/Users/hrishi/Desktop/dev/Milestone1 BSAI/checkpoint_deliverable/data/CASIA-Iris-Interval/151/L/S1151L01.jpg,1151_L,1151,L,train,S1151L01,True,/Users/hrishi/Desktop/dev/Milestone1 BSAI/checkpoint_deliverable/data/casia_interval_strips/S1151L01.png,/Users/hrishi/Desktop/dev/Milestone1 BSAI/checkpoint_deliverable/data/casia_interval_strips_gt/S1151L01.png,True,True,,
/Users/hrishi/Desktop/dev/Milestone1 BSAI/checkpoint_deliverable/data/CASIA-Iris-Interval/169/R/S1169R09.jpg,1169_R,1169,R,test,S1169R09,True,/Users/hrishi/Desktop/dev/Milestone1 BSAI/checkpoint_deliverable/data/casia_interval_strips/S1169R09.png,/Users/hrishi/Desktop/dev/Milestone1 BSAI/checkpoint_deliverable/data/casia_interval_strips_gt/S1169R09.png,True,True,,
/Users/hrishi/Desktop/dev/Milestone1 BSAI/checkpoint_deliverable/data/CASIA-Iris-Interval/169/R/S1169R08.jpg,1169_R,1169,R,test,S1169R08,True,/Users/hrishi/Desktop/dev/Milestone1 BSAI/checkpoint_deliverable/data/casia_interval_strips/S1169R08.png,/Users/hrishi/Desktop/dev/Milestone1 BSAI/checkpoint_deliverable/data/casia_interval_strips_gt/S1169R08.png,True,True,,
/Users/hrishi/Desktop/dev/Milestone1 BSAI/checkpoint_deliverable/data/CASIA-Iris-Interval/169/R/S1169R06.jpg,1169_R,1169,R,test,S1169R06,True,/Users/hrishi/Desktop/dev/Milestone1 BSAI/checkpoint_deliverable/data/casia_interval_strips/S1169R06.png,/Users/hrishi/Desktop/dev/Milestone1 BSAI/checkpoint_deliverable/data/casia_interval_strips_gt/S1169R06.png,True,True,,
/Users/hrishi/Desktop/dev/Milestone1 BSAI/checkpoint_deliverable/data/CASIA-Iris-Interval/169/R/S1169R07.jpg,1169_R,1169,R,test,S1169R07,True,/Users/hrishi/Desktop/dev/Milestone1 BSAI/checkpoint_deliverable/data/casia_interval_strips/S1169R07.png,/Users/hrishi/Desktop/dev/Milestone1 BSAI/checkpoint_deliverable/data/casia_interval_strips_gt/S1169R07.png,True,True,,
/Users/hrishi/Desktop/dev/Milestone1 BSAI/checkpoint_deliverable/data/CASIA-Iris-Interval/169/R/S1169R05.jpg,1169_R,1169,R,test,S1169R05,True,/Users/hrishi/Desktop/dev/Milestone1 BSAI/checkpoint_deliverable/data/casia_interval_strips/S1169R05.png,/Users/hrishi/Desktop/dev/Milestone1 BSAI/checkpoint_deliverable/data/casia_interval_strips_gt/S1169R05.png,True,True,,
/Users/hrishi/Desktop/dev/Milestone1 BSAI/checkpoint_deliverable/data/CASIA-Iris-Interval/169/R/S1169R10.jpg,1169_R,1169,R,test,S1169R10,True,/Users/hrishi/Desktop/dev/Milestone1 BSAI/checkpoint_deliverable/data/casia_interval_strips/S1169R10.png,/Users/hrishi/Desktop/dev/Milestone1 BSAI/checkpoint_deliverable/data/casia_interval_strips_gt/S1169R10.png,True,True,,
/Users/hrishi/Desktop/dev/Milestone1 BSAI/checkpoint_deliverable/data/CASIA-Iris-Interval/169/R/S1169R04.jpg,1169_R,1169,R,test,S1169R04,True,/Users/hrishi/Desktop/dev/Milestone1 BSAI/checkpoint_deliverable/data/casia_interval_strips/S1169R04.png,/Users/hrishi/Desktop/dev/Milestone1 BSAI/checkpoint_deliverable/data/casia_interval_strips_gt/S1169R04.png,True,True,,
/Users/hrishi/Desktop/dev/Milestone1 BSAI/checkpoint_deliverable/data/CASIA-Iris-Interval/169/R/S1169R01.jpg,1169_R,1169,R,test,S1169R01,True,/Users/hrishi/Desktop/dev/Milestone1 BSAI/checkpoint_deliverable/data/casia_interval_strips/S1169R01.png,/Users/hrishi/Desktop/dev/Milestone1 BSAI/checkpoint_deliverable/data/casia_interval_strips_gt/S1169R01.png,True,True,,
/Users/hrishi/Desktop/dev/Milestone1 BSAI/checkpoint_deliverable/data/CASIA-Iris-Interval/169/R/S1169R03.jpg,1169_R,1169,R,test,S1169R03,True,/Users/hrishi/Desktop/dev/Milestone1 BSAI/checkpoint_deliverable/data/casia_interval_strips/S1169R03.png,/Users/hrishi/Desktop/dev/Milestone1 BSAI/checkpoint_deliverable/data/casia_interval_strips_gt/S1169R03.png,True,True,,
/Users/hrishi/Desktop/dev/Milestone1 BSAI/checkpoint_deliverable/data/CASIA-Iris-Interval/169/R/S1169R02.jpg,1169_R,1169,R,test,S1169R02,True,/Users/hrishi/Desktop/dev/Milestone1 BSAI/checkpoint_deliverable/data/casia_interval_strips/S1169R02.png,/Users/hrishi/Desktop/dev/Milestone1 BSAI/checkpoint_deliverable/data/casia_interval_strips_gt/S1169R02.png,True,True,,
/Users/hrishi/Desktop/dev/Milestone1 BSAI/checkpoint_deliverable/data/CASIA-Iris-Interval/169/L/S1169L08.jpg,1169_L,1169,L,train,S1169L08,True,/Users/hrishi/Desktop/dev/Milestone1 BSAI/checkpoint_deliverable/data/casia_interval_strips/S1169L08.png,/Users/hrishi/Desktop/dev/Milestone1 BSAI/checkpoint_deliverable/data/casia_interval_strips_gt/S1169L08.png,True,True,,
/Users/hrishi/Desktop/dev/Milestone1 BSAI/checkpoint_deliverable/data/CASIA-Iris-Interval/169/L/S1169L09.jpg,1169_L,1169,L,train,S1169L09,True,/Users/hrishi/Desktop/dev/Milestone1 BSAI/checkpoint_deliverable/data/casia_interval_strips/S1169L09.png,/Users/hrishi/Desktop/dev/Milestone1 BSAI/checkpoint_deliverable/data/casia_interval_strips_gt/S1169L09.png,True,True,,
/Users/hrishi/Desktop/dev/Milestone1 BSAI/checkpoint_deliverable/data/CASIA-Iris-Interval/169/L/S1169L01.jpg,1169_L,1169,L,train,S1169L01,True,/Users/hrishi/Desktop/dev/Milestone1 BSAI/checkpoint_deliverable/data/casia_interval_strips/S1169L01.png,/Users/hrishi/Desktop/dev/Milestone1 BSAI/checkpoint_deliverable/data/casia_interval_strips_gt/S1169L01.png,True,True,,
/Users/hrishi/Desktop/dev/Milestone1 BSAI/checkpoint_deliverable/data/CASIA-Iris-Interval/169/L/S1169L02.jpg,1169_L,1169,L,train,S1169L02,True,/Users/hrishi/Desktop/dev/Milestone1 BSAI/checkpoint_deliverable/data/casia_interval_strips/S1169L02.png,/Users/hrishi/Desktop/dev/Milestone1 BSAI/checkpoint_deliverable/data/casia_interval_strips_gt/S1169L02.png,True,True,,
/Users/hrishi/Desktop/dev/Milestone1 BSAI/checkpoint_deliverable/data/CASIA-Iris-Interval/169/L/S1169L03.jpg,1169_L,1169,L,train,S1169L03,True,/Users/hrishi/Desktop/dev/Milestone1 BSAI/checkpoint_deliverable/data/casia_interval_strips/S1169L03.png,/Users/hrishi/Desktop/dev/Milestone1 BSAI/checkpoint_deliverable/data/casia_interval_strips_gt/S1169L03.png,True,True,,
/Users/hrishi/Desktop/dev/Milestone1 BSAI/checkpoint_deliverable/data/CASIA-Iris-Interval/169/L/S1169L07.jpg,1169_L,1169,L,train,S1169L07,True,/Users/hrishi/Desktop/dev/Milestone1 BSAI/checkpoint_deliverable/data/casia_interval_strips/S1169L07.png,/Users/hrishi/Desktop/dev/Milestone1 BSAI/checkpoint_deliverable/data/casia_interval_strips_gt/S1169L07.png,True,True,,
/Users/hrishi/Desktop/dev/Milestone1 BSAI/checkpoint_deliverable/data/CASIA-Iris-Interval/169/L/S1169L06.jpg,1169_L,1169,L,train,S1169L06,True,/Users/hrishi/Desktop/dev/Milestone1 BSAI/checkpoint_deliverable/data/casia_interval_strips/S1169L06.png,/Users/hrishi/Desktop/dev/Milestone1 BSAI/checkpoint_deliverable/data/casia_interval_strips_gt/S1169L06.png,True,True,,
/Users/hrishi/Desktop/dev/Milestone1 BSAI/checkpoint_deliverable/data/CASIA-Iris-Interval/169/L/S1169L04.jpg,1169_L,1169,L,train,S1169L04,True,/Users/hrishi/Desktop/dev/Milestone1 BSAI/checkpoint_deliverable/data/casia_interval_strips/S1169L04.png,/Users/hrishi/Desktop/dev/Milestone1 BSAI/checkpoint_deliverable/data/casia_interval_strips_gt/S1169L04.png,True,True,,
/Users/hrishi/Desktop/dev/Milestone1 BSAI/checkpoint_deliverable/data/CASIA-Iris-Interval/169/L/S1169L10.jpg,1169_L,1169,L,train,S1169L10,True,/Users/hrishi/Desktop/dev/Milestone1 BSAI/checkpoint_deliverable/data/casia_interval_strips/S1169L10.png,/Users/hrishi/Desktop/dev/Milestone1 BSAI/checkpoint_deliverable/data/casia_interval_strips_gt/S1169L10.png,True,True,,
/Users/hrishi/Desktop/dev/Milestone1 BSAI/checkpoint_deliverable/data/CASIA-Iris-Interval/169/L/S1169L05.jpg,1169_L,1169,L,train,S1169L05,True,/Users/hrishi/Desktop/dev/Milestone1 BSAI/checkpoint_deliverable/data/casia_interval_strips/S1169L05.png,/Users/hrishi/Desktop/dev/Milestone1 BSAI/checkpoint_deliverable/data/casia_interval_strips_gt/S1169L05.png,True,True,,
/Users/hrishi/Desktop/dev/Milestone1 BSAI/checkpoint_deliverable/data/CASIA-Iris-Interval/156/R/S1156R02.jpg,1156_R,1156,R,train,S1156R02,True,/Users/hrishi/Desktop/dev/Milestone1 BSAI/checkpoint_deliverable/data/casia_interval_strips/S1156R02.png,/Users/hrishi/Desktop/dev/Milestone1 BSAI/checkpoint_deliverable/data/casia_interval_strips_gt/S1156R02.png,True,True,,
/Users/hrishi/Desktop/dev/Milestone1 BSAI/checkpoint_deliverable/data/CASIA-Iris-Interval/156/R/S1156R03.jpg,1156_R,1156,R,train,S1156R03,True,/Users/hrishi/Desktop/dev/Milestone1 BSAI/checkpoint_deliverable/data/casia_interval_strips/S1156R03.png,/Users/hrishi/Desktop/dev/Milestone1 BSAI/checkpoint_deliverable/data/casia_interval_strips_gt/S1156R03.png,True,True,,
/Users/hrishi/Desktop/dev/Milestone1 BSAI/checkpoint_deliverable/data/CASIA-Iris-Interval/156/R/S1156R01.jpg,1156_R,1156,R,train,S1156R01,True,/Users/hrishi/Desktop/dev/Milestone1 BSAI/checkpoint_deliverable/data/casia_interval_strips/S1156R01.png,/Users/hrishi/Desktop/dev/Milestone1 BSAI/checkpoint_deliverable/data/casia_interval_strips_gt/S1156R01.png,True,True,,
/Users/hrishi/Desktop/dev/Milestone1 BSAI/checkpoint_deliverable/data/CASIA-Iris-Interval/156/R/S1156R04.jpg,1156_R,1156,R,train,S1156R04,True,/Users/hrishi/Desktop/dev/Milestone1 BSAI/checkpoint_deliverable/data/casia_interval_strips/S1156R04.png,/Users/hrishi/Desktop/dev/Milestone1 BSAI/checkpoint_deliverable/data/casia_interval_strips_gt/S1156R04.png,True,True,,
/Users/hrishi/Desktop/dev/Milestone1 BSAI/checkpoint_deliverable/data/CASIA-Iris-Interval/156/R/S1156R05.jpg,1156_R,1156,R,train,S1156R05,True,/Users/hrishi/Desktop/dev/Milestone1 BSAI/checkpoint_deliverable/data/casia_interval_strips/S1156R05.png,/Users/hrishi/Desktop/dev/Milestone1 BSAI/checkpoint_deliverable/data/casia_interval_strips_gt/S1156R05.png,True,True,,
/Users/hrishi/Desktop/dev/Milestone1 BSAI/checkpoint_deliverable/data/CASIA-Iris-Interval/156/R/S1156R06.jpg,1156_R,1156,R,train,S1156R06,False,/Users/hrishi/Desktop/dev/Milestone1 BSAI/checkpoint_deliverable/data/casia_interval_strips/S1156R06.png,,True,False,,no_gt
/Users/hrishi/Desktop/dev/Milestone1 BSAI/checkpoint_deliverable/data/CASIA-Iris-Interval/156/L/S1156L05.jpg,1156_L,1156,L,train,S1156L05,True,/Users/hrishi/Desktop/dev/Milestone1 BSAI/checkpoint_deliverable/data/casia_interval_strips/S1156L05.png,/Users/hrishi/Desktop/dev/Milestone1 BSAI/checkpoint_deliverable/data/casia_interval_strips_gt/S1156L05.png,True,True,,
/Users/hrishi/Desktop/dev/Milestone1 BSAI/checkpoint_deliverable/data/CASIA-Iris-Interval/156/L/S1156L04.jpg,1156_L,1156,L,train,S1156L04,True,/Users/hrishi/Desktop/dev/Milestone1 BSAI/checkpoint_deliverable/data/casia_interval_strips/S1156L04.png,/Users/hrishi/Desktop/dev/Milestone1 BSAI/checkpoint_deliverable/data/casia_interval_strips_gt/S1156L04.png,True,True,,
/Users/hrishi/Desktop/dev/Milestone1 BSAI/checkpoint_deliverable/data/CASIA-Iris-Interval/156/L/S1156L06.jpg,1156_L,1156,L,train,S1156L06,True,/Users/hrishi/Desktop/dev/Milestone1 BSAI/checkpoint_deliverable/data/casia_interval_strips/S1156L06.png,/Users/hrishi/Desktop/dev/Milestone1 BSAI/checkpoint_deliverable/data/casia_interval_strips_gt/S1156L06.png,True,True,,
/Users/hrishi/Desktop/dev/Milestone1 BSAI/checkpoint_deliverable/data/CASIA-Iris-Interval/156/L/S1156L07.jpg,1156_L,1156,L,train,S1156L07,True,/Users/hrishi/Desktop/dev/Milestone1 BSAI/checkpoint_deliverable/data/casia_interval_strips/S1156L07.png,/Users/hrishi/Desktop/dev/Milestone1 BSAI/checkpoint_deliverable/data/casia_interval_strips_gt/S1156L07.png,True,True,,
/Users/hrishi/Desktop/dev/Milestone1 BSAI/checkpoint_deliverable/data/CASIA-Iris-Interval/156/L/S1156L03.jpg,1156_L,1156,L,train,S1156L03,True,/Users/hrishi/Desktop/dev/Milestone1 BSAI/checkpoint_deliverable/data/casia_interval_strips/S1156L03.png,/Users/hrishi/Desktop/dev/Milestone1 BSAI/checkpoint_deliverable/data/casia_interval_strips_gt/S1156L03.png,True,True,,
/Users/hrishi/Desktop/dev/Milestone1 BSAI/checkpoint_deliverable/data/CASIA-Iris-Interval/156/L/S1156L02.jpg,1156_L,1156,L,train,S1156L02,True,/Users/hrishi/Desktop/dev/Milestone1 BSAI/checkpoint_deliverable/data/casia_interval_strips/S1156L02.png,/Users/hrishi/Desktop/dev/Milestone1 BSAI/checkpoint_deliverable/data/casia_interval_strips_gt/S1156L02.png,True,True,,
/Users/hrishi/Desktop/dev/Milestone1 BSAI/checkpoint_deliverable/data/CASIA-Iris-Interval/156/L/S1156L01.jpg,1156_L,1156,L,train,S1156L01,True,/Users/hrishi/Desktop/dev/Milestone1 BSAI/checkpoint_deliverable/data/casia_interval_strips/S1156L01.png,/Users/hrishi/Desktop/dev/Milestone1 BSAI/checkpoint_deliverable/data/casia_interval_strips_gt/S1156L01.png,True,True,,
/Users/hrishi/Desktop/dev/Milestone1 BSAI/checkpoint_deliverable/data/CASIA-Iris-Interval/156/L/S1156L09.jpg,1156_L,1156,L,train,S1156L09,True,/Users/hrishi/Desktop/dev/Milestone1 BSAI/checkpoint_deliverable/data/casia_interval_strips/S1156L09.png,/Users/hrishi/Desktop/dev/Milestone1 BSAI/checkpoint_deliverable/data/casia_interval_strips_gt/S1156L09.png,True,True,,
/Users/hrishi/Desktop/dev/Milestone1 BSAI/checkpoint_deliverable/data/CASIA-Iris-Interval/156/L/S1156L08.jpg,1156_L,1156,L,train,S1156L08,True,/Users/hrishi/Desktop/dev/Milestone1 BSAI/checkpoint_deliverable/data/casia_interval_strips/S1156L08.png,/Users/hrishi/Desktop/dev/Milestone1 BSAI/checkpoint_deliverable/data/casia_interval_strips_gt/S1156L08.png,True,True,,
/Users/hrishi/Desktop/dev/Milestone1 BSAI/checkpoint_deliverable/data/CASIA-Iris-Interval/024/R/S1024R02.jpg,1024_R,1024,R,train,S1024R02,True,/Users/hrishi/Desktop/dev/Milestone1 BSAI/checkpoint_deliverable/data/casia_interval_strips/S1024R02.png,/Users/hrishi/Desktop/dev/Milestone1 BSAI/checkpoint_deliverable/data/casia_interval_strips_gt/S1024R02.png,True,True,,
/Users/hrishi/Desktop/dev/Milestone1 BSAI/checkpoint_deliverable/data/CASIA-Iris-Interval/024/R/S1024R01.jpg,1024_R,1024,R,train,S1024R01,True,/Users/hrishi/Desktop/dev/Milestone1 BSAI/checkpoint_deliverable/data/casia_interval_strips/S1024R01.png,/Users/hrishi/Desktop/dev/Milestone1 BSAI/checkpoint_deliverable/data/casia_interval_strips_gt/S1024R01.png,True,True,,
/Users/hrishi/Desktop/dev/Milestone1 BSAI/checkpoint_deliverable/data/CASIA-Iris-Interval/216/L/S1216L01.jpg,1216_L,1216,L,train,S1216L01,True,/Users/hrishi/Desktop/dev/Milestone1 BSAI/checkpoint_deliverable/data/casia_interval_strips/S1216L01.png,/Users/hrishi/Desktop/dev/Milestone1 BSAI/checkpoint_deliverable/data/casia_interval_strips_gt/S1216L01.png,True,True,,
/Users/hrishi/Desktop/dev/Milestone1 BSAI/checkpoint_deliverable/data/CASIA-Iris-Interval/229/R/S1229R08.jpg,1229_R,1229,R,train,S1229R08,True,/Users/hrishi/Desktop/dev/Milestone1 BSAI/checkpoint_deliverable/data/casia_interval_strips/S1229R08.png,/Users/hrishi/Desktop/dev/Milestone1 BSAI/checkpoint_deliverable/data/casia_interval_strips_gt/S1229R08.png,True,True,,
/Users/hrishi/Desktop/dev/Milestone1 BSAI/checkpoint_deliverable/data/CASIA-Iris-Interval/229/R/S1229R09.jpg,1229_R,1229,R,train,S1229R09,True,/Users/hrishi/Desktop/dev/Milestone1 BSAI/checkpoint_deliverable/data/casia_interval_strips/S1229R09.png,/Users/hrishi/Desktop/dev/Milestone1 BSAI/checkpoint_deliverable/data/casia_interval_strips_gt/S1229R09.png,True,True,,
/Users/hrishi/Desktop/dev/Milestone1 BSAI/checkpoint_deliverable/data/CASIA-Iris-Interval/229/R/S1229R02.jpg,1229_R,1229,R,train,S1229R02,True,/Users/hrishi/Desktop/dev/Milestone1 BSAI/checkpoint_deliverable/data/casia_interval_strips/S1229R02.png,/Users/hrishi/Desktop/dev/Milestone1 BSAI/checkpoint_deliverable/data/casia_interval_strips_gt/S1229R02.png,True,True,,
/Users/hrishi/Desktop/dev/Milestone1 BSAI/checkpoint_deliverable/data/CASIA-Iris-Interval/229/R/S1229R03.jpg,1229_R,1229,R,train,S1229R03,True,/Users/hrishi/Desktop/dev/Milestone1 BSAI/checkpoint_deliverable/data/casia_interval_strips/S1229R03.png,/Users/hrishi/Desktop/dev/Milestone1 BSAI/checkpoint_deliverable/data/casia_interval_strips_gt/S1229R03.png,True,True,,
/Users/hrishi/Desktop/dev/Milestone1 BSAI/checkpoint_deliverable/data/CASIA-Iris-Interval/229/R/S1229R01.jpg,1229_R,1229,R,train,S1229R01,True,/Users/hrishi/Desktop/dev/Milestone1 BSAI/checkpoint_deliverable/data/casia_interval_strips/S1229R01.png,/Users/hrishi/Desktop/dev/Milestone1 BSAI/checkpoint_deliverable/data/casia_interval_strips_gt/S1229R01.png,True,True,,
/Users/hrishi/Desktop/dev/Milestone1 BSAI/checkpoint_deliverable/data/CASIA-Iris-Interval/229/R/S1229R04.jpg,1229_R,1229,R,train,S1229R04,True,/Users/hrishi/Desktop/dev/Milestone1 BSAI/checkpoint_deliverable/data/casia_interval_strips/S1229R04.png,/Users/hrishi/Desktop/dev/Milestone1 BSAI/checkpoint_deliverable/data/casia_interval_strips_gt/S1229R04.png,True,True,,
/Users/hrishi/Desktop/dev/Milestone1 BSAI/checkpoint_deliverable/data/CASIA-Iris-Interval/229/R/S1229R05.jpg,1229_R,1229,R,train,S1229R05,True,/Users/hrishi/Desktop/dev/Milestone1 BSAI/checkpoint_deliverable/data/casia_interval_strips/S1229R05.png,/Users/hrishi/Desktop/dev/Milestone1 BSAI/checkpoint_deliverable/data/casia_interval_strips_gt/S1229R05.png,True,True,,
/Users/hrishi/Desktop/dev/Milestone1 BSAI/checkpoint_deliverable/data/CASIA-Iris-Interval/229/R/S1229R07.jpg,1229_R,1229,R,train,S1229R07,True,/Users/hrishi/Desktop/dev/Milestone1 BSAI/checkpoint_deliverable/data/casia_interval_strips/S1229R07.png,/Users/hrishi/Desktop/dev/Milestone1 BSAI/checkpoint_deliverable/data/casia_interval_strips_gt/S1229R07.png,True,True,,
/Users/hrishi/Desktop/dev/Milestone1 BSAI/checkpoint_deliverable/data/CASIA-Iris-Interval/229/R/S1229R06.jpg,1229_R,1229,R,train,S1229R06,True,/Users/hrishi/Desktop/dev/Milestone1 BSAI/checkpoint_deliverable/data/casia_interval_strips/S1229R06.png,/Users/hrishi/Desktop/dev/Milestone1 BSAI/checkpoint_deliverable/data/casia_interval_strips_gt/S1229R06.png,True,True,,
/Users/hrishi/Desktop/dev/Milestone1 BSAI/checkpoint_deliverable/data/CASIA-Iris-Interval/229/L/S1229L09.jpg,1229_L,1229,L,train,S1229L09,True,/Users/hrishi/Desktop/dev/Milestone1 BSAI/checkpoint_deliverable/data/casia_interval_strips/S1229L09.png,/Users/hrishi/Desktop/dev/Milestone1 BSAI/checkpoint_deliverable/data/casia_interval_strips_gt/S1229L09.png,True,True,,
/Users/hrishi/Desktop/dev/Milestone1 BSAI/checkpoint_deliverable/data/CASIA-Iris-Interval/229/L/S1229L08.jpg,1229_L,1229,L,train,S1229L08,True,/Users/hrishi/Desktop/dev/Milestone1 BSAI/checkpoint_deliverable/data/casia_interval_strips/S1229L08.png,/Users/hrishi/Desktop/dev/Milestone1 BSAI/checkpoint_deliverable/data/casia_interval_strips_gt/S1229L08.png,True,True,,
/Users/hrishi/Desktop/dev/Milestone1 BSAI/checkpoint_deliverable/data/CASIA-Iris-Interval/229/L/S1229L05.jpg,1229_L,1229,L,train,S1229L05,True,/Users/hrishi/Desktop/dev/Milestone1 BSAI/checkpoint_deliverable/data/casia_interval_strips/S1229L05.png,/Users/hrishi/Desktop/dev/Milestone1 BSAI/checkpoint_deliverable/data/casia_interval_strips_gt/S1229L05.png,True,True,,
/Users/hrishi/Desktop/dev/Milestone1 BSAI/checkpoint_deliverable/data/CASIA-Iris-Interval/229/L/S1229L04.jpg,1229_L,1229,L,train,S1229L04,True,/Users/hrishi/Desktop/dev/Milestone1 BSAI/checkpoint_deliverable/data/casia_interval_strips/S1229L04.png,/Users/hrishi/Desktop/dev/Milestone1 BSAI/checkpoint_deliverable/data/casia_interval_strips_gt/S1229L04.png,True,True,,
/Users/hrishi/Desktop/dev/Milestone1 BSAI/checkpoint_deliverable/data/CASIA-Iris-Interval/229/L/S1229L10.jpg,1229_L,1229,L,train,S1229L10,True,/Users/hrishi/Desktop/dev/Milestone1 BSAI/checkpoint_deliverable/data/casia_interval_strips/S1229L10.png,/Users/hrishi/Desktop/dev/Milestone1 BSAI/checkpoint_deliverable/data/casia_interval_strips_gt/S1229L10.png,True,True,,
/Users/hrishi/Desktop/dev/Milestone1 BSAI/checkpoint_deliverable/data/CASIA-Iris-Interval/229/L/S1229L06.jpg,1229_L,1229,L,train,S1229L06,True,/Users/hrishi/Desktop/dev/Milestone1 BSAI/checkpoint_deliverable/data/casia_interval_strips/S1229L06.png,/Users/hrishi/Desktop/dev/Milestone1 BSAI/checkpoint_deliverable/data/casia_interval_strips_gt/S1229L06.png,True,True,,
/Users/hrishi/Desktop/dev/Milestone1 BSAI/checkpoint_deliverable/data/CASIA-Iris-Interval/229/L/S1229L07.jpg,1229_L,1229,L,train,S1229L07,True,/Users/hrishi/Desktop/dev/Milestone1 BSAI/checkpoint_deliverable/data/casia_interval_strips/S1229L07.png,/Users/hrishi/Desktop/dev/Milestone1 BSAI/checkpoint_deliverable/data/casia_interval_strips_gt/S1229L07.png,True,True,,
/Users/hrishi/Desktop/dev/Milestone1 BSAI/checkpoint_deliverable/data/CASIA-Iris-Interval/229/L/S1229L03.jpg,1229_L,1229,L,train,S1229L03,True,/Users/hrishi/Desktop/dev/Milestone1 BSAI/checkpoint_deliverable/data/casia_interval_strips/S1229L03.png,/Users/hrishi/Desktop/dev/Milestone1 BSAI/checkpoint_deliverable/data/casia_interval_strips_gt/S1229L03.png,True,True,,
/Users/hrishi/Desktop/dev/Milestone1 BSAI/checkpoint_deliverable/data/CASIA-Iris-Interval/229/L/S1229L02.jpg,1229_L,1229,L,train,S1229L02,True,/Users/hrishi/Desktop/dev/Milestone1 BSAI/checkpoint_deliverable/data/casia_interval_strips/S1229L02.png,/Users/hrishi/Desktop/dev/Milestone1 BSAI/checkpoint_deliverable/data/casia_interval_strips_gt/S1229L02.png,True,True,,
/Users/hrishi/Desktop/dev/Milestone1 BSAI/checkpoint_deliverable/data/CASIA-Iris-Interval/229/L/S1229L01.jpg,1229_L,1229,L,train,S1229L01,True,/Users/hrishi/Desktop/dev/Milestone1 BSAI/checkpoint_deliverable/data/casia_interval_strips/S1229L01.png,/Users/hrishi/Desktop/dev/Milestone1 BSAI/checkpoint_deliverable/data/casia_interval_strips_gt/S1229L01.png,True,True,,
/Users/hrishi/Desktop/dev/Milestone1 BSAI/checkpoint_deliverable/data/CASIA-Iris-Interval/211/R/S1211R01.jpg,1211_R,1211,R,train,S1211R01,True,/Users/hrishi/Desktop/dev/Milestone1 BSAI/checkpoint_deliverable/data/casia_interval_strips/S1211R01.png,/Users/hrishi/Desktop/dev/Milestone1 BSAI/checkpoint_deliverable/data/casia_interval_strips_gt/S1211R01.png,True,True,,
/Users/hrishi/Desktop/dev/Milestone1 BSAI/checkpoint_deliverable/data/CASIA-Iris-Interval/211/R/S1211R02.jpg,1211_R,1211,R,train,S1211R02,True,/Users/hrishi/Desktop/dev/Milestone1 BSAI/checkpoint_deliverable/data/casia_interval_strips/S1211R02.png,/Users/hrishi/Desktop/dev/Milestone1 BSAI/checkpoint_deliverable/data/casia_interval_strips_gt/S1211R02.png,True,True,,
/Users/hrishi/Desktop/dev/Milestone1 BSAI/checkpoint_deliverable/data/CASIA-Iris-Interval/211/L/S1211L08.jpg,1211_L,1211,L,train,S1211L08,True,/Users/hrishi/Desktop/dev/Milestone1 BSAI/checkpoint_deliverable/data/casia_interval_strips/S1211L08.png,/Users/hrishi/Desktop/dev/Milestone1 BSAI/checkpoint_deliverable/data/casia_interval_strips_gt/S1211L08.png,True,True,,
/Users/hrishi/Desktop/dev/Milestone1 BSAI/checkpoint_deliverable/data/CASIA-Iris-Interval/211/L/S1211L09.jpg,1211_L,1211,L,train,S1211L09,True,/Users/hrishi/Desktop/dev/Milestone1 BSAI/checkpoint_deliverable/data/casia_interval_strips/S1211L09.png,/Users/hrishi/Desktop/dev/Milestone1 BSAI/checkpoint_deliverable/data/casia_interval_strips_gt/S1211L09.png,True,True,,
/Users/hrishi/Desktop/dev/Milestone1 BSAI/checkpoint_deliverable/data/CASIA-Iris-Interval/211/L/S1211L15.jpg,1211_L,1211,L,train,S1211L15,True,/Users/hrishi/Desktop/dev/Milestone1 BSAI/checkpoint_deliverable/data/casia_interval_strips/S1211L15.png,/Users/hrishi/Desktop/dev/Milestone1 BSAI/checkpoint_deliverable/data/casia_interval_strips_gt/S1211L15.png,True,True,,
/Users/hrishi/Desktop/dev/Milestone1 BSAI/checkpoint_deliverable/data/CASIA-Iris-Interval/211/L/S1211L01.jpg,1211_L,1211,L,train,S1211L01,True,/Users/hrishi/Desktop/dev/Milestone1 BSAI/checkpoint_deliverable/data/casia_interval_strips/S1211L01.png,/Users/hrishi/Desktop/dev/Milestone1 BSAI/checkpoint_deliverable/data/casia_interval_strips_gt/S1211L01.png,True,True,,
/Users/hrishi/Desktop/dev/Milestone1 BSAI/checkpoint_deliverable/data/CASIA-Iris-Interval/211/L/S1211L14.jpg,1211_L,1211,L,train,S1211L14,True,/Users/hrishi/Desktop/dev/Milestone1 BSAI/checkpoint_deliverable/data/casia_interval_strips/S1211L14.png,/Users/hrishi/Desktop/dev/Milestone1 BSAI/checkpoint_deliverable/data/casia_interval_strips_gt/S1211L14.png,True,True,,
/Users/hrishi/Desktop/dev/Milestone1 BSAI/checkpoint_deliverable/data/CASIA-Iris-Interval/211/L/S1211L02.jpg,1211_L,1211,L,train,S1211L02,True,/Users/hrishi/Desktop/dev/Milestone1 BSAI/checkpoint_deliverable/data/casia_interval_strips/S1211L02.png,/Users/hrishi/Desktop/dev/Milestone1 BSAI/checkpoint_deliverable/data/casia_interval_strips_gt/S1211L02.png,True,True,,
/Users/hrishi/Desktop/dev/Milestone1 BSAI/checkpoint_deliverable/data/CASIA-Iris-Interval/211/L/S1211L03.jpg,1211_L,1211,L,train,S1211L03,True,/Users/hrishi/Desktop/dev/Milestone1 BSAI/checkpoint_deliverable/data/casia_interval_strips/S1211L03.png,/Users/hrishi/Desktop/dev/Milestone1 BSAI/checkpoint_deliverable/data/casia_interval_strips_gt/S1211L03.png,True,True,,
/Users/hrishi/Desktop/dev/Milestone1 BSAI/checkpoint_deliverable/data/CASIA-Iris-Interval/211/L/S1211L07.jpg,1211_L,1211,L,train,S1211L07,True,/Users/hrishi/Desktop/dev/Milestone1 BSAI/checkpoint_deliverable/data/casia_interval_strips/S1211L07.png,/Users/hrishi/Desktop/dev/Milestone1 BSAI/checkpoint_deliverable/data/casia_interval_strips_gt/S1211L07.png,True,True,,
/Users/hrishi/Desktop/dev/Milestone1 BSAI/checkpoint_deliverable/data/CASIA-Iris-Interval/211/L/S1211L13.jpg,1211_L,1211,L,train,S1211L13,True,/Users/hrishi/Desktop/dev/Milestone1 BSAI/checkpoint_deliverable/data/casia_interval_strips/S1211L13.png,/Users/hrishi/Desktop/dev/Milestone1 BSAI/checkpoint_deliverable/data/casia_interval_strips_gt/S1211L13.png,True,True,,
/Users/hrishi/Desktop/dev/Milestone1 BSAI/checkpoint_deliverable/data/CASIA-Iris-Interval/211/L/S1211L12.jpg,1211_L,1211,L,train,S1211L12,True,/Users/hrishi/Desktop/dev/Milestone1 BSAI/checkpoint_deliverable/data/casia_interval_strips/S1211L12.png,/Users/hrishi/Desktop/dev/Milestone1 BSAI/checkpoint_deliverable/data/casia_interval_strips_gt/S1211L12.png,True,True,,
/Users/hrishi/Desktop/dev/Milestone1 BSAI/checkpoint_deliverable/data/CASIA-Iris-Interval/211/L/S1211L06.jpg,1211_L,1211,L,train,S1211L06,True,/Users/hrishi/Desktop/dev/Milestone1 BSAI/checkpoint_deliverable/data/casia_interval_strips/S1211L06.png,/Users/hrishi/Desktop/dev/Milestone1 BSAI/checkpoint_deliverable/data/casia_interval_strips_gt/S1211L06.png,True,True,,
/Users/hrishi/Desktop/dev/Milestone1 BSAI/checkpoint_deliverable/data/CASIA-Iris-Interval/211/L/S1211L10.jpg,1211_L,1211,L,train,S1211L10,True,/Users/hrishi/Desktop/dev/Milestone1 BSAI/checkpoint_deliverable/data/casia_interval_strips/S1211L10.png,/Users/hrishi/Desktop/dev/Milestone1 BSAI/checkpoint_deliverable/data/casia_interval_strips_gt/S1211L10.png,True,True,,
/Users/hrishi/Desktop/dev/Milestone1 BSAI/checkpoint_deliverable/data/CASIA-Iris-Interval/211/L/S1211L04.jpg,1211_L,1211,L,train,S1211L04,True,/Users/hrishi/Desktop/dev/Milestone1 BSAI/checkpoint_deliverable/data/casia_interval_strips/S1211L04.png,/Users/hrishi/Desktop/dev/Milestone1 BSAI/checkpoint_deliverable/data/casia_interval_strips_gt/S1211L04.png,True,True,,
/Users/hrishi/Desktop/dev/Milestone1 BSAI/checkpoint_deliverable/data/CASIA-Iris-Interval/211/L/S1211L05.jpg,1211_L,1211,L,train,S1211L05,True,/Users/hrishi/Desktop/dev/Milestone1 BSAI/checkpoint_deliverable/data/casia_interval_strips/S1211L05.png,/Users/hrishi/Desktop/dev/Milestone1 BSAI/checkpoint_deliverable/data/casia_interval_strips_gt/S1211L05.png,True,True,,
/Users/hrishi/Desktop/dev/Milestone1 BSAI/checkpoint_deliverable/data/CASIA-Iris-Interval/211/L/S1211L11.jpg,1211_L,1211,L,train,S1211L11,True,/Users/hrishi/Desktop/dev/Milestone1 BSAI/checkpoint_deliverable/data/casia_interval_strips/S1211L11.png,/Users/hrishi/Desktop/dev/Milestone1 BSAI/checkpoint_deliverable/data/casia_interval_strips_gt/S1211L11.png,True,True,,
/Users/hrishi/Desktop/dev/Milestone1 BSAI/checkpoint_deliverable/data/CASIA-Iris-Interval/023/R/S1023R05.jpg,1023_R,1023,R,train,S1023R05,True,/Users/hrishi/Desktop/dev/Milestone1 BSAI/checkpoint_deliverable/data/casia_interval_strips/S1023R05.png,/Users/hrishi/Desktop/dev/Milestone1 BSAI/checkpoint_deliverable/data/casia_interval_strips_gt/S1023R05.png,True,True,,
/Users/hrishi/Desktop/dev/Milestone1 BSAI/checkpoint_deliverable/data/CASIA-Iris-Interval/023/R/S1023R04.jpg,1023_R,1023,R,train,S1023R04,True,/Users/hrishi/Desktop/dev/Milestone1 BSAI/checkpoint_deliverable/data/casia_interval_strips/S1023R04.png,/Users/hrishi/Desktop/dev/Milestone1 BSAI/checkpoint_deliverable/data/casia_interval_strips_gt/S1023R04.png,True,True,,
/Users/hrishi/Desktop/dev/Milestone1 BSAI/checkpoint_deliverable/data/CASIA-Iris-Interval/023/R/S1023R03.jpg,1023_R,1023,R,train,S1023R03,True,/Users/hrishi/Desktop/dev/Milestone1 BSAI/checkpoint_deliverable/data/casia_interval_strips/S1023R03.png,/Users/hrishi/Desktop/dev/Milestone1 BSAI/checkpoint_deliverable/data/casia_interval_strips_gt/S1023R03.png,True,True,,
/Users/hrishi/Desktop/dev/Milestone1 BSAI/checkpoint_deliverable/data/CASIA-Iris-Interval/023/R/S1023R02.jpg,1023_R,1023,R,train,S1023R02,True,/Users/hrishi/Desktop/dev/Milestone1 BSAI/checkpoint_deliverable/data/casia_interval_strips/S1023R02.png,/Users/hrishi/Desktop/dev/Milestone1 BSAI/checkpoint_deliverable/data/casia_interval_strips_gt/S1023R02.png,True,True,,
/Users/hrishi/Desktop/dev/Milestone1 BSAI/checkpoint_deliverable/data/CASIA-Iris-Interval/023/R/S1023R01.jpg,1023_R,1023,R,train,S1023R01,True,/Users/hrishi/Desktop/dev/Milestone1 BSAI/checkpoint_deliverable/data/casia_interval_strips/S1023R01.png,/Users/hrishi/Desktop/dev/Milestone1 BSAI/checkpoint_deliverable/data/casia_interval_strips_gt/S1023R01.png,True,True,,
/Users/hrishi/Desktop/dev/Milestone1 BSAI/checkpoint_deliverable/data/CASIA-Iris-Interval/227/R/S1227R01.jpg,1227_R,1227,R,test,S1227R01,True,/Users/hrishi/Desktop/dev/Milestone1 BSAI/checkpoint_deliverable/data/casia_interval_strips/S1227R01.png,/Users/hrishi/Desktop/dev/Milestone1 BSAI/checkpoint_deliverable/data/casia_interval_strips_gt/S1227R01.png,True,True,,
/Users/hrishi/Desktop/dev/Milestone1 BSAI/checkpoint_deliverable/data/CASIA-Iris-Interval/227/L/S1227L01.jpg,1227_L,1227,L,train,S1227L01,True,/Users/hrishi/Desktop/dev/Milestone1 BSAI/checkpoint_deliverable/data/casia_interval_strips/S1227L01.png,/Users/hrishi/Desktop/dev/Milestone1 BSAI/checkpoint_deliverable/data/casia_interval_strips_gt/S1227L01.png,True,True,,
/Users/hrishi/Desktop/dev/Milestone1 BSAI/checkpoint_deliverable/data/CASIA-Iris-Interval/227/L/S1227L03.jpg,1227_L,1227,L,train,S1227L03,True,/Users/hrishi/Desktop/dev/Milestone1 BSAI/checkpoint_deliverable/data/casia_interval_strips/S1227L03.png,/Users/hrishi/Desktop/dev/Milestone1 BSAI/checkpoint_deliverable/data/casia_interval_strips_gt/S1227L03.png,True,True,,
/Users/hrishi/Desktop/dev/Milestone1 BSAI/checkpoint_deliverable/data/CASIA-Iris-Interval/227/L/S1227L02.jpg,1227_L,1227,L,train,S1227L02,True,/Users/hrishi/Desktop/dev/Milestone1 BSAI/checkpoint_deliverable/data/casia_interval_strips/S1227L02.png,/Users/hrishi/Desktop/dev/Milestone1 BSAI/checkpoint_deliverable/data/casia_interval_strips_gt/S1227L02.png,True,True,,
/Users/hrishi/Desktop/dev/Milestone1 BSAI/checkpoint_deliverable/data/CASIA-Iris-Interval/227/L/S1227L05.jpg,1227_L,1227,L,train,S1227L05,True,/Users/hrishi/Desktop/dev/Milestone1 BSAI/checkpoint_deliverable/data/casia_interval_strips/S1227L05.png,/Users/hrishi/Desktop/dev/Milestone1 BSAI/checkpoint_deliverable/data/casia_interval_strips_gt/S1227L05.png,True,True,,
/Users/hrishi/Desktop/dev/Milestone1 BSAI/checkpoint_deliverable/data/CASIA-Iris-Interval/227/L/S1227L04.jpg,1227_L,1227,L,train,S1227L04,True,/Users/hrishi/Desktop/dev/Milestone1 BSAI/checkpoint_deliverable/data/casia_interval_strips/S1227L04.png,/Users/hrishi/Desktop/dev/Milestone1 BSAI/checkpoint_deliverable/data/casia_interval_strips_gt/S1227L04.png,True,True,,
/Users/hrishi/Desktop/dev/Milestone1 BSAI/checkpoint_deliverable/data/CASIA-Iris-Interval/015/R/S1015R04.jpg,1015_R,1015,R,val,S1015R04,True,/Users/hrishi/Desktop/dev/Milestone1 BSAI/checkpoint_deliverable/data/casia_interval_strips/S1015R04.png,/Users/hrishi/Desktop/dev/Milestone1 BSAI/checkpoint_deliverable/data/casia_interval_strips_gt/S1015R04.png,True,True,,
/Users/hrishi/Desktop/dev/Milestone1 BSAI/checkpoint_deliverable/data/CASIA-Iris-Interval/015/R/S1015R05.jpg,1015_R,1015,R,val,S1015R05,True,/Users/hrishi/Desktop/dev/Milestone1 BSAI/checkpoint_deliverable/data/casia_interval_strips/S1015R05.png,/Users/hrishi/Desktop/dev/Milestone1 BSAI/checkpoint_deliverable/data/casia_interval_strips_gt/S1015R05.png,True,True,,
/Users/hrishi/Desktop/dev/Milestone1 BSAI/checkpoint_deliverable/data/CASIA-Iris-Interval/015/R/S1015R02.jpg,1015_R,1015,R,val,S1015R02,True,/Users/hrishi/Desktop/dev/Milestone1 BSAI/checkpoint_deliverable/data/casia_interval_strips/S1015R02.png,/Users/hrishi/Desktop/dev/Milestone1 BSAI/checkpoint_deliverable/data/casia_interval_strips_gt/S1015R02.png,True,True,,
/Users/hrishi/Desktop/dev/Milestone1 BSAI/checkpoint_deliverable/data/CASIA-Iris-Interval/015/R/S1015R03.jpg,1015_R,1015,R,val,S1015R03,True,/Users/hrishi/Desktop/dev/Milestone1 BSAI/checkpoint_deliverable/data/casia_interval_strips/S1015R03.png,/Users/hrishi/Desktop/dev/Milestone1 BSAI/checkpoint_deliverable/data/casia_interval_strips_gt/S1015R03.png,True,True,,
/Users/hrishi/Desktop/dev/Milestone1 BSAI/checkpoint_deliverable/data/CASIA-Iris-Interval/015/R/S1015R01.jpg,1015_R,1015,R,val,S1015R01,True,/Users/hrishi/Desktop/dev/Milestone1 BSAI/checkpoint_deliverable/data/casia_interval_strips/S1015R01.png,/Users/hrishi/Desktop/dev/Milestone1 BSAI/checkpoint_deliverable/data/casia_interval_strips_gt/S1015R01.png,True,True,,
/Users/hrishi/Desktop/dev/Milestone1 BSAI/checkpoint_deliverable/data/CASIA-Iris-Interval/218/R/S1218R03.jpg,1218_R,1218,R,train,S1218R03,True,/Users/hrishi/Desktop/dev/Milestone1 BSAI/checkpoint_deliverable/data/casia_interval_strips/S1218R03.png,/Users/hrishi/Desktop/dev/Milestone1 BSAI/checkpoint_deliverable/data/casia_interval_strips_gt/S1218R03.png,True,True,,
/Users/hrishi/Desktop/dev/Milestone1 BSAI/checkpoint_deliverable/data/CASIA-Iris-Interval/218/R/S1218R02.jpg,1218_R,1218,R,train,S1218R02,True,/Users/hrishi/Desktop/dev/Milestone1 BSAI/checkpoint_deliverable/data/casia_interval_strips/S1218R02.png,/Users/hrishi/Desktop/dev/Milestone1 BSAI/checkpoint_deliverable/data/casia_interval_strips_gt/S1218R02.png,True,True,,
/Users/hrishi/Desktop/dev/Milestone1 BSAI/checkpoint_deliverable/data/CASIA-Iris-Interval/218/R/S1218R14.jpg,1218_R,1218,R,train,S1218R14,True,/Users/hrishi/Desktop/dev/Milestone1 BSAI/checkpoint_deliverable/data/casia_interval_strips/S1218R14.png,/Users/hrishi/Desktop/dev/Milestone1 BSAI/checkpoint_deliverable/data/casia_interval_strips_gt/S1218R14.png,True,True,,
/Users/hrishi/Desktop/dev/Milestone1 BSAI/checkpoint_deliverable/data/CASIA-Iris-Interval/218/R/S1218R01.jpg,1218_R,1218,R,train,S1218R01,True,/Users/hrishi/Desktop/dev/Milestone1 BSAI/checkpoint_deliverable/data/casia_interval_strips/S1218R01.png,/Users/hrishi/Desktop/dev/Milestone1 BSAI/checkpoint_deliverable/data/casia_interval_strips_gt/S1218R01.png,True,True,,
/Users/hrishi/Desktop/dev/Milestone1 BSAI/checkpoint_deliverable/data/CASIA-Iris-Interval/218/R/S1218R15.jpg,1218_R,1218,R,train,S1218R15,True,/Users/hrishi/Desktop/dev/Milestone1 BSAI/checkpoint_deliverable/data/casia_interval_strips/S1218R15.png,/Users/hrishi/Desktop/dev/Milestone1 BSAI/checkpoint_deliverable/data/casia_interval_strips_gt/S1218R15.png,True,True,,
/Users/hrishi/Desktop/dev/Milestone1 BSAI/checkpoint_deliverable/data/CASIA-Iris-Interval/218/R/S1218R11.jpg,1218_R,1218,R,train,S1218R11,True,/Users/hrishi/Desktop/dev/Milestone1 BSAI/checkpoint_deliverable/data/casia_interval_strips/S1218R11.png,/Users/hrishi/Desktop/dev/Milestone1 BSAI/checkpoint_deliverable/data/casia_interval_strips_gt/S1218R11.png,True,True,,
/Users/hrishi/Desktop/dev/Milestone1 BSAI/checkpoint_deliverable/data/CASIA-Iris-Interval/218/R/S1218R05.jpg,1218_R,1218,R,train,S1218R05,True,/Users/hrishi/Desktop/dev/Milestone1 BSAI/checkpoint_deliverable/data/casia_interval_strips/S1218R05.png,/Users/hrishi/Desktop/dev/Milestone1 BSAI/checkpoint_deliverable/data/casia_interval_strips_gt/S1218R05.png,True,True,,
/Users/hrishi/Desktop/dev/Milestone1 BSAI/checkpoint_deliverable/data/CASIA-Iris-Interval/218/R/S1218R04.jpg,1218_R,1218,R,train,S1218R04,True,/Users/hrishi/Desktop/dev/Milestone1 BSAI/checkpoint_deliverable/data/casia_interval_strips/S1218R04.png,/Users/hrishi/Desktop/dev/Milestone1 BSAI/checkpoint_deliverable/data/casia_interval_strips_gt/S1218R04.png,True,True,,
/Users/hrishi/Desktop/dev/Milestone1 BSAI/checkpoint_deliverable/data/CASIA-Iris-Interval/218/R/S1218R10.jpg,1218_R,1218,R,train,S1218R10,True,/Users/hrishi/Desktop/dev/Milestone1 BSAI/checkpoint_deliverable/data/casia_interval_strips/S1218R10.png,/Users/hrishi/Desktop/dev/Milestone1 BSAI/checkpoint_deliverable/data/casia_interval_strips_gt/S1218R10.png,True,True,,
/Users/hrishi/Desktop/dev/Milestone1 BSAI/checkpoint_deliverable/data/CASIA-Iris-Interval/218/R/S1218R06.jpg,1218_R,1218,R,train,S1218R06,True,/Users/hrishi/Desktop/dev/Milestone1 BSAI/checkpoint_deliverable/data/casia_interval_strips/S1218R06.png,/Users/hrishi/Desktop/dev/Milestone1 BSAI/checkpoint_deliverable/data/casia_interval_strips_gt/S1218R06.png,True,True,,
/Users/hrishi/Desktop/dev/Milestone1 BSAI/checkpoint_deliverable/data/CASIA-Iris-Interval/218/R/S1218R12.jpg,1218_R,1218,R,train,S1218R12,True,/Users/hrishi/Desktop/dev/Milestone1 BSAI/checkpoint_deliverable/data/casia_interval_strips/S1218R12.png,/Users/hrishi/Desktop/dev/Milestone1 BSAI/checkpoint_deliverable/data/casia_interval_strips_gt/S1218R12.png,True,True,,
/Users/hrishi/Desktop/dev/Milestone1 BSAI/checkpoint_deliverable/data/CASIA-Iris-Interval/218/R/S1218R13.jpg,1218_R,1218,R,train,S1218R13,True,/Users/hrishi/Desktop/dev/Milestone1 BSAI/checkpoint_deliverable/data/casia_interval_strips/S1218R13.png,/Users/hrishi/Desktop/dev/Milestone1 BSAI/checkpoint_deliverable/data/casia_interval_strips_gt/S1218R13.png,True,True,,
/Users/hrishi/Desktop/dev/Milestone1 BSAI/checkpoint_deliverable/data/CASIA-Iris-Interval/218/R/S1218R07.jpg,1218_R,1218,R,train,S1218R07,True,/Users/hrishi/Desktop/dev/Milestone1 BSAI/checkpoint_deliverable/data/casia_interval_strips/S1218R07.png,/Users/hrishi/Desktop/dev/Milestone1 BSAI/checkpoint_deliverable/data/casia_interval_strips_gt/S1218R07.png,True,True,,
/Users/hrishi/Desktop/dev/Milestone1 BSAI/checkpoint_deliverable/data/CASIA-Iris-Interval/218/R/S1218R09.jpg,1218_R,1218,R,train,S1218R09,True,/Users/hrishi/Desktop/dev/Milestone1 BSAI/checkpoint_deliverable/data/casia_interval_strips/S1218R09.png,/Users/hrishi/Desktop/dev/Milestone1 BSAI/checkpoint_deliverable/data/casia_interval_strips_gt/S1218R09.png,True,True,,
/Users/hrishi/Desktop/dev/Milestone1 BSAI/checkpoint_deliverable/data/CASIA-Iris-Interval/218/R/S1218R08.jpg,1218_R,1218,R,train,S1218R08,True,/Users/hrishi/Desktop/dev/Milestone1 BSAI/checkpoint_deliverable/data/casia_interval_strips/S1218R08.png,/Users/hrishi/Desktop/dev/Milestone1 BSAI/checkpoint_deliverable/data/casia_interval_strips_gt/S1218R08.png,True,True,,
/Users/hrishi/Desktop/dev/Milestone1 BSAI/checkpoint_deliverable/data/CASIA-Iris-Interval/218/L/S1218L02.jpg,1218_L,1218,L,val,S1218L02,True,/Users/hrishi/Desktop/dev/Milestone1 BSAI/checkpoint_deliverable/data/casia_interval_strips/S1218L02.png,/Users/hrishi/Desktop/dev/Milestone1 BSAI/checkpoint_deliverable/data/casia_interval_strips_gt/S1218L02.png,True,True,,
/Users/hrishi/Desktop/dev/Milestone1 BSAI/checkpoint_deliverable/data/CASIA-Iris-Interval/218/L/S1218L03.jpg,1218_L,1218,L,val,S1218L03,True,/Users/hrishi/Desktop/dev/Milestone1 BSAI/checkpoint_deliverable/data/casia_interval_strips/S1218L03.png,/Users/hrishi/Desktop/dev/Milestone1 BSAI/checkpoint_deliverable/data/casia_interval_strips_gt/S1218L03.png,True,True,,
/Users/hrishi/Desktop/dev/Milestone1 BSAI/checkpoint_deliverable/data/CASIA-Iris-Interval/218/L/S1218L01.jpg,1218_L,1218,L,val,S1218L01,True,/Users/hrishi/Desktop/dev/Milestone1 BSAI/checkpoint_deliverable/data/casia_interval_strips/S1218L01.png,/Users/hrishi/Desktop/dev/Milestone1 BSAI/checkpoint_deliverable/data/casia_interval_strips_gt/S1218L01.png,True,True,,
/Users/hrishi/Desktop/dev/Milestone1 BSAI/checkpoint_deliverable/data/CASIA-Iris-Interval/012/R/S1012R04.jpg,1012_R,1012,R,train,S1012R04,True,/Users/hrishi/Desktop/dev/Milestone1 BSAI/checkpoint_deliverable/data/casia_interval_strips/S1012R04.png,/Users/hrishi/Desktop/dev/Milestone1 BSAI/checkpoint_deliverable/data/casia_interval_strips_gt/S1012R04.png,True,True,,
/Users/hrishi/Desktop/dev/Milestone1 BSAI/checkpoint_deliverable/data/CASIA-Iris-Interval/012/R/S1012R05.jpg,1012_R,1012,R,train,S1012R05,True,/Users/hrishi/Desktop/dev/Milestone1 BSAI/checkpoint_deliverable/data/casia_interval_strips/S1012R05.png,/Users/hrishi/Desktop/dev/Milestone1 BSAI/checkpoint_deliverable/data/casia_interval_strips_gt/S1012R05.png,True,True,,
/Users/hrishi/Desktop/dev/Milestone1 BSAI/checkpoint_deliverable/data/CASIA-Iris-Interval/012/R/S1012R06.jpg,1012_R,1012,R,train,S1012R06,True,/Users/hrishi/Desktop/dev/Milestone1 BSAI/checkpoint_deliverable/data/casia_interval_strips/S1012R06.png,/Users/hrishi/Desktop/dev/Milestone1 BSAI/checkpoint_deliverable/data/casia_interval_strips_gt/S1012R06.png,True,True,,
/Users/hrishi/Desktop/dev/Milestone1 BSAI/checkpoint_deliverable/data/CASIA-Iris-Interval/012/R/S1012R02.jpg,1012_R,1012,R,train,S1012R02,True,/Users/hrishi/Desktop/dev/Milestone1 BSAI/checkpoint_deliverable/data/casia_interval_strips/S1012R02.png,/Users/hrishi/Desktop/dev/Milestone1 BSAI/checkpoint_deliverable/data/casia_interval_strips_gt/S1012R02.png,True,True,,
/Users/hrishi/Desktop/dev/Milestone1 BSAI/checkpoint_deliverable/data/CASIA-Iris-Interval/012/R/S1012R03.jpg,1012_R,1012,R,train,S1012R03,True,/Users/hrishi/Desktop/dev/Milestone1 BSAI/checkpoint_deliverable/data/casia_interval_strips/S1012R03.png,/Users/hrishi/Desktop/dev/Milestone1 BSAI/checkpoint_deliverable/data/casia_interval_strips_gt/S1012R03.png,True,True,,
/Users/hrishi/Desktop/dev/Milestone1 BSAI/checkpoint_deliverable/data/CASIA-Iris-Interval/012/R/S1012R01.jpg,1012_R,1012,R,train,S1012R01,True,/Users/hrishi/Desktop/dev/Milestone1 BSAI/checkpoint_deliverable/data/casia_interval_strips/S1012R01.png,/Users/hrishi/Desktop/dev/Milestone1 BSAI/checkpoint_deliverable/data/casia_interval_strips_gt/S1012R01.png,True,True,,
/Users/hrishi/Desktop/dev/Milestone1 BSAI/checkpoint_deliverable/data/CASIA-Iris-Interval/220/L/S1220L01.jpg,1220_L,1220,L,train,S1220L01,True,/Users/hrishi/Desktop/dev/Milestone1 BSAI/checkpoint_deliverable/data/casia_interval_strips/S1220L01.png,/Users/hrishi/Desktop/dev/Milestone1 BSAI/checkpoint_deliverable/data/casia_interval_strips_gt/S1220L01.png,True,True,,
/Users/hrishi/Desktop/dev/Milestone1 BSAI/checkpoint_deliverable/data/CASIA-Iris-Interval/220/L/S1220L03.jpg,1220_L,1220,L,train,S1220L03,True,/Users/hrishi/Desktop/dev/Milestone1 BSAI/checkpoint_deliverable/data/casia_interval_strips/S1220L03.png,/Users/hrishi/Desktop/dev/Milestone1 BSAI/checkpoint_deliverable/data/casia_interval_strips_gt/S1220L03.png,True,True,,
/Users/hrishi/Desktop/dev/Milestone1 BSAI/checkpoint_deliverable/data/CASIA-Iris-Interval/220/L/S1220L02.jpg,1220_L,1220,L,train,S1220L02,True,/Users/hrishi/Desktop/dev/Milestone1 BSAI/checkpoint_deliverable/data/casia_interval_strips/S1220L02.png,/Users/hrishi/Desktop/dev/Milestone1 BSAI/checkpoint_deliverable/data/casia_interval_strips_gt/S1220L02.png,True,True,,
/Users/hrishi/Desktop/dev/Milestone1 BSAI/checkpoint_deliverable/data/CASIA-Iris-Interval/220/L/S1220L06.jpg,1220_L,1220,L,train,S1220L06,True,/Users/hrishi/Desktop/dev/Milestone1 BSAI/checkpoint_deliverable/data/casia_interval_strips/S1220L06.png,/Users/hrishi/Desktop/dev/Milestone1 BSAI/checkpoint_deliverable/data/casia_interval_strips_gt/S1220L06.png,True,True,,
/Users/hrishi/Desktop/dev/Milestone1 BSAI/checkpoint_deliverable/data/CASIA-Iris-Interval/220/L/S1220L05.jpg,1220_L,1220,L,train,S1220L05,True,/Users/hrishi/Desktop/dev/Milestone1 BSAI/checkpoint_deliverable/data/casia_interval_strips/S1220L05.png,/Users/hrishi/Desktop/dev/Milestone1 BSAI/checkpoint_deliverable/data/casia_interval_strips_gt/S1220L05.png,True,True,,
/Users/hrishi/Desktop/dev/Milestone1 BSAI/checkpoint_deliverable/data/CASIA-Iris-Interval/220/L/S1220L04.jpg,1220_L,1220,L,train,S1220L04,True,/Users/hrishi/Desktop/dev/Milestone1 BSAI/checkpoint_deliverable/data/casia_interval_strips/S1220L04.png,/Users/hrishi/Desktop/dev/Milestone1 BSAI/checkpoint_deliverable/data/casia_interval_strips_gt/S1220L04.png,True,True,,
/Users/hrishi/Desktop/dev/Milestone1 BSAI/checkpoint_deliverable/data/CASIA-Iris-Interval/079/R/S1079R03.jpg,1079_R,1079,R,train,S1079R03,True,/Users/hrishi/Desktop/dev/Milestone1 BSAI/checkpoint_deliverable/data/casia_interval_strips/S1079R03.png,/Users/hrishi/Desktop/dev/Milestone1 BSAI/checkpoint_deliverable/data/casia_interval_strips_gt/S1079R03.png,True,True,,
/Users/hrishi/Desktop/dev/Milestone1 BSAI/checkpoint_deliverable/data/CASIA-Iris-Interval/079/R/S1079R02.jpg,1079_R,1079,R,train,S1079R02,True,/Users/hrishi/Desktop/dev/Milestone1 BSAI/checkpoint_deliverable/data/casia_interval_strips/S1079R02.png,/Users/hrishi/Desktop/dev/Milestone1 BSAI/checkpoint_deliverable/data/casia_interval_strips_gt/S1079R02.png,True,True,,
/Users/hrishi/Desktop/dev/Milestone1 BSAI/checkpoint_deliverable/data/CASIA-Iris-Interval/079/R/S1079R01.jpg,1079_R,1079,R,train,S1079R01,True,/Users/hrishi/Desktop/dev/Milestone1 BSAI/checkpoint_deliverable/data/casia_interval_strips/S1079R01.png,/Users/hrishi/Desktop/dev/Milestone1 BSAI/checkpoint_deliverable/data/casia_interval_strips_gt/S1079R01.png,True,True,,
/Users/hrishi/Desktop/dev/Milestone1 BSAI/checkpoint_deliverable/data/CASIA-Iris-Interval/079/R/S1079R05.jpg,1079_R,1079,R,train,S1079R05,True,/Users/hrishi/Desktop/dev/Milestone1 BSAI/checkpoint_deliverable/data/casia_interval_strips/S1079R05.png,/Users/hrishi/Desktop/dev/Milestone1 BSAI/checkpoint_deliverable/data/casia_interval_strips_gt/S1079R05.png,True,True,,
/Users/hrishi/Desktop/dev/Milestone1 BSAI/checkpoint_deliverable/data/CASIA-Iris-Interval/079/R/S1079R04.jpg,1079_R,1079,R,train,S1079R04,True,/Users/hrishi/Desktop/dev/Milestone1 BSAI/checkpoint_deliverable/data/casia_interval_strips/S1079R04.png,/Users/hrishi/Desktop/dev/Milestone1 BSAI/checkpoint_deliverable/data/casia_interval_strips_gt/S1079R04.png,True,True,,
/Users/hrishi/Desktop/dev/Milestone1 BSAI/checkpoint_deliverable/data/CASIA-Iris-Interval/079/R/S1079R06.jpg,1079_R,1079,R,train,S1079R06,True,/Users/hrishi/Desktop/dev/Milestone1 BSAI/checkpoint_deliverable/data/casia_interval_strips/S1079R06.png,/Users/hrishi/Desktop/dev/Milestone1 BSAI/checkpoint_deliverable/data/casia_interval_strips_gt/S1079R06.png,True,True,,
/Users/hrishi/Desktop/dev/Milestone1 BSAI/checkpoint_deliverable/data/CASIA-Iris-Interval/079/R/S1079R07.jpg,1079_R,1079,R,train,S1079R07,True,/Users/hrishi/Desktop/dev/Milestone1 BSAI/checkpoint_deliverable/data/casia_interval_strips/S1079R07.png,/Users/hrishi/Desktop/dev/Milestone1 BSAI/checkpoint_deliverable/data/casia_interval_strips_gt/S1079R07.png,True,True,,
/Users/hrishi/Desktop/dev/Milestone1 BSAI/checkpoint_deliverable/data/CASIA-Iris-Interval/079/L/S1079L04.jpg,1079_L,1079,L,val,S1079L04,True,/Users/hrishi/Desktop/dev/Milestone1 BSAI/checkpoint_deliverable/data/casia_interval_strips/S1079L04.png,/Users/hrishi/Desktop/dev/Milestone1 BSAI/checkpoint_deliverable/data/casia_interval_strips_gt/S1079L04.png,True,True,,
/Users/hrishi/Desktop/dev/Milestone1 BSAI/checkpoint_deliverable/data/CASIA-Iris-Interval/079/L/S1079L05.jpg,1079_L,1079,L,val,S1079L05,True,/Users/hrishi/Desktop/dev/Milestone1 BSAI/checkpoint_deliverable/data/casia_interval_strips/S1079L05.png,/Users/hrishi/Desktop/dev/Milestone1 BSAI/checkpoint_deliverable/data/casia_interval_strips_gt/S1079L05.png,True,True,,
/Users/hrishi/Desktop/dev/Milestone1 BSAI/checkpoint_deliverable/data/CASIA-Iris-Interval/079/L/S1079L07.jpg,1079_L,1079,L,val,S1079L07,True,/Users/hrishi/Desktop/dev/Milestone1 BSAI/checkpoint_deliverable/data/casia_interval_strips/S1079L07.png,/Users/hrishi/Desktop/dev/Milestone1 BSAI/checkpoint_deliverable/data/casia_interval_strips_gt/S1079L07.png,True,True,,
/Users/hrishi/Desktop/dev/Milestone1 BSAI/checkpoint_deliverable/data/CASIA-Iris-Interval/079/L/S1079L06.jpg,1079_L,1079,L,val,S1079L06,True,/Users/hrishi/Desktop/dev/Milestone1 BSAI/checkpoint_deliverable/data/casia_interval_strips/S1079L06.png,/Users/hrishi/Desktop/dev/Milestone1 BSAI/checkpoint_deliverable/data/casia_interval_strips_gt/S1079L06.png,True,True,,
/Users/hrishi/Desktop/dev/Milestone1 BSAI/checkpoint_deliverable/data/CASIA-Iris-Interval/079/L/S1079L02.jpg,1079_L,1079,L,val,S1079L02,True,/Users/hrishi/Desktop/dev/Milestone1 BSAI/checkpoint_deliverable/data/casia_interval_strips/S1079L02.png,/Users/hrishi/Desktop/dev/Milestone1 BSAI/checkpoint_deliverable/data/casia_interval_strips_gt/S1079L02.png,True,True,,
/Users/hrishi/Desktop/dev/Milestone1 BSAI/checkpoint_deliverable/data/CASIA-Iris-Interval/079/L/S1079L03.jpg,1079_L,1079,L,val,S1079L03,True,/Users/hrishi/Desktop/dev/Milestone1 BSAI/checkpoint_deliverable/data/casia_interval_strips/S1079L03.png,/Users/hrishi/Desktop/dev/Milestone1 BSAI/checkpoint_deliverable/data/casia_interval_strips_gt/S1079L03.png,True,True,,
/Users/hrishi/Desktop/dev/Milestone1 BSAI/checkpoint_deliverable/data/CASIA-Iris-Interval/079/L/S1079L01.jpg,1079_L,1079,L,val,S1079L01,True,/Users/hrishi/Desktop/dev/Milestone1 BSAI/checkpoint_deliverable/data/casia_interval_strips/S1079L01.png,/Users/hrishi/Desktop/dev/Milestone1 BSAI/checkpoint_deliverable/data/casia_interval_strips_gt/S1079L01.png,True,True,,
/Users/hrishi/Desktop/dev/Milestone1 BSAI/checkpoint_deliverable/data/CASIA-Iris-Interval/046/R/S1046R04.jpg,1046_R,1046,R,val,S1046R04,True,/Users/hrishi/Desktop/dev/Milestone1 BSAI/checkpoint_deliverable/data/casia_interval_strips/S1046R04.png,/Users/hrishi/Desktop/dev/Milestone1 BSAI/checkpoint_deliverable/data/casia_interval_strips_gt/S1046R04.png,True,True,,
/Users/hrishi/Desktop/dev/Milestone1 BSAI/checkpoint_deliverable/data/CASIA-Iris-Interval/046/R/S1046R01.jpg,1046_R,1046,R,val,S1046R01,True,/Users/hrishi/Desktop/dev/Milestone1 BSAI/checkpoint_deliverable/data/casia_interval_strips/S1046R01.png,/Users/hrishi/Desktop/dev/Milestone1 BSAI/checkpoint_deliverable/data/casia_interval_strips_gt/S1046R01.png,True,True,,
/Users/hrishi/Desktop/dev/Milestone1 BSAI/checkpoint_deliverable/data/CASIA-Iris-Interval/046/R/S1046R02.jpg,1046_R,1046,R,val,S1046R02,True,/Users/hrishi/Desktop/dev/Milestone1 BSAI/checkpoint_deliverable/data/casia_interval_strips/S1046R02.png,/Users/hrishi/Desktop/dev/Milestone1 BSAI/checkpoint_deliverable/data/casia_interval_strips_gt/S1046R02.png,True,True,,
/Users/hrishi/Desktop/dev/Milestone1 BSAI/checkpoint_deliverable/data/CASIA-Iris-Interval/046/R/S1046R03.jpg,1046_R,1046,R,val,S1046R03,True,/Users/hrishi/Desktop/dev/Milestone1 BSAI/checkpoint_deliverable/data/casia_interval_strips/S1046R03.png,/Users/hrishi/Desktop/dev/Milestone1 BSAI/checkpoint_deliverable/data/casia_interval_strips_gt/S1046R03.png,True,True,,
/Users/hrishi/Desktop/dev/Milestone1 BSAI/checkpoint_deliverable/data/CASIA-Iris-Interval/041/L/S1041L01.jpg,1041_L,1041,L,train,S1041L01,True,/Users/hrishi/Desktop/dev/Milestone1 BSAI/checkpoint_deliverable/data/casia_interval_strips/S1041L01.png,/Users/hrishi/Desktop/dev/Milestone1 BSAI/checkpoint_deliverable/data/casia_interval_strips_gt/S1041L01.png,True,True,,
/Users/hrishi/Desktop/dev/Milestone1 BSAI/checkpoint_deliverable/data/CASIA-Iris-Interval/041/L/S1041L03.jpg,1041_L,1041,L,train,S1041L03,True,/Users/hrishi/Desktop/dev/Milestone1 BSAI/checkpoint_deliverable/data/casia_interval_strips/S1041L03.png,/Users/hrishi/Desktop/dev/Milestone1 BSAI/checkpoint_deliverable/data/casia_interval_strips_gt/S1041L03.png,True,True,,
/Users/hrishi/Desktop/dev/Milestone1 BSAI/checkpoint_deliverable/data/CASIA-Iris-Interval/041/L/S1041L02.jpg,1041_L,1041,L,train,S1041L02,True,/Users/hrishi/Desktop/dev/Milestone1 BSAI/checkpoint_deliverable/data/casia_interval_strips/S1041L02.png,/Users/hrishi/Desktop/dev/Milestone1 BSAI/checkpoint_deliverable/data/casia_interval_strips_gt/S1041L02.png,True,True,,
/Users/hrishi/Desktop/dev/Milestone1 BSAI/checkpoint_deliverable/data/CASIA-Iris-Interval/041/L/S1041L05.jpg,1041_L,1041,L,train,S1041L05,True,/Users/hrishi/Desktop/dev/Milestone1 BSAI/checkpoint_deliverable/data/casia_interval_strips/S1041L05.png,/Users/hrishi/Desktop/dev/Milestone1 BSAI/checkpoint_deliverable/data/casia_interval_strips_gt/S1041L05.png,True,True,,
/Users/hrishi/Desktop/dev/Milestone1 BSAI/checkpoint_deliverable/data/CASIA-Iris-Interval/041/L/S1041L04.jpg,1041_L,1041,L,train,S1041L04,True,/Users/hrishi/Desktop/dev/Milestone1 BSAI/checkpoint_deliverable/data/casia_interval_strips/S1041L04.png,/Users/hrishi/Desktop/dev/Milestone1 BSAI/checkpoint_deliverable/data/casia_interval_strips_gt/S1041L04.png,True,True,,
/Users/hrishi/Desktop/dev/Milestone1 BSAI/checkpoint_deliverable/data/CASIA-Iris-Interval/048/R/S1048R02.jpg,1048_R,1048,R,train,S1048R02,True,/Users/hrishi/Desktop/dev/Milestone1 BSAI/checkpoint_deliverable/data/casia_interval_strips/S1048R02.png,/Users/hrishi/Desktop/dev/Milestone1 BSAI/checkpoint_deliverable/data/casia_interval_strips_gt/S1048R02.png,True,True,,
/Users/hrishi/Desktop/dev/Milestone1 BSAI/checkpoint_deliverable/data/CASIA-Iris-Interval/048/R/S1048R03.jpg,1048_R,1048,R,train,S1048R03,True,/Users/hrishi/Desktop/dev/Milestone1 BSAI/checkpoint_deliverable/data/casia_interval_strips/S1048R03.png,/Users/hrishi/Desktop/dev/Milestone1 BSAI/checkpoint_deliverable/data/casia_interval_strips_gt/S1048R03.png,True,True,,
/Users/hrishi/Desktop/dev/Milestone1 BSAI/checkpoint_deliverable/data/CASIA-Iris-Interval/048/R/S1048R01.jpg,1048_R,1048,R,train,S1048R01,True,/Users/hrishi/Desktop/dev/Milestone1 BSAI/checkpoint_deliverable/data/casia_interval_strips/S1048R01.png,/Users/hrishi/Desktop/dev/Milestone1 BSAI/checkpoint_deliverable/data/casia_interval_strips_gt/S1048R01.png,True,True,,
/Users/hrishi/Desktop/dev/Milestone1 BSAI/checkpoint_deliverable/data/CASIA-Iris-Interval/048/R/S1048R04.jpg,1048_R,1048,R,train,S1048R04,True,/Users/hrishi/Desktop/dev/Milestone1 BSAI/checkpoint_deliverable/data/casia_interval_strips/S1048R04.png,/Users/hrishi/Desktop/dev/Milestone1 BSAI/checkpoint_deliverable/data/casia_interval_strips_gt/S1048R04.png,True,True,,
/Users/hrishi/Desktop/dev/Milestone1 BSAI/checkpoint_deliverable/data/CASIA-Iris-Interval/048/R/S1048R05.jpg,1048_R,1048,R,train,S1048R05,True,/Users/hrishi/Desktop/dev/Milestone1 BSAI/checkpoint_deliverable/data/casia_interval_strips/S1048R05.png,/Users/hrishi/Desktop/dev/Milestone1 BSAI/checkpoint_deliverable/data/casia_interval_strips_gt/S1048R05.png,True,True,,
/Users/hrishi/Desktop/dev/Milestone1 BSAI/checkpoint_deliverable/data/CASIA-Iris-Interval/048/R/S1048R06.jpg,1048_R,1048,R,train,S1048R06,True,/Users/hrishi/Desktop/dev/Milestone1 BSAI/checkpoint_deliverable/data/casia_interval_strips/S1048R06.png,/Users/hrishi/Desktop/dev/Milestone1 BSAI/checkpoint_deliverable/data/casia_interval_strips_gt/S1048R06.png,True,True,,
/Users/hrishi/Desktop/dev/Milestone1 BSAI/checkpoint_deliverable/data/CASIA-Iris-Interval/077/R/S1077R06.jpg,1077_R,1077,R,val,S1077R06,True,/Users/hrishi/Desktop/dev/Milestone1 BSAI/checkpoint_deliverable/data/casia_interval_strips/S1077R06.png,/Users/hrishi/Desktop/dev/Milestone1 BSAI/checkpoint_deliverable/data/casia_interval_strips_gt/S1077R06.png,True,True,,
/Users/hrishi/Desktop/dev/Milestone1 BSAI/checkpoint_deliverable/data/CASIA-Iris-Interval/077/R/S1077R07.jpg,1077_R,1077,R,val,S1077R07,True,/Users/hrishi/Desktop/dev/Milestone1 BSAI/checkpoint_deliverable/data/casia_interval_strips/S1077R07.png,/Users/hrishi/Desktop/dev/Milestone1 BSAI/checkpoint_deliverable/data/casia_interval_strips_gt/S1077R07.png,True,True,,
/Users/hrishi/Desktop/dev/Milestone1 BSAI/checkpoint_deliverable/data/CASIA-Iris-Interval/077/R/S1077R05.jpg,1077_R,1077,R,val,S1077R05,True,/Users/hrishi/Desktop/dev/Milestone1 BSAI/checkpoint_deliverable/data/casia_interval_strips/S1077R05.png,/Users/hrishi/Desktop/dev/Milestone1 BSAI/checkpoint_deliverable/data/casia_interval_strips_gt/S1077R05.png,True,True,,
/Users/hrishi/Desktop/dev/Milestone1 BSAI/checkpoint_deliverable/data/CASIA-Iris-Interval/077/R/S1077R04.jpg,1077_R,1077,R,val,S1077R04,True,/Users/hrishi/Desktop/dev/Milestone1 BSAI/checkpoint_deliverable/data/casia_interval_strips/S1077R04.png,/Users/hrishi/Desktop/dev/Milestone1 BSAI/checkpoint_deliverable/data/casia_interval_strips_gt/S1077R04.png,True,True,,
/Users/hrishi/Desktop/dev/Milestone1 BSAI/checkpoint_deliverable/data/CASIA-Iris-Interval/077/R/S1077R01.jpg,1077_R,1077,R,val,S1077R01,True,/Users/hrishi/Desktop/dev/Milestone1 BSAI/checkpoint_deliverable/data/casia_interval_strips/S1077R01.png,/Users/hrishi/Desktop/dev/Milestone1 BSAI/checkpoint_deliverable/data/casia_interval_strips_gt/S1077R01.png,True,True,,
/Users/hrishi/Desktop/dev/Milestone1 BSAI/checkpoint_deliverable/data/CASIA-Iris-Interval/077/R/S1077R03.jpg,1077_R,1077,R,val,S1077R03,True,/Users/hrishi/Desktop/dev/Milestone1 BSAI/checkpoint_deliverable/data/casia_interval_strips/S1077R03.png,/Users/hrishi/Desktop/dev/Milestone1 BSAI/checkpoint_deliverable/data/casia_interval_strips_gt/S1077R03.png,True,True,,
/Users/hrishi/Desktop/dev/Milestone1 BSAI/checkpoint_deliverable/data/CASIA-Iris-Interval/077/R/S1077R02.jpg,1077_R,1077,R,val,S1077R02,True,/Users/hrishi/Desktop/dev/Milestone1 BSAI/checkpoint_deliverable/data/casia_interval_strips/S1077R02.png,/Users/hrishi/Desktop/dev/Milestone1 BSAI/checkpoint_deliverable/data/casia_interval_strips_gt/S1077R02.png,True,True,,
/Users/hrishi/Desktop/dev/Milestone1 BSAI/checkpoint_deliverable/data/CASIA-Iris-Interval/245/R/S1245R04.jpg,1245_R,1245,R,val,S1245R04,True,/Users/hrishi/Desktop/dev/Milestone1 BSAI/checkpoint_deliverable/data/casia_interval_strips/S1245R04.png,/Users/hrishi/Desktop/dev/Milestone1 BSAI/checkpoint_deliverable/data/casia_interval_strips_gt/S1245R04.png,True,True,,
/Users/hrishi/Desktop/dev/Milestone1 BSAI/checkpoint_deliverable/data/CASIA-Iris-Interval/245/R/S1245R03.jpg,1245_R,1245,R,val,S1245R03,True,/Users/hrishi/Desktop/dev/Milestone1 BSAI/checkpoint_deliverable/data/casia_interval_strips/S1245R03.png,/Users/hrishi/Desktop/dev/Milestone1 BSAI/checkpoint_deliverable/data/casia_interval_strips_gt/S1245R03.png,True,True,,
/Users/hrishi/Desktop/dev/Milestone1 BSAI/checkpoint_deliverable/data/CASIA-Iris-Interval/245/R/S1245R02.jpg,1245_R,1245,R,val,S1245R02,True,/Users/hrishi/Desktop/dev/Milestone1 BSAI/checkpoint_deliverable/data/casia_interval_strips/S1245R02.png,/Users/hrishi/Desktop/dev/Milestone1 BSAI/checkpoint_deliverable/data/casia_interval_strips_gt/S1245R02.png,True,True,,
/Users/hrishi/Desktop/dev/Milestone1 BSAI/checkpoint_deliverable/data/CASIA-Iris-Interval/245/R/S1245R01.jpg,1245_R,1245,R,val,S1245R01,True,/Users/hrishi/Desktop/dev/Milestone1 BSAI/checkpoint_deliverable/data/casia_interval_strips/S1245R01.png,/Users/hrishi/Desktop/dev/Milestone1 BSAI/checkpoint_deliverable/data/casia_interval_strips_gt/S1245R01.png,True,True,,
/Users/hrishi/Desktop/dev/Milestone1 BSAI/checkpoint_deliverable/data/CASIA-Iris-Interval/083/R/S1083R05.jpg,1083_R,1083,R,val,S1083R05,True,/Users/hrishi/Desktop/dev/Milestone1 BSAI/checkpoint_deliverable/data/casia_interval_strips/S1083R05.png,/Users/hrishi/Desktop/dev/Milestone1 BSAI/checkpoint_deliverable/data/casia_interval_strips_gt/S1083R05.png,True,True,,
/Users/hrishi/Desktop/dev/Milestone1 BSAI/checkpoint_deliverable/data/CASIA-Iris-Interval/083/R/S1083R04.jpg,1083_R,1083,R,val,S1083R04,True,/Users/hrishi/Desktop/dev/Milestone1 BSAI/checkpoint_deliverable/data/casia_interval_strips/S1083R04.png,/Users/hrishi/Desktop/dev/Milestone1 BSAI/checkpoint_deliverable/data/casia_interval_strips_gt/S1083R04.png,True,True,,
/Users/hrishi/Desktop/dev/Milestone1 BSAI/checkpoint_deliverable/data/CASIA-Iris-Interval/083/R/S1083R06.jpg,1083_R,1083,R,val,S1083R06,True,/Users/hrishi/Desktop/dev/Milestone1 BSAI/checkpoint_deliverable/data/casia_interval_strips/S1083R06.png,/Users/hrishi/Desktop/dev/Milestone1 BSAI/checkpoint_deliverable/data/casia_interval_strips_gt/S1083R06.png,True,True,,
/Users/hrishi/Desktop/dev/Milestone1 BSAI/checkpoint_deliverable/data/CASIA-Iris-Interval/083/R/S1083R07.jpg,1083_R,1083,R,val,S1083R07,True,/Users/hrishi/Desktop/dev/Milestone1 BSAI/checkpoint_deliverable/data/casia_interval_strips/S1083R07.png,/Users/hrishi/Desktop/dev/Milestone1 BSAI/checkpoint_deliverable/data/casia_interval_strips_gt/S1083R07.png,True,True,,
/Users/hrishi/Desktop/dev/Milestone1 BSAI/checkpoint_deliverable/data/CASIA-Iris-Interval/083/R/S1083R03.jpg,1083_R,1083,R,val,S1083R03,True,/Users/hrishi/Desktop/dev/Milestone1 BSAI/checkpoint_deliverable/data/casia_interval_strips/S1083R03.png,/Users/hrishi/Desktop/dev/Milestone1 BSAI/checkpoint_deliverable/data/casia_interval_strips_gt/S1083R03.png,True,True,,
/Users/hrishi/Desktop/dev/Milestone1 BSAI/checkpoint_deliverable/data/CASIA-Iris-Interval/083/R/S1083R02.jpg,1083_R,1083,R,val,S1083R02,True,/Users/hrishi/Desktop/dev/Milestone1 BSAI/checkpoint_deliverable/data/casia_interval_strips/S1083R02.png,/Users/hrishi/Desktop/dev/Milestone1 BSAI/checkpoint_deliverable/data/casia_interval_strips_gt/S1083R02.png,True,True,,
/Users/hrishi/Desktop/dev/Milestone1 BSAI/checkpoint_deliverable/data/CASIA-Iris-Interval/083/R/S1083R01.jpg,1083_R,1083,R,val,S1083R01,True,/Users/hrishi/Desktop/dev/Milestone1 BSAI/checkpoint_deliverable/data/casia_interval_strips/S1083R01.png,/Users/hrishi/Desktop/dev/Milestone1 BSAI/checkpoint_deliverable/data/casia_interval_strips_gt/S1083R01.png,True,True,,
/Users/hrishi/Desktop/dev/Milestone1 BSAI/checkpoint_deliverable/data/CASIA-Iris-Interval/083/L/S1083L02.jpg,1083_L,1083,L,val,S1083L02,True,/Users/hrishi/Desktop/dev/Milestone1 BSAI/checkpoint_deliverable/data/casia_interval_strips/S1083L02.png,/Users/hrishi/Desktop/dev/Milestone1 BSAI/checkpoint_deliverable/data/casia_interval_strips_gt/S1083L02.png,True,True,,
/Users/hrishi/Desktop/dev/Milestone1 BSAI/checkpoint_deliverable/data/CASIA-Iris-Interval/083/L/S1083L03.jpg,1083_L,1083,L,val,S1083L03,True,/Users/hrishi/Desktop/dev/Milestone1 BSAI/checkpoint_deliverable/data/casia_interval_strips/S1083L03.png,/Users/hrishi/Desktop/dev/Milestone1 BSAI/checkpoint_deliverable/data/casia_interval_strips_gt/S1083L03.png,True,True,,
/Users/hrishi/Desktop/dev/Milestone1 BSAI/checkpoint_deliverable/data/CASIA-Iris-Interval/083/L/S1083L01.jpg,1083_L,1083,L,val,S1083L01,True,/Users/hrishi/Desktop/dev/Milestone1 BSAI/checkpoint_deliverable/data/casia_interval_strips/S1083L01.png,/Users/hrishi/Desktop/dev/Milestone1 BSAI/checkpoint_deliverable/data/casia_interval_strips_gt/S1083L01.png,True,True,,
/Users/hrishi/Desktop/dev/Milestone1 BSAI/checkpoint_deliverable/data/CASIA-Iris-Interval/083/L/S1083L04.jpg,1083_L,1083,L,val,S1083L04,True,/Users/hrishi/Desktop/dev/Milestone1 BSAI/checkpoint_deliverable/data/casia_interval_strips/S1083L04.png,/Users/hrishi/Desktop/dev/Milestone1 BSAI/checkpoint_deliverable/data/casia_interval_strips_gt/S1083L04.png,True,True,,
/Users/hrishi/Desktop/dev/Milestone1 BSAI/checkpoint_deliverable/data/CASIA-Iris-Interval/083/L/S1083L05.jpg,1083_L,1083,L,val,S1083L05,True,/Users/hrishi/Desktop/dev/Milestone1 BSAI/checkpoint_deliverable/data/casia_interval_strips/S1083L05.png,/Users/hrishi/Desktop/dev/Milestone1 BSAI/checkpoint_deliverable/data/casia_interval_strips_gt/S1083L05.png,True,True,,
/Users/hrishi/Desktop/dev/Milestone1 BSAI/checkpoint_deliverable/data/CASIA-Iris-Interval/083/L/S1083L07.jpg,1083_L,1083,L,val,S1083L07,True,/Users/hrishi/Desktop/dev/Milestone1 BSAI/checkpoint_deliverable/data/casia_interval_strips/S1083L07.png,/Users/hrishi/Desktop/dev/Milestone1 BSAI/checkpoint_deliverable/data/casia_interval_strips_gt/S1083L07.png,True,True,,
/Users/hrishi/Desktop/dev/Milestone1 BSAI/checkpoint_deliverable/data/CASIA-Iris-Interval/083/L/S1083L06.jpg,1083_L,1083,L,val,S1083L06,True,/Users/hrishi/Desktop/dev/Milestone1 BSAI/checkpoint_deliverable/data/casia_interval_strips/S1083L06.png,/Users/hrishi/Desktop/dev/Milestone1 BSAI/checkpoint_deliverable/data/casia_interval_strips_gt/S1083L06.png,True,True,,
/Users/hrishi/Desktop/dev/Milestone1 BSAI/checkpoint_deliverable/data/CASIA-Iris-Interval/084/R/S1084R05.jpg,1084_R,1084,R,val,S1084R05,True,/Users/hrishi/Desktop/dev/Milestone1 BSAI/checkpoint_deliverable/data/casia_interval_strips/S1084R05.png,/Users/hrishi/Desktop/dev/Milestone1 BSAI/checkpoint_deliverable/data/casia_interval_strips_gt/S1084R05.png,True,True,,
/Users/hrishi/Desktop/dev/Milestone1 BSAI/checkpoint_deliverable/data/CASIA-Iris-Interval/084/R/S1084R04.jpg,1084_R,1084,R,val,S1084R04,True,/Users/hrishi/Desktop/dev/Milestone1 BSAI/checkpoint_deliverable/data/casia_interval_strips/S1084R04.png,/Users/hrishi/Desktop/dev/Milestone1 BSAI/checkpoint_deliverable/data/casia_interval_strips_gt/S1084R04.png,True,True,,
/Users/hrishi/Desktop/dev/Milestone1 BSAI/checkpoint_deliverable/data/CASIA-Iris-Interval/084/R/S1084R06.jpg,1084_R,1084,R,val,S1084R06,True,/Users/hrishi/Desktop/dev/Milestone1 BSAI/checkpoint_deliverable/data/casia_interval_strips/S1084R06.png,/Users/hrishi/Desktop/dev/Milestone1 BSAI/checkpoint_deliverable/data/casia_interval_strips_gt/S1084R06.png,True,True,,
/Users/hrishi/Desktop/dev/Milestone1 BSAI/checkpoint_deliverable/data/CASIA-Iris-Interval/084/R/S1084R07.jpg,1084_R,1084,R,val,S1084R07,True,/Users/hrishi/Desktop/dev/Milestone1 BSAI/checkpoint_deliverable/data/casia_interval_strips/S1084R07.png,/Users/hrishi/Desktop/dev/Milestone1 BSAI/checkpoint_deliverable/data/casia_interval_strips_gt/S1084R07.png,True,True,,
/Users/hrishi/Desktop/dev/Milestone1 BSAI/checkpoint_deliverable/data/CASIA-Iris-Interval/084/R/S1084R03.jpg,1084_R,1084,R,val,S1084R03,True,/Users/hrishi/Desktop/dev/Milestone1 BSAI/checkpoint_deliverable/data/casia_interval_strips/S1084R03.png,/Users/hrishi/Desktop/dev/Milestone1 BSAI/checkpoint_deliverable/data/casia_interval_strips_gt/S1084R03.png,True,True,,
/Users/hrishi/Desktop/dev/Milestone1 BSAI/checkpoint_deliverable/data/CASIA-Iris-Interval/084/R/S1084R02.jpg,1084_R,1084,R,val,S1084R02,True,/Users/hrishi/Desktop/dev/Milestone1 BSAI/checkpoint_deliverable/data/casia_interval_strips/S1084R02.png,/Users/hrishi/Desktop/dev/Milestone1 BSAI/checkpoint_deliverable/data/casia_interval_strips_gt/S1084R02.png,True,True,,
/Users/hrishi/Desktop/dev/Milestone1 BSAI/checkpoint_deliverable/data/CASIA-Iris-Interval/084/R/S1084R01.jpg,1084_R,1084,R,val,S1084R01,True,/Users/hrishi/Desktop/dev/Milestone1 BSAI/checkpoint_deliverable/data/casia_interval_strips/S1084R01.png,/Users/hrishi/Desktop/dev/Milestone1 BSAI/checkpoint_deliverable/data/casia_interval_strips_gt/S1084R01.png,True,True,,
/Users/hrishi/Desktop/dev/Milestone1 BSAI/checkpoint_deliverable/data/CASIA-Iris-Interval/084/L/S1084L02.jpg,1084_L,1084,L,train,S1084L02,True,/Users/hrishi/Desktop/dev/Milestone1 BSAI/checkpoint_deliverable/data/casia_interval_strips/S1084L02.png,/Users/hrishi/Desktop/dev/Milestone1 BSAI/checkpoint_deliverable/data/casia_interval_strips_gt/S1084L02.png,True,True,,
/Users/hrishi/Desktop/dev/Milestone1 BSAI/checkpoint_deliverable/data/CASIA-Iris-Interval/084/L/S1084L03.jpg,1084_L,1084,L,train,S1084L03,True,/Users/hrishi/Desktop/dev/Milestone1 BSAI/checkpoint_deliverable/data/casia_interval_strips/S1084L03.png,/Users/hrishi/Desktop/dev/Milestone1 BSAI/checkpoint_deliverable/data/casia_interval_strips_gt/S1084L03.png,True,True,,
/Users/hrishi/Desktop/dev/Milestone1 BSAI/checkpoint_deliverable/data/CASIA-Iris-Interval/084/L/S1084L01.jpg,1084_L,1084,L,train,S1084L01,True,/Users/hrishi/Desktop/dev/Milestone1 BSAI/checkpoint_deliverable/data/casia_interval_strips/S1084L01.png,/Users/hrishi/Desktop/dev/Milestone1 BSAI/checkpoint_deliverable/data/casia_interval_strips_gt/S1084L01.png,True,True,,
/Users/hrishi/Desktop/dev/Milestone1 BSAI/checkpoint_deliverable/data/CASIA-Iris-Interval/084/L/S1084L04.jpg,1084_L,1084,L,train,S1084L04,True,/Users/hrishi/Desktop/dev/Milestone1 BSAI/checkpoint_deliverable/data/casia_interval_strips/S1084L04.png,/Users/hrishi/Desktop/dev/Milestone1 BSAI/checkpoint_deliverable/data/casia_interval_strips_gt/S1084L04.png,True,True,,
/Users/hrishi/Desktop/dev/Milestone1 BSAI/checkpoint_deliverable/data/CASIA-Iris-Interval/084/L/S1084L05.jpg,1084_L,1084,L,train,S1084L05,True,/Users/hrishi/Desktop/dev/Milestone1 BSAI/checkpoint_deliverable/data/casia_interval_strips/S1084L05.png,/Users/hrishi/Desktop/dev/Milestone1 BSAI/checkpoint_deliverable/data/casia_interval_strips_gt/S1084L05.png,True,True,,
/Users/hrishi/Desktop/dev/Milestone1 BSAI/checkpoint_deliverable/data/CASIA-Iris-Interval/084/L/S1084L07.jpg,1084_L,1084,L,train,S1084L07,True,/Users/hrishi/Desktop/dev/Milestone1 BSAI/checkpoint_deliverable/data/casia_interval_strips/S1084L07.png,/Users/hrishi/Desktop/dev/Milestone1 BSAI/checkpoint_deliverable/data/casia_interval_strips_gt/S1084L07.png,True,True,,
/Users/hrishi/Desktop/dev/Milestone1 BSAI/checkpoint_deliverable/data/CASIA-Iris-Interval/084/L/S1084L06.jpg,1084_L,1084,L,train,S1084L06,True,/Users/hrishi/Desktop/dev/Milestone1 BSAI/checkpoint_deliverable/data/casia_interval_strips/S1084L06.png,/Users/hrishi/Desktop/dev/Milestone1 BSAI/checkpoint_deliverable/data/casia_interval_strips_gt/S1084L06.png,True,True,,
/Users/hrishi/Desktop/dev/Milestone1 BSAI/checkpoint_deliverable/data/CASIA-Iris-Interval/242/L/S1242L02.jpg,1242_L,1242,L,val,S1242L02,True,/Users/hrishi/Desktop/dev/Milestone1 BSAI/checkpoint_deliverable/data/casia_interval_strips/S1242L02.png,/Users/hrishi/Desktop/dev/Milestone1 BSAI/checkpoint_deliverable/data/casia_interval_strips_gt/S1242L02.png,True,True,,
/Users/hrishi/Desktop/dev/Milestone1 BSAI/checkpoint_deliverable/data/CASIA-Iris-Interval/242/L/S1242L03.jpg,1242_L,1242,L,val,S1242L03,True,/Users/hrishi/Desktop/dev/Milestone1 BSAI/checkpoint_deliverable/data/casia_interval_strips/S1242L03.png,/Users/hrishi/Desktop/dev/Milestone1 BSAI/checkpoint_deliverable/data/casia_interval_strips_gt/S1242L03.png,True,True,,
/Users/hrishi/Desktop/dev/Milestone1 BSAI/checkpoint_deliverable/data/CASIA-Iris-Interval/242/L/S1242L01.jpg,1242_L,1242,L,val,S1242L01,True,/Users/hrishi/Desktop/dev/Milestone1 BSAI/checkpoint_deliverable/data/casia_interval_strips/S1242L01.png,/Users/hrishi/Desktop/dev/Milestone1 BSAI/checkpoint_deliverable/data/casia_interval_strips_gt/S1242L01.png,True,True,,
/Users/hrishi/Desktop/dev/Milestone1 BSAI/checkpoint_deliverable/data/CASIA-Iris-Interval/070/R/S1070R06.jpg,1070_R,1070,R,train,S1070R06,True,/Users/hrishi/Desktop/dev/Milestone1 BSAI/checkpoint_deliverable/data/casia_interval_strips/S1070R06.png,/Users/hrishi/Desktop/dev/Milestone1 BSAI/checkpoint_deliverable/data/casia_interval_strips_gt/S1070R06.png,True,True,,
/Users/hrishi/Desktop/dev/Milestone1 BSAI/checkpoint_deliverable/data/CASIA-Iris-Interval/070/R/S1070R05.jpg,1070_R,1070,R,train,S1070R05,True,/Users/hrishi/Desktop/dev/Milestone1 BSAI/checkpoint_deliverable/data/casia_interval_strips/S1070R05.png,/Users/hrishi/Desktop/dev/Milestone1 BSAI/checkpoint_deliverable/data/casia_interval_strips_gt/S1070R05.png,True,True,,
/Users/hrishi/Desktop/dev/Milestone1 BSAI/checkpoint_deliverable/data/CASIA-Iris-Interval/070/R/S1070R04.jpg,1070_R,1070,R,train,S1070R04,True,/Users/hrishi/Desktop/dev/Milestone1 BSAI/checkpoint_deliverable/data/casia_interval_strips/S1070R04.png,/Users/hrishi/Desktop/dev/Milestone1 BSAI/checkpoint_deliverable/data/casia_interval_strips_gt/S1070R04.png,True,True,,
/Users/hrishi/Desktop/dev/Milestone1 BSAI/checkpoint_deliverable/data/CASIA-Iris-Interval/070/R/S1070R01.jpg,1070_R,1070,R,train,S1070R01,True,/Users/hrishi/Desktop/dev/Milestone1 BSAI/checkpoint_deliverable/data/casia_interval_strips/S1070R01.png,/Users/hrishi/Desktop/dev/Milestone1 BSAI/checkpoint_deliverable/data/casia_interval_strips_gt/S1070R01.png,True,True,,
/Users/hrishi/Desktop/dev/Milestone1 BSAI/checkpoint_deliverable/data/CASIA-Iris-Interval/070/R/S1070R03.jpg,1070_R,1070,R,train,S1070R03,True,/Users/hrishi/Desktop/dev/Milestone1 BSAI/checkpoint_deliverable/data/casia_interval_strips/S1070R03.png,/Users/hrishi/Desktop/dev/Milestone1 BSAI/checkpoint_deliverable/data/casia_interval_strips_gt/S1070R03.png,True,True,,
/Users/hrishi/Desktop/dev/Milestone1 BSAI/checkpoint_deliverable/data/CASIA-Iris-Interval/070/R/S1070R02.jpg,1070_R,1070,R,train,S1070R02,True,/Users/hrishi/Desktop/dev/Milestone1 BSAI/checkpoint_deliverable/data/casia_interval_strips/S1070R02.png,/Users/hrishi/Desktop/dev/Milestone1 BSAI/checkpoint_deliverable/data/casia_interval_strips_gt/S1070R02.png,True,True,,
/Users/hrishi/Desktop/dev/Milestone1 BSAI/checkpoint_deliverable/data/CASIA-Iris-Interval/070/L/S1070L01.jpg,1070_L,1070,L,test,S1070L01,True,/Users/hrishi/Desktop/dev/Milestone1 BSAI/checkpoint_deliverable/data/casia_interval_strips/S1070L01.png,/Users/hrishi/Desktop/dev/Milestone1 BSAI/checkpoint_deliverable/data/casia_interval_strips_gt/S1070L01.png,True,True,,
/Users/hrishi/Desktop/dev/Milestone1 BSAI/checkpoint_deliverable/data/CASIA-Iris-Interval/070/L/S1070L02.jpg,1070_L,1070,L,test,S1070L02,True,/Users/hrishi/Desktop/dev/Milestone1 BSAI/checkpoint_deliverable/data/casia_interval_strips/S1070L02.png,/Users/hrishi/Desktop/dev/Milestone1 BSAI/checkpoint_deliverable/data/casia_interval_strips_gt/S1070L02.png,True,True,,
/Users/hrishi/Desktop/dev/Milestone1 BSAI/checkpoint_deliverable/data/CASIA-Iris-Interval/070/L/S1070L03.jpg,1070_L,1070,L,test,S1070L03,True,/Users/hrishi/Desktop/dev/Milestone1 BSAI/checkpoint_deliverable/data/casia_interval_strips/S1070L03.png,/Users/hrishi/Desktop/dev/Milestone1 BSAI/checkpoint_deliverable/data/casia_interval_strips_gt/S1070L03.png,True,True,,
/Users/hrishi/Desktop/dev/Milestone1 BSAI/checkpoint_deliverable/data/CASIA-Iris-Interval/070/L/S1070L07.jpg,1070_L,1070,L,test,S1070L07,True,/Users/hrishi/Desktop/dev/Milestone1 BSAI/checkpoint_deliverable/data/casia_interval_strips/S1070L07.png,/Users/hrishi/Desktop/dev/Milestone1 BSAI/checkpoint_deliverable/data/casia_interval_strips_gt/S1070L07.png,True,True,,
/Users/hrishi/Desktop/dev/Milestone1 BSAI/checkpoint_deliverable/data/CASIA-Iris-Interval/070/L/S1070L06.jpg,1070_L,1070,L,test,S1070L06,True,/Users/hrishi/Desktop/dev/Milestone1 BSAI/checkpoint_deliverable/data/casia_interval_strips/S1070L06.png,/Users/hrishi/Desktop/dev/Milestone1 BSAI/checkpoint_deliverable/data/casia_interval_strips_gt/S1070L06.png,True,True,,
/Users/hrishi/Desktop/dev/Milestone1 BSAI/checkpoint_deliverable/data/CASIA-Iris-Interval/070/L/S1070L04.jpg,1070_L,1070,L,test,S1070L04,True,/Users/hrishi/Desktop/dev/Milestone1 BSAI/checkpoint_deliverable/data/casia_interval_strips/S1070L04.png,/Users/hrishi/Desktop/dev/Milestone1 BSAI/checkpoint_deliverable/data/casia_interval_strips_gt/S1070L04.png,True,True,,
/Users/hrishi/Desktop/dev/Milestone1 BSAI/checkpoint_deliverable/data/CASIA-Iris-Interval/070/L/S1070L05.jpg,1070_L,1070,L,test,S1070L05,True,/Users/hrishi/Desktop/dev/Milestone1 BSAI/checkpoint_deliverable/data/casia_interval_strips/S1070L05.png,/Users/hrishi/Desktop/dev/Milestone1 BSAI/checkpoint_deliverable/data/casia_interval_strips_gt/S1070L05.png,True,True,,
/Users/hrishi/Desktop/dev/Milestone1 BSAI/checkpoint_deliverable/data/CASIA-Iris-Interval/221/R/S1221R05.jpg,1221_R,1221,R,train,S1221R05,True,/Users/hrishi/Desktop/dev/Milestone1 BSAI/checkpoint_deliverable/data/casia_interval_strips/S1221R05.png,/Users/hrishi/Desktop/dev/Milestone1 BSAI/checkpoint_deliverable/data/casia_interval_strips_gt/S1221R05.png,True,True,,
/Users/hrishi/Desktop/dev/Milestone1 BSAI/checkpoint_deliverable/data/CASIA-Iris-Interval/221/R/S1221R04.jpg,1221_R,1221,R,train,S1221R04,True,/Users/hrishi/Desktop/dev/Milestone1 BSAI/checkpoint_deliverable/data/casia_interval_strips/S1221R04.png,/Users/hrishi/Desktop/dev/Milestone1 BSAI/checkpoint_deliverable/data/casia_interval_strips_gt/S1221R04.png,True,True,,
/Users/hrishi/Desktop/dev/Milestone1 BSAI/checkpoint_deliverable/data/CASIA-Iris-Interval/221/R/S1221R06.jpg,1221_R,1221,R,train,S1221R06,True,/Users/hrishi/Desktop/dev/Milestone1 BSAI/checkpoint_deliverable/data/casia_interval_strips/S1221R06.png,/Users/hrishi/Desktop/dev/Milestone1 BSAI/checkpoint_deliverable/data/casia_interval_strips_gt/S1221R06.png,True,True,,
/Users/hrishi/Desktop/dev/Milestone1 BSAI/checkpoint_deliverable/data/CASIA-Iris-Interval/221/R/S1221R03.jpg,1221_R,1221,R,train,S1221R03,True,/Users/hrishi/Desktop/dev/Milestone1 BSAI/checkpoint_deliverable/data/casia_interval_strips/S1221R03.png,/Users/hrishi/Desktop/dev/Milestone1 BSAI/checkpoint_deliverable/data/casia_interval_strips_gt/S1221R03.png,True,True,,
/Users/hrishi/Desktop/dev/Milestone1 BSAI/checkpoint_deliverable/data/CASIA-Iris-Interval/221/R/S1221R02.jpg,1221_R,1221,R,train,S1221R02,True,/Users/hrishi/Desktop/dev/Milestone1 BSAI/checkpoint_deliverable/data/casia_interval_strips/S1221R02.png,/Users/hrishi/Desktop/dev/Milestone1 BSAI/checkpoint_deliverable/data/casia_interval_strips_gt/S1221R02.png,True,True,,
/Users/hrishi/Desktop/dev/Milestone1 BSAI/checkpoint_deliverable/data/CASIA-Iris-Interval/221/R/S1221R01.jpg,1221_R,1221,R,train,S1221R01,True,/Users/hrishi/Desktop/dev/Milestone1 BSAI/checkpoint_deliverable/data/casia_interval_strips/S1221R01.png,/Users/hrishi/Desktop/dev/Milestone1 BSAI/checkpoint_deliverable/data/casia_interval_strips_gt/S1221R01.png,True,True,,
/Users/hrishi/Desktop/dev/Milestone1 BSAI/checkpoint_deliverable/data/CASIA-Iris-Interval/221/L/S1221L01.jpg,1221_L,1221,L,val,S1221L01,True,/Users/hrishi/Desktop/dev/Milestone1 BSAI/checkpoint_deliverable/data/casia_interval_strips/S1221L01.png,/Users/hrishi/Desktop/dev/Milestone1 BSAI/checkpoint_deliverable/data/casia_interval_strips_gt/S1221L01.png,True,True,,
/Users/hrishi/Desktop/dev/Milestone1 BSAI/checkpoint_deliverable/data/CASIA-Iris-Interval/013/L/S1013L01.jpg,1013_L,1013,L,train,S1013L01,True,/Users/hrishi/Desktop/dev/Milestone1 BSAI/checkpoint_deliverable/data/casia_interval_strips/S1013L01.png,/Users/hrishi/Desktop/dev/Milestone1 BSAI/checkpoint_deliverable/data/casia_interval_strips_gt/S1013L01.png,True,True,,
/Users/hrishi/Desktop/dev/Milestone1 BSAI/checkpoint_deliverable/data/CASIA-Iris-Interval/013/L/S1013L02.jpg,1013_L,1013,L,train,S1013L02,True,/Users/hrishi/Desktop/dev/Milestone1 BSAI/checkpoint_deliverable/data/casia_interval_strips/S1013L02.png,/Users/hrishi/Desktop/dev/Milestone1 BSAI/checkpoint_deliverable/data/casia_interval_strips_gt/S1013L02.png,True,True,,
/Users/hrishi/Desktop/dev/Milestone1 BSAI/checkpoint_deliverable/data/CASIA-Iris-Interval/013/L/S1013L03.jpg,1013_L,1013,L,train,S1013L03,True,/Users/hrishi/Desktop/dev/Milestone1 BSAI/checkpoint_deliverable/data/casia_interval_strips/S1013L03.png,/Users/hrishi/Desktop/dev/Milestone1 BSAI/checkpoint_deliverable/data/casia_interval_strips_gt/S1013L03.png,True,True,,
/Users/hrishi/Desktop/dev/Milestone1 BSAI/checkpoint_deliverable/data/CASIA-Iris-Interval/013/L/S1013L07.jpg,1013_L,1013,L,train,S1013L07,True,/Users/hrishi/Desktop/dev/Milestone1 BSAI/checkpoint_deliverable/data/casia_interval_strips/S1013L07.png,/Users/hrishi/Desktop/dev/Milestone1 BSAI/checkpoint_deliverable/data/casia_interval_strips_gt/S1013L07.png,True,True,,
/Users/hrishi/Desktop/dev/Milestone1 BSAI/checkpoint_deliverable/data/CASIA-Iris-Interval/013/L/S1013L06.jpg,1013_L,1013,L,train,S1013L06,True,/Users/hrishi/Desktop/dev/Milestone1 BSAI/checkpoint_deliverable/data/casia_interval_strips/S1013L06.png,/Users/hrishi/Desktop/dev/Milestone1 BSAI/checkpoint_deliverable/data/casia_interval_strips_gt/S1013L06.png,True,True,,
/Users/hrishi/Desktop/dev/Milestone1 BSAI/checkpoint_deliverable/data/CASIA-Iris-Interval/013/L/S1013L04.jpg,1013_L,1013,L,train,S1013L04,True,/Users/hrishi/Desktop/dev/Milestone1 BSAI/checkpoint_deliverable/data/casia_interval_strips/S1013L04.png,/Users/hrishi/Desktop/dev/Milestone1 BSAI/checkpoint_deliverable/data/casia_interval_strips_gt/S1013L04.png,True,True,,
/Users/hrishi/Desktop/dev/Milestone1 BSAI/checkpoint_deliverable/data/CASIA-Iris-Interval/013/L/S1013L05.jpg,1013_L,1013,L,train,S1013L05,True,/Users/hrishi/Desktop/dev/Milestone1 BSAI/checkpoint_deliverable/data/casia_interval_strips/S1013L05.png,/Users/hrishi/Desktop/dev/Milestone1 BSAI/checkpoint_deliverable/data/casia_interval_strips_gt/S1013L05.png,True,True,,
/Users/hrishi/Desktop/dev/Milestone1 BSAI/checkpoint_deliverable/data/CASIA-Iris-Interval/014/L/S1014L01.jpg,1014_L,1014,L,train,S1014L01,True,/Users/hrishi/Desktop/dev/Milestone1 BSAI/checkpoint_deliverable/data/casia_interval_strips/S1014L01.png,/Users/hrishi/Desktop/dev/Milestone1 BSAI/checkpoint_deliverable/data/casia_interval_strips_gt/S1014L01.png,True,True,,
/Users/hrishi/Desktop/dev/Milestone1 BSAI/checkpoint_deliverable/data/CASIA-Iris-Interval/014/L/S1014L02.jpg,1014_L,1014,L,train,S1014L02,True,/Users/hrishi/Desktop/dev/Milestone1 BSAI/checkpoint_deliverable/data/casia_interval_strips/S1014L02.png,/Users/hrishi/Desktop/dev/Milestone1 BSAI/checkpoint_deliverable/data/casia_interval_strips_gt/S1014L02.png,True,True,,
/Users/hrishi/Desktop/dev/Milestone1 BSAI/checkpoint_deliverable/data/CASIA-Iris-Interval/014/L/S1014L03.jpg,1014_L,1014,L,train,S1014L03,True,/Users/hrishi/Desktop/dev/Milestone1 BSAI/checkpoint_deliverable/data/casia_interval_strips/S1014L03.png,/Users/hrishi/Desktop/dev/Milestone1 BSAI/checkpoint_deliverable/data/casia_interval_strips_gt/S1014L03.png,True,True,,
/Users/hrishi/Desktop/dev/Milestone1 BSAI/checkpoint_deliverable/data/CASIA-Iris-Interval/014/L/S1014L07.jpg,1014_L,1014,L,train,S1014L07,True,/Users/hrishi/Desktop/dev/Milestone1 BSAI/checkpoint_deliverable/data/casia_interval_strips/S1014L07.png,/Users/hrishi/Desktop/dev/Milestone1 BSAI/checkpoint_deliverable/data/casia_interval_strips_gt/S1014L07.png,True,True,,
/Users/hrishi/Desktop/dev/Milestone1 BSAI/checkpoint_deliverable/data/CASIA-Iris-Interval/014/L/S1014L06.jpg,1014_L,1014,L,train,S1014L06,True,/Users/hrishi/Desktop/dev/Milestone1 BSAI/checkpoint_deliverable/data/casia_interval_strips/S1014L06.png,/Users/hrishi/Desktop/dev/Milestone1 BSAI/checkpoint_deliverable/data/casia_interval_strips_gt/S1014L06.png,True,True,,
/Users/hrishi/Desktop/dev/Milestone1 BSAI/checkpoint_deliverable/data/CASIA-Iris-Interval/014/L/S1014L04.jpg,1014_L,1014,L,train,S1014L04,True,/Users/hrishi/Desktop/dev/Milestone1 BSAI/checkpoint_deliverable/data/casia_interval_strips/S1014L04.png,/Users/hrishi/Desktop/dev/Milestone1 BSAI/checkpoint_deliverable/data/casia_interval_strips_gt/S1014L04.png,True,True,,
/Users/hrishi/Desktop/dev/Milestone1 BSAI/checkpoint_deliverable/data/CASIA-Iris-Interval/014/L/S1014L05.jpg,1014_L,1014,L,train,S1014L05,True,/Users/hrishi/Desktop/dev/Milestone1 BSAI/checkpoint_deliverable/data/casia_interval_strips/S1014L05.png,/Users/hrishi/Desktop/dev/Milestone1 BSAI/checkpoint_deliverable/data/casia_interval_strips_gt/S1014L05.png,True,True,,
/Users/hrishi/Desktop/dev/Milestone1 BSAI/checkpoint_deliverable/data/CASIA-Iris-Interval/226/R/S1226R05.jpg,1226_R,1226,R,test,S1226R05,True,/Users/hrishi/Desktop/dev/Milestone1 BSAI/checkpoint_deliverable/data/casia_interval_strips/S1226R05.png,/Users/hrishi/Desktop/dev/Milestone1 BSAI/checkpoint_deliverable/data/casia_interval_strips_gt/S1226R05.png,True,True,,
/Users/hrishi/Desktop/dev/Milestone1 BSAI/checkpoint_deliverable/data/CASIA-Iris-Interval/226/R/S1226R04.jpg,1226_R,1226,R,test,S1226R04,True,/Users/hrishi/Desktop/dev/Milestone1 BSAI/checkpoint_deliverable/data/casia_interval_strips/S1226R04.png,/Users/hrishi/Desktop/dev/Milestone1 BSAI/checkpoint_deliverable/data/casia_interval_strips_gt/S1226R04.png,True,True,,
/Users/hrishi/Desktop/dev/Milestone1 BSAI/checkpoint_deliverable/data/CASIA-Iris-Interval/226/R/S1226R06.jpg,1226_R,1226,R,test,S1226R06,True,/Users/hrishi/Desktop/dev/Milestone1 BSAI/checkpoint_deliverable/data/casia_interval_strips/S1226R06.png,/Users/hrishi/Desktop/dev/Milestone1 BSAI/checkpoint_deliverable/data/casia_interval_strips_gt/S1226R06.png,True,True,,
/Users/hrishi/Desktop/dev/Milestone1 BSAI/checkpoint_deliverable/data/CASIA-Iris-Interval/226/R/S1226R07.jpg,1226_R,1226,R,test,S1226R07,True,/Users/hrishi/Desktop/dev/Milestone1 BSAI/checkpoint_deliverable/data/casia_interval_strips/S1226R07.png,/Users/hrishi/Desktop/dev/Milestone1 BSAI/checkpoint_deliverable/data/casia_interval_strips_gt/S1226R07.png,True,True,,
/Users/hrishi/Desktop/dev/Milestone1 BSAI/checkpoint_deliverable/data/CASIA-Iris-Interval/226/R/S1226R03.jpg,1226_R,1226,R,test,S1226R03,True,/Users/hrishi/Desktop/dev/Milestone1 BSAI/checkpoint_deliverable/data/casia_interval_strips/S1226R03.png,/Users/hrishi/Desktop/dev/Milestone1 BSAI/checkpoint_deliverable/data/casia_interval_strips_gt/S1226R03.png,True,True,,
/Users/hrishi/Desktop/dev/Milestone1 BSAI/checkpoint_deliverable/data/CASIA-Iris-Interval/226/R/S1226R02.jpg,1226_R,1226,R,test,S1226R02,True,/Users/hrishi/Desktop/dev/Milestone1 BSAI/checkpoint_deliverable/data/casia_interval_strips/S1226R02.png,/Users/hrishi/Desktop/dev/Milestone1 BSAI/checkpoint_deliverable/data/casia_interval_strips_gt/S1226R02.png,True,True,,
/Users/hrishi/Desktop/dev/Milestone1 BSAI/checkpoint_deliverable/data/CASIA-Iris-Interval/226/R/S1226R01.jpg,1226_R,1226,R,test,S1226R01,True,/Users/hrishi/Desktop/dev/Milestone1 BSAI/checkpoint_deliverable/data/casia_interval_strips/S1226R01.png,/Users/hrishi/Desktop/dev/Milestone1 BSAI/checkpoint_deliverable/data/casia_interval_strips_gt/S1226R01.png,True,True,,
/Users/hrishi/Desktop/dev/Milestone1 BSAI/checkpoint_deliverable/data/CASIA-Iris-Interval/219/R/S1219R08.jpg,1219_R,1219,R,train,S1219R08,True,/Users/hrishi/Desktop/dev/Milestone1 BSAI/checkpoint_deliverable/data/casia_interval_strips/S1219R08.png,/Users/hrishi/Desktop/dev/Milestone1 BSAI/checkpoint_deliverable/data/casia_interval_strips_gt/S1219R08.png,True,True,,
/Users/hrishi/Desktop/dev/Milestone1 BSAI/checkpoint_deliverable/data/CASIA-Iris-Interval/219/R/S1219R09.jpg,1219_R,1219,R,train,S1219R09,True,/Users/hrishi/Desktop/dev/Milestone1 BSAI/checkpoint_deliverable/data/casia_interval_strips/S1219R09.png,/Users/hrishi/Desktop/dev/Milestone1 BSAI/checkpoint_deliverable/data/casia_interval_strips_gt/S1219R09.png,True,True,,
/Users/hrishi/Desktop/dev/Milestone1 BSAI/checkpoint_deliverable/data/CASIA-Iris-Interval/219/R/S1219R01.jpg,1219_R,1219,R,train,S1219R01,True,/Users/hrishi/Desktop/dev/Milestone1 BSAI/checkpoint_deliverable/data/casia_interval_strips/S1219R01.png,/Users/hrishi/Desktop/dev/Milestone1 BSAI/checkpoint_deliverable/data/casia_interval_strips_gt/S1219R01.png,True,True,,
/Users/hrishi/Desktop/dev/Milestone1 BSAI/checkpoint_deliverable/data/CASIA-Iris-Interval/219/R/S1219R02.jpg,1219_R,1219,R,train,S1219R02,True,/Users/hrishi/Desktop/dev/Milestone1 BSAI/checkpoint_deliverable/data/casia_interval_strips/S1219R02.png,/Users/hrishi/Desktop/dev/Milestone1 BSAI/checkpoint_deliverable/data/casia_interval_strips_gt/S1219R02.png,True,True,,
/Users/hrishi/Desktop/dev/Milestone1 BSAI/checkpoint_deliverable/data/CASIA-Iris-Interval/219/R/S1219R03.jpg,1219_R,1219,R,train,S1219R03,True,/Users/hrishi/Desktop/dev/Milestone1 BSAI/checkpoint_deliverable/data/casia_interval_strips/S1219R03.png,/Users/hrishi/Desktop/dev/Milestone1 BSAI/checkpoint_deliverable/data/casia_interval_strips_gt/S1219R03.png,True,True,,
/Users/hrishi/Desktop/dev/Milestone1 BSAI/checkpoint_deliverable/data/CASIA-Iris-Interval/219/R/S1219R07.jpg,1219_R,1219,R,train,S1219R07,True,/Users/hrishi/Desktop/dev/Milestone1 BSAI/checkpoint_deliverable/data/casia_interval_strips/S1219R07.png,/Users/hrishi/Desktop/dev/Milestone1 BSAI/checkpoint_deliverable/data/casia_interval_strips_gt/S1219R07.png,True,True,,
/Users/hrishi/Desktop/dev/Milestone1 BSAI/checkpoint_deliverable/data/CASIA-Iris-Interval/219/R/S1219R06.jpg,1219_R,1219,R,train,S1219R06,True,/Users/hrishi/Desktop/dev/Milestone1 BSAI/checkpoint_deliverable/data/casia_interval_strips/S1219R06.png,/Users/hrishi/Desktop/dev/Milestone1 BSAI/checkpoint_deliverable/data/casia_interval_strips_gt/S1219R06.png,True,True,,
/Users/hrishi/Desktop/dev/Milestone1 BSAI/checkpoint_deliverable/data/CASIA-Iris-Interval/219/R/S1219R04.jpg,1219_R,1219,R,train,S1219R04,True,/Users/hrishi/Desktop/dev/Milestone1 BSAI/checkpoint_deliverable/data/casia_interval_strips/S1219R04.png,/Users/hrishi/Desktop/dev/Milestone1 BSAI/checkpoint_deliverable/data/casia_interval_strips_gt/S1219R04.png,True,True,,
/Users/hrishi/Desktop/dev/Milestone1 BSAI/checkpoint_deliverable/data/CASIA-Iris-Interval/219/R/S1219R05.jpg,1219_R,1219,R,train,S1219R05,True,/Users/hrishi/Desktop/dev/Milestone1 BSAI/checkpoint_deliverable/data/casia_interval_strips/S1219R05.png,/Users/hrishi/Desktop/dev/Milestone1 BSAI/checkpoint_deliverable/data/casia_interval_strips_gt/S1219R05.png,True,True,,
/Users/hrishi/Desktop/dev/Milestone1 BSAI/checkpoint_deliverable/data/CASIA-Iris-Interval/219/L/S1219L09.jpg,1219_L,1219,L,train,S1219L09,True,/Users/hrishi/Desktop/dev/Milestone1 BSAI/checkpoint_deliverable/data/casia_interval_strips/S1219L09.png,/Users/hrishi/Desktop/dev/Milestone1 BSAI/checkpoint_deliverable/data/casia_interval_strips_gt/S1219L09.png,True,True,,
/Users/hrishi/Desktop/dev/Milestone1 BSAI/checkpoint_deliverable/data/CASIA-Iris-Interval/219/L/S1219L08.jpg,1219_L,1219,L,train,S1219L08,True,/Users/hrishi/Desktop/dev/Milestone1 BSAI/checkpoint_deliverable/data/casia_interval_strips/S1219L08.png,/Users/hrishi/Desktop/dev/Milestone1 BSAI/checkpoint_deliverable/data/casia_interval_strips_gt/S1219L08.png,True,True,,
/Users/hrishi/Desktop/dev/Milestone1 BSAI/checkpoint_deliverable/data/CASIA-Iris-Interval/219/L/S1219L06.jpg,1219_L,1219,L,train,S1219L06,True,/Users/hrishi/Desktop/dev/Milestone1 BSAI/checkpoint_deliverable/data/casia_interval_strips/S1219L06.png,/Users/hrishi/Desktop/dev/Milestone1 BSAI/checkpoint_deliverable/data/casia_interval_strips_gt/S1219L06.png,True,True,,
/Users/hrishi/Desktop/dev/Milestone1 BSAI/checkpoint_deliverable/data/CASIA-Iris-Interval/219/L/S1219L07.jpg,1219_L,1219,L,train,S1219L07,True,/Users/hrishi/Desktop/dev/Milestone1 BSAI/checkpoint_deliverable/data/casia_interval_strips/S1219L07.png,/Users/hrishi/Desktop/dev/Milestone1 BSAI/checkpoint_deliverable/data/casia_interval_strips_gt/S1219L07.png,True,True,,
/Users/hrishi/Desktop/dev/Milestone1 BSAI/checkpoint_deliverable/data/CASIA-Iris-Interval/219/L/S1219L05.jpg,1219_L,1219,L,train,S1219L05,True,/Users/hrishi/Desktop/dev/Milestone1 BSAI/checkpoint_deliverable/data/casia_interval_strips/S1219L05.png,/Users/hrishi/Desktop/dev/Milestone1 BSAI/checkpoint_deliverable/data/casia_interval_strips_gt/S1219L05.png,True,True,,
/Users/hrishi/Desktop/dev/Milestone1 BSAI/checkpoint_deliverable/data/CASIA-Iris-Interval/219/L/S1219L04.jpg,1219_L,1219,L,train,S1219L04,True,/Users/hrishi/Desktop/dev/Milestone1 BSAI/checkpoint_deliverable/data/casia_interval_strips/S1219L04.png,/Users/hrishi/Desktop/dev/Milestone1 BSAI/checkpoint_deliverable/data/casia_interval_strips_gt/S1219L04.png,True,True,,
/Users/hrishi/Desktop/dev/Milestone1 BSAI/checkpoint_deliverable/data/CASIA-Iris-Interval/219/L/S1219L10.jpg,1219_L,1219,L,train,S1219L10,True,/Users/hrishi/Desktop/dev/Milestone1 BSAI/checkpoint_deliverable/data/casia_interval_strips/S1219L10.png,/Users/hrishi/Desktop/dev/Milestone1 BSAI/checkpoint_deliverable/data/casia_interval_strips_gt/S1219L10.png,True,True,,
/Users/hrishi/Desktop/dev/Milestone1 BSAI/checkpoint_deliverable/data/CASIA-Iris-Interval/219/L/S1219L01.jpg,1219_L,1219,L,train,S1219L01,True,/Users/hrishi/Desktop/dev/Milestone1 BSAI/checkpoint_deliverable/data/casia_interval_strips/S1219L01.png,/Users/hrishi/Desktop/dev/Milestone1 BSAI/checkpoint_deliverable/data/casia_interval_strips_gt/S1219L01.png,True,True,,
/Users/hrishi/Desktop/dev/Milestone1 BSAI/checkpoint_deliverable/data/CASIA-Iris-Interval/219/L/S1219L03.jpg,1219_L,1219,L,train,S1219L03,True,/Users/hrishi/Desktop/dev/Milestone1 BSAI/checkpoint_deliverable/data/casia_interval_strips/S1219L03.png,/Users/hrishi/Desktop/dev/Milestone1 BSAI/checkpoint_deliverable/data/casia_interval_strips_gt/S1219L03.png,True,True,,
/Users/hrishi/Desktop/dev/Milestone1 BSAI/checkpoint_deliverable/data/CASIA-Iris-Interval/219/L/S1219L02.jpg,1219_L,1219,L,train,S1219L02,True,/Users/hrishi/Desktop/dev/Milestone1 BSAI/checkpoint_deliverable/data/casia_interval_strips/S1219L02.png,/Users/hrishi/Desktop/dev/Milestone1 BSAI/checkpoint_deliverable/data/casia_interval_strips_gt/S1219L02.png,True,True,,
/Users/hrishi/Desktop/dev/Milestone1 BSAI/checkpoint_deliverable/data/CASIA-Iris-Interval/022/L/S1022L01.jpg,1022_L,1022,L,test,S1022L01,True,/Users/hrishi/Desktop/dev/Milestone1 BSAI/checkpoint_deliverable/data/casia_interval_strips/S1022L01.png,/Users/hrishi/Desktop/dev/Milestone1 BSAI/checkpoint_deliverable/data/casia_interval_strips_gt/S1022L01.png,True,True,,
/Users/hrishi/Desktop/dev/Milestone1 BSAI/checkpoint_deliverable/data/CASIA-Iris-Interval/022/L/S1022L03.jpg,1022_L,1022,L,test,S1022L03,True,/Users/hrishi/Desktop/dev/Milestone1 BSAI/checkpoint_deliverable/data/casia_interval_strips/S1022L03.png,/Users/hrishi/Desktop/dev/Milestone1 BSAI/checkpoint_deliverable/data/casia_interval_strips_gt/S1022L03.png,True,True,,
/Users/hrishi/Desktop/dev/Milestone1 BSAI/checkpoint_deliverable/data/CASIA-Iris-Interval/022/L/S1022L02.jpg,1022_L,1022,L,test,S1022L02,True,/Users/hrishi/Desktop/dev/Milestone1 BSAI/checkpoint_deliverable/data/casia_interval_strips/S1022L02.png,/Users/hrishi/Desktop/dev/Milestone1 BSAI/checkpoint_deliverable/data/casia_interval_strips_gt/S1022L02.png,True,True,,
/Users/hrishi/Desktop/dev/Milestone1 BSAI/checkpoint_deliverable/data/CASIA-Iris-Interval/022/L/S1022L05.jpg,1022_L,1022,L,test,S1022L05,True,/Users/hrishi/Desktop/dev/Milestone1 BSAI/checkpoint_deliverable/data/casia_interval_strips/S1022L05.png,/Users/hrishi/Desktop/dev/Milestone1 BSAI/checkpoint_deliverable/data/casia_interval_strips_gt/S1022L05.png,True,True,,
/Users/hrishi/Desktop/dev/Milestone1 BSAI/checkpoint_deliverable/data/CASIA-Iris-Interval/022/L/S1022L04.jpg,1022_L,1022,L,test,S1022L04,True,/Users/hrishi/Desktop/dev/Milestone1 BSAI/checkpoint_deliverable/data/casia_interval_strips/S1022L04.png,/Users/hrishi/Desktop/dev/Milestone1 BSAI/checkpoint_deliverable/data/casia_interval_strips_gt/S1022L04.png,True,True,,
/Users/hrishi/Desktop/dev/Milestone1 BSAI/checkpoint_deliverable/data/CASIA-Iris-Interval/210/L/S1210L03.jpg,1210_L,1210,L,train,S1210L03,True,/Users/hrishi/Desktop/dev/Milestone1 BSAI/checkpoint_deliverable/data/casia_interval_strips/S1210L03.png,/Users/hrishi/Desktop/dev/Milestone1 BSAI/checkpoint_deliverable/data/casia_interval_strips_gt/S1210L03.png,True,True,,
/Users/hrishi/Desktop/dev/Milestone1 BSAI/checkpoint_deliverable/data/CASIA-Iris-Interval/210/L/S1210L02.jpg,1210_L,1210,L,train,S1210L02,True,/Users/hrishi/Desktop/dev/Milestone1 BSAI/checkpoint_deliverable/data/casia_interval_strips/S1210L02.png,/Users/hrishi/Desktop/dev/Milestone1 BSAI/checkpoint_deliverable/data/casia_interval_strips_gt/S1210L02.png,True,True,,
/Users/hrishi/Desktop/dev/Milestone1 BSAI/checkpoint_deliverable/data/CASIA-Iris-Interval/210/L/S1210L01.jpg,1210_L,1210,L,train,S1210L01,True,/Users/hrishi/Desktop/dev/Milestone1 BSAI/checkpoint_deliverable/data/casia_interval_strips/S1210L01.png,/Users/hrishi/Desktop/dev/Milestone1 BSAI/checkpoint_deliverable/data/casia_interval_strips_gt/S1210L01.png,True,True,,
/Users/hrishi/Desktop/dev/Milestone1 BSAI/checkpoint_deliverable/data/CASIA-Iris-Interval/210/L/S1210L05.jpg,1210_L,1210,L,train,S1210L05,True,/Users/hrishi/Desktop/dev/Milestone1 BSAI/checkpoint_deliverable/data/casia_interval_strips/S1210L05.png,/Users/hrishi/Desktop/dev/Milestone1 BSAI/checkpoint_deliverable/data/casia_interval_strips_gt/S1210L05.png,True,True,,
/Users/hrishi/Desktop/dev/Milestone1 BSAI/checkpoint_deliverable/data/CASIA-Iris-Interval/210/L/S1210L04.jpg,1210_L,1210,L,train,S1210L04,True,/Users/hrishi/Desktop/dev/Milestone1 BSAI/checkpoint_deliverable/data/casia_interval_strips/S1210L04.png,/Users/hrishi/Desktop/dev/Milestone1 BSAI/checkpoint_deliverable/data/casia_interval_strips_gt/S1210L04.png,True,True,,
/Users/hrishi/Desktop/dev/Milestone1 BSAI/checkpoint_deliverable/data/CASIA-Iris-Interval/210/L/S1210L06.jpg,1210_L,1210,L,train,S1210L06,True,/Users/hrishi/Desktop/dev/Milestone1 BSAI/checkpoint_deliverable/data/casia_interval_strips/S1210L06.png,/Users/hrishi/Desktop/dev/Milestone1 BSAI/checkpoint_deliverable/data/casia_interval_strips_gt/S1210L06.png,True,True,,
/Users/hrishi/Desktop/dev/Milestone1 BSAI/checkpoint_deliverable/data/CASIA-Iris-Interval/210/L/S1210L07.jpg,1210_L,1210,L,train,S1210L07,True,/Users/hrishi/Desktop/dev/Milestone1 BSAI/checkpoint_deliverable/data/casia_interval_strips/S1210L07.png,/Users/hrishi/Desktop/dev/Milestone1 BSAI/checkpoint_deliverable/data/casia_interval_strips_gt/S1210L07.png,True,True,,
/Users/hrishi/Desktop/dev/Milestone1 BSAI/checkpoint_deliverable/data/CASIA-Iris-Interval/217/L/S1217L03.jpg,1217_L,1217,L,train,S1217L03,True,/Users/hrishi/Desktop/dev/Milestone1 BSAI/checkpoint_deliverable/data/casia_interval_strips/S1217L03.png,/Users/hrishi/Desktop/dev/Milestone1 BSAI/checkpoint_deliverable/data/casia_interval_strips_gt/S1217L03.png,True,True,,
/Users/hrishi/Desktop/dev/Milestone1 BSAI/checkpoint_deliverable/data/CASIA-Iris-Interval/217/L/S1217L02.jpg,1217_L,1217,L,train,S1217L02,True,/Users/hrishi/Desktop/dev/Milestone1 BSAI/checkpoint_deliverable/data/casia_interval_strips/S1217L02.png,/Users/hrishi/Desktop/dev/Milestone1 BSAI/checkpoint_deliverable/data/casia_interval_strips_gt/S1217L02.png,True,True,,
/Users/hrishi/Desktop/dev/Milestone1 BSAI/checkpoint_deliverable/data/CASIA-Iris-Interval/217/L/S1217L01.jpg,1217_L,1217,L,train,S1217L01,True,/Users/hrishi/Desktop/dev/Milestone1 BSAI/checkpoint_deliverable/data/casia_interval_strips/S1217L01.png,/Users/hrishi/Desktop/dev/Milestone1 BSAI/checkpoint_deliverable/data/casia_interval_strips_gt/S1217L01.png,True,True,,
/Users/hrishi/Desktop/dev/Milestone1 BSAI/checkpoint_deliverable/data/CASIA-Iris-Interval/217/L/S1217L04.jpg,1217_L,1217,L,train,S1217L04,True,/Users/hrishi/Desktop/dev/Milestone1 BSAI/checkpoint_deliverable/data/casia_interval_strips/S1217L04.png,/Users/hrishi/Desktop/dev/Milestone1 BSAI/checkpoint_deliverable/data/casia_interval_strips_gt/S1217L04.png,True,True,,
/Users/hrishi/Desktop/dev/Milestone1 BSAI/checkpoint_deliverable/data/CASIA-Iris-Interval/025/L/S1025L01.jpg,1025_L,1025,L,test,S1025L01,True,/Users/hrishi/Desktop/dev/Milestone1 BSAI/checkpoint_deliverable/data/casia_interval_strips/S1025L01.png,/Users/hrishi/Desktop/dev/Milestone1 BSAI/checkpoint_deliverable/data/casia_interval_strips_gt/S1025L01.png,True,True,,
/Users/hrishi/Desktop/dev/Milestone1 BSAI/checkpoint_deliverable/data/CASIA-Iris-Interval/025/L/S1025L03.jpg,1025_L,1025,L,test,S1025L03,True,/Users/hrishi/Desktop/dev/Milestone1 BSAI/checkpoint_deliverable/data/casia_interval_strips/S1025L03.png,/Users/hrishi/Desktop/dev/Milestone1 BSAI/checkpoint_deliverable/data/casia_interval_strips_gt/S1025L03.png,True,True,,
/Users/hrishi/Desktop/dev/Milestone1 BSAI/checkpoint_deliverable/data/CASIA-Iris-Interval/025/L/S1025L02.jpg,1025_L,1025,L,test,S1025L02,True,/Users/hrishi/Desktop/dev/Milestone1 BSAI/checkpoint_deliverable/data/casia_interval_strips/S1025L02.png,/Users/hrishi/Desktop/dev/Milestone1 BSAI/checkpoint_deliverable/data/casia_interval_strips_gt/S1025L02.png,True,True,,
/Users/hrishi/Desktop/dev/Milestone1 BSAI/checkpoint_deliverable/data/CASIA-Iris-Interval/025/L/S1025L05.jpg,1025_L,1025,L,test,S1025L05,True,/Users/hrishi/Desktop/dev/Milestone1 BSAI/checkpoint_deliverable/data/casia_interval_strips/S1025L05.png,/Users/hrishi/Desktop/dev/Milestone1 BSAI/checkpoint_deliverable/data/casia_interval_strips_gt/S1025L05.png,True,True,,
/Users/hrishi/Desktop/dev/Milestone1 BSAI/checkpoint_deliverable/data/CASIA-Iris-Interval/025/L/S1025L04.jpg,1025_L,1025,L,test,S1025L04,True,/Users/hrishi/Desktop/dev/Milestone1 BSAI/checkpoint_deliverable/data/casia_interval_strips/S1025L04.png,/Users/hrishi/Desktop/dev/Milestone1 BSAI/checkpoint_deliverable/data/casia_interval_strips_gt/S1025L04.png,True,True,,
/Users/hrishi/Desktop/dev/Milestone1 BSAI/checkpoint_deliverable/data/CASIA-Iris-Interval/228/R/S1228R01.jpg,1228_R,1228,R,train,S1228R01,True,/Users/hrishi/Desktop/dev/Milestone1 BSAI/checkpoint_deliverable/data/casia_interval_strips/S1228R01.png,/Users/hrishi/Desktop/dev/Milestone1 BSAI/checkpoint_deliverable/data/casia_interval_strips_gt/S1228R01.png,True,True,,
/Users/hrishi/Desktop/dev/Milestone1 BSAI/checkpoint_deliverable/data/CASIA-Iris-Interval/228/L/S1228L07.jpg,1228_L,1228,L,train,S1228L07,True,/Users/hrishi/Desktop/dev/Milestone1 BSAI/checkpoint_deliverable/data/casia_interval_strips/S1228L07.png,/Users/hrishi/Desktop/dev/Milestone1 BSAI/checkpoint_deliverable/data/casia_interval_strips_gt/S1228L07.png,True,True,,
/Users/hrishi/Desktop/dev/Milestone1 BSAI/checkpoint_deliverable/data/CASIA-Iris-Interval/228/L/S1228L06.jpg,1228_L,1228,L,train,S1228L06,True,/Users/hrishi/Desktop/dev/Milestone1 BSAI/checkpoint_deliverable/data/casia_interval_strips/S1228L06.png,/Users/hrishi/Desktop/dev/Milestone1 BSAI/checkpoint_deliverable/data/casia_interval_strips_gt/S1228L06.png,True,True,,
/Users/hrishi/Desktop/dev/Milestone1 BSAI/checkpoint_deliverable/data/CASIA-Iris-Interval/228/L/S1228L04.jpg,1228_L,1228,L,train,S1228L04,True,/Users/hrishi/Desktop/dev/Milestone1 BSAI/checkpoint_deliverable/data/casia_interval_strips/S1228L04.png,/Users/hrishi/Desktop/dev/Milestone1 BSAI/checkpoint_deliverable/data/casia_interval_strips_gt/S1228L04.png,True,True,,
/Users/hrishi/Desktop/dev/Milestone1 BSAI/checkpoint_deliverable/data/CASIA-Iris-Interval/228/L/S1228L05.jpg,1228_L,1228,L,train,S1228L05,True,/Users/hrishi/Desktop/dev/Milestone1 BSAI/checkpoint_deliverable/data/casia_interval_strips/S1228L05.png,/Users/hrishi/Desktop/dev/Milestone1 BSAI/checkpoint_deliverable/data/casia_interval_strips_gt/S1228L05.png,True,True,,
/Users/hrishi/Desktop/dev/Milestone1 BSAI/checkpoint_deliverable/data/CASIA-Iris-Interval/228/L/S1228L01.jpg,1228_L,1228,L,train,S1228L01,True,/Users/hrishi/Desktop/dev/Milestone1 BSAI/checkpoint_deliverable/data/casia_interval_strips/S1228L01.png,/Users/hrishi/Desktop/dev/Milestone1 BSAI/checkpoint_deliverable/data/casia_interval_strips_gt/S1228L01.png,True,True,,
/Users/hrishi/Desktop/dev/Milestone1 BSAI/checkpoint_deliverable/data/CASIA-Iris-Interval/228/L/S1228L02.jpg,1228_L,1228,L,train,S1228L02,True,/Users/hrishi/Desktop/dev/Milestone1 BSAI/checkpoint_deliverable/data/casia_interval_strips/S1228L02.png,/Users/hrishi/Desktop/dev/Milestone1 BSAI/checkpoint_deliverable/data/casia_interval_strips_gt/S1228L02.png,True,True,,
/Users/hrishi/Desktop/dev/Milestone1 BSAI/checkpoint_deliverable/data/CASIA-Iris-Interval/228/L/S1228L03.jpg,1228_L,1228,L,train,S1228L03,True,/Users/hrishi/Desktop/dev/Milestone1 BSAI/checkpoint_deliverable/data/casia_interval_strips/S1228L03.png,/Users/hrishi/Desktop/dev/Milestone1 BSAI/checkpoint_deliverable/data/casia_interval_strips_gt/S1228L03.png,True,True,,
/Users/hrishi/Desktop/dev/Milestone1 BSAI/checkpoint_deliverable/data/CASIA-Iris-Interval/071/R/S1071R04.jpg,1071_R,1071,R,train,S1071R04,True,/Users/hrishi/Desktop/dev/Milestone1 BSAI/checkpoint_deliverable/data/casia_interval_strips/S1071R04.png,/Users/hrishi/Desktop/dev/Milestone1 BSAI/checkpoint_deliverable/data/casia_interval_strips_gt/S1071R04.png,True,True,,
/Users/hrishi/Desktop/dev/Milestone1 BSAI/checkpoint_deliverable/data/CASIA-Iris-Interval/071/R/S1071R05.jpg,1071_R,1071,R,train,S1071R05,True,/Users/hrishi/Desktop/dev/Milestone1 BSAI/checkpoint_deliverable/data/casia_interval_strips/S1071R05.png,/Users/hrishi/Desktop/dev/Milestone1 BSAI/checkpoint_deliverable/data/casia_interval_strips_gt/S1071R05.png,True,True,,
/Users/hrishi/Desktop/dev/Milestone1 BSAI/checkpoint_deliverable/data/CASIA-Iris-Interval/071/R/S1071R07.jpg,1071_R,1071,R,train,S1071R07,True,/Users/hrishi/Desktop/dev/Milestone1 BSAI/checkpoint_deliverable/data/casia_interval_strips/S1071R07.png,/Users/hrishi/Desktop/dev/Milestone1 BSAI/checkpoint_deliverable/data/casia_interval_strips_gt/S1071R07.png,True,True,,
/Users/hrishi/Desktop/dev/Milestone1 BSAI/checkpoint_deliverable/data/CASIA-Iris-Interval/071/R/S1071R06.jpg,1071_R,1071,R,train,S1071R06,True,/Users/hrishi/Desktop/dev/Milestone1 BSAI/checkpoint_deliverable/data/casia_interval_strips/S1071R06.png,/Users/hrishi/Desktop/dev/Milestone1 BSAI/checkpoint_deliverable/data/casia_interval_strips_gt/S1071R06.png,True,True,,
/Users/hrishi/Desktop/dev/Milestone1 BSAI/checkpoint_deliverable/data/CASIA-Iris-Interval/071/R/S1071R02.jpg,1071_R,1071,R,train,S1071R02,True,/Users/hrishi/Desktop/dev/Milestone1 BSAI/checkpoint_deliverable/data/casia_interval_strips/S1071R02.png,/Users/hrishi/Desktop/dev/Milestone1 BSAI/checkpoint_deliverable/data/casia_interval_strips_gt/S1071R02.png,True,True,,
/Users/hrishi/Desktop/dev/Milestone1 BSAI/checkpoint_deliverable/data/CASIA-Iris-Interval/071/R/S1071R03.jpg,1071_R,1071,R,train,S1071R03,True,/Users/hrishi/Desktop/dev/Milestone1 BSAI/checkpoint_deliverable/data/casia_interval_strips/S1071R03.png,/Users/hrishi/Desktop/dev/Milestone1 BSAI/checkpoint_deliverable/data/casia_interval_strips_gt/S1071R03.png,True,True,,
/Users/hrishi/Desktop/dev/Milestone1 BSAI/checkpoint_deliverable/data/CASIA-Iris-Interval/071/R/S1071R01.jpg,1071_R,1071,R,train,S1071R01,True,/Users/hrishi/Desktop/dev/Milestone1 BSAI/checkpoint_deliverable/data/casia_interval_strips/S1071R01.png,/Users/hrishi/Desktop/dev/Milestone1 BSAI/checkpoint_deliverable/data/casia_interval_strips_gt/S1071R01.png,True,True,,
/Users/hrishi/Desktop/dev/Milestone1 BSAI/checkpoint_deliverable/data/CASIA-Iris-Interval/071/L/S1071L03.jpg,1071_L,1071,L,val,S1071L03,True,/Users/hrishi/Desktop/dev/Milestone1 BSAI/checkpoint_deliverable/data/casia_interval_strips/S1071L03.png,/Users/hrishi/Desktop/dev/Milestone1 BSAI/checkpoint_deliverable/data/casia_interval_strips_gt/S1071L03.png,True,True,,
/Users/hrishi/Desktop/dev/Milestone1 BSAI/checkpoint_deliverable/data/CASIA-Iris-Interval/071/L/S1071L02.jpg,1071_L,1071,L,val,S1071L02,True,/Users/hrishi/Desktop/dev/Milestone1 BSAI/checkpoint_deliverable/data/casia_interval_strips/S1071L02.png,/Users/hrishi/Desktop/dev/Milestone1 BSAI/checkpoint_deliverable/data/casia_interval_strips_gt/S1071L02.png,True,True,,
/Users/hrishi/Desktop/dev/Milestone1 BSAI/checkpoint_deliverable/data/CASIA-Iris-Interval/071/L/S1071L01.jpg,1071_L,1071,L,val,S1071L01,True,/Users/hrishi/Desktop/dev/Milestone1 BSAI/checkpoint_deliverable/data/casia_interval_strips/S1071L01.png,/Users/hrishi/Desktop/dev/Milestone1 BSAI/checkpoint_deliverable/data/casia_interval_strips_gt/S1071L01.png,True,True,,
/Users/hrishi/Desktop/dev/Milestone1 BSAI/checkpoint_deliverable/data/CASIA-Iris-Interval/071/L/S1071L05.jpg,1071_L,1071,L,val,S1071L05,True,/Users/hrishi/Desktop/dev/Milestone1 BSAI/checkpoint_deliverable/data/casia_interval_strips/S1071L05.png,/Users/hrishi/Desktop/dev/Milestone1 BSAI/checkpoint_deliverable/data/casia_interval_strips_gt/S1071L05.png,True,True,,
/Users/hrishi/Desktop/dev/Milestone1 BSAI/checkpoint_deliverable/data/CASIA-Iris-Interval/071/L/S1071L04.jpg,1071_L,1071,L,val,S1071L04,True,/Users/hrishi/Desktop/dev/Milestone1 BSAI/checkpoint_deliverable/data/casia_interval_strips/S1071L04.png,/Users/hrishi/Desktop/dev/Milestone1 BSAI/checkpoint_deliverable/data/casia_interval_strips_gt/S1071L04.png,True,True,,
/Users/hrishi/Desktop/dev/Milestone1 BSAI/checkpoint_deliverable/data/CASIA-Iris-Interval/071/L/S1071L06.jpg,1071_L,1071,L,val,S1071L06,True,/Users/hrishi/Desktop/dev/Milestone1 BSAI/checkpoint_deliverable/data/casia_interval_strips/S1071L06.png,/Users/hrishi/Desktop/dev/Milestone1 BSAI/checkpoint_deliverable/data/casia_interval_strips_gt/S1071L06.png,True,True,,
/Users/hrishi/Desktop/dev/Milestone1 BSAI/checkpoint_deliverable/data/CASIA-Iris-Interval/071/L/S1071L07.jpg,1071_L,1071,L,val,S1071L07,True,/Users/hrishi/Desktop/dev/Milestone1 BSAI/checkpoint_deliverable/data/casia_interval_strips/S1071L07.png,/Users/hrishi/Desktop/dev/Milestone1 BSAI/checkpoint_deliverable/data/casia_interval_strips_gt/S1071L07.png,True,True,,
/Users/hrishi/Desktop/dev/Milestone1 BSAI/checkpoint_deliverable/data/CASIA-Iris-Interval/243/R/S1243R01.jpg,1243_R,1243,R,train,S1243R01,True,/Users/hrishi/Desktop/dev/Milestone1 BSAI/checkpoint_deliverable/data/casia_interval_strips/S1243R01.png,/Users/hrishi/Desktop/dev/Milestone1 BSAI/checkpoint_deliverable/data/casia_interval_strips_gt/S1243R01.png,True,True,,
/Users/hrishi/Desktop/dev/Milestone1 BSAI/checkpoint_deliverable/data/CASIA-Iris-Interval/243/R/S1243R02.jpg,1243_R,1243,R,train,S1243R02,True,/Users/hrishi/Desktop/dev/Milestone1 BSAI/checkpoint_deliverable/data/casia_interval_strips/S1243R02.png,/Users/hrishi/Desktop/dev/Milestone1 BSAI/checkpoint_deliverable/data/casia_interval_strips_gt/S1243R02.png,True,True,,
/Users/hrishi/Desktop/dev/Milestone1 BSAI/checkpoint_deliverable/data/CASIA-Iris-Interval/085/R/S1085R07.jpg,1085_R,1085,R,train,S1085R07,True,/Users/hrishi/Desktop/dev/Milestone1 BSAI/checkpoint_deliverable/data/casia_interval_strips/S1085R07.png,/Users/hrishi/Desktop/dev/Milestone1 BSAI/checkpoint_deliverable/data/casia_interval_strips_gt/S1085R07.png,True,True,,
/Users/hrishi/Desktop/dev/Milestone1 BSAI/checkpoint_deliverable/data/CASIA-Iris-Interval/085/R/S1085R06.jpg,1085_R,1085,R,train,S1085R06,True,/Users/hrishi/Desktop/dev/Milestone1 BSAI/checkpoint_deliverable/data/casia_interval_strips/S1085R06.png,/Users/hrishi/Desktop/dev/Milestone1 BSAI/checkpoint_deliverable/data/casia_interval_strips_gt/S1085R06.png,True,True,,
/Users/hrishi/Desktop/dev/Milestone1 BSAI/checkpoint_deliverable/data/CASIA-Iris-Interval/085/R/S1085R04.jpg,1085_R,1085,R,train,S1085R04,True,/Users/hrishi/Desktop/dev/Milestone1 BSAI/checkpoint_deliverable/data/casia_interval_strips/S1085R04.png,/Users/hrishi/Desktop/dev/Milestone1 BSAI/checkpoint_deliverable/data/casia_interval_strips_gt/S1085R04.png,True,True,,
/Users/hrishi/Desktop/dev/Milestone1 BSAI/checkpoint_deliverable/data/CASIA-Iris-Interval/085/R/S1085R05.jpg,1085_R,1085,R,train,S1085R05,True,/Users/hrishi/Desktop/dev/Milestone1 BSAI/checkpoint_deliverable/data/casia_interval_strips/S1085R05.png,/Users/hrishi/Desktop/dev/Milestone1 BSAI/checkpoint_deliverable/data/casia_interval_strips_gt/S1085R05.png,True,True,,
/Users/hrishi/Desktop/dev/Milestone1 BSAI/checkpoint_deliverable/data/CASIA-Iris-Interval/085/R/S1085R01.jpg,1085_R,1085,R,train,S1085R01,True,/Users/hrishi/Desktop/dev/Milestone1 BSAI/checkpoint_deliverable/data/casia_interval_strips/S1085R01.png,/Users/hrishi/Desktop/dev/Milestone1 BSAI/checkpoint_deliverable/data/casia_interval_strips_gt/S1085R01.png,True,True,,
/Users/hrishi/Desktop/dev/Milestone1 BSAI/checkpoint_deliverable/data/CASIA-Iris-Interval/085/R/S1085R02.jpg,1085_R,1085,R,train,S1085R02,True,/Users/hrishi/Desktop/dev/Milestone1 BSAI/checkpoint_deliverable/data/casia_interval_strips/S1085R02.png,/Users/hrishi/Desktop/dev/Milestone1 BSAI/checkpoint_deliverable/data/casia_interval_strips_gt/S1085R02.png,True,True,,
/Users/hrishi/Desktop/dev/Milestone1 BSAI/checkpoint_deliverable/data/CASIA-Iris-Interval/085/R/S1085R03.jpg,1085_R,1085,R,train,S1085R03,True,/Users/hrishi/Desktop/dev/Milestone1 BSAI/checkpoint_deliverable/data/casia_interval_strips/S1085R03.png,/Users/hrishi/Desktop/dev/Milestone1 BSAI/checkpoint_deliverable/data/casia_interval_strips_gt/S1085R03.png,True,True,,
/Users/hrishi/Desktop/dev/Milestone1 BSAI/checkpoint_deliverable/data/CASIA-Iris-Interval/085/L/S1085L01.jpg,1085_L,1085,L,train,S1085L01,True,/Users/hrishi/Desktop/dev/Milestone1 BSAI/checkpoint_deliverable/data/casia_interval_strips/S1085L01.png,/Users/hrishi/Desktop/dev/Milestone1 BSAI/checkpoint_deliverable/data/casia_interval_strips_gt/S1085L01.png,True,True,,
/Users/hrishi/Desktop/dev/Milestone1 BSAI/checkpoint_deliverable/data/CASIA-Iris-Interval/085/L/S1085L03.jpg,1085_L,1085,L,train,S1085L03,True,/Users/hrishi/Desktop/dev/Milestone1 BSAI/checkpoint_deliverable/data/casia_interval_strips/S1085L03.png,/Users/hrishi/Desktop/dev/Milestone1 BSAI/checkpoint_deliverable/data/casia_interval_strips_gt/S1085L03.png,True,True,,
/Users/hrishi/Desktop/dev/Milestone1 BSAI/checkpoint_deliverable/data/CASIA-Iris-Interval/085/L/S1085L02.jpg,1085_L,1085,L,train,S1085L02,True,/Users/hrishi/Desktop/dev/Milestone1 BSAI/checkpoint_deliverable/data/casia_interval_strips/S1085L02.png,/Users/hrishi/Desktop/dev/Milestone1 BSAI/checkpoint_deliverable/data/casia_interval_strips_gt/S1085L02.png,True,True,,
/Users/hrishi/Desktop/dev/Milestone1 BSAI/checkpoint_deliverable/data/CASIA-Iris-Interval/085/L/S1085L06.jpg,1085_L,1085,L,train,S1085L06,True,/Users/hrishi/Desktop/dev/Milestone1 BSAI/checkpoint_deliverable/data/casia_interval_strips/S1085L06.png,/Users/hrishi/Desktop/dev/Milestone1 BSAI/checkpoint_deliverable/data/casia_interval_strips_gt/S1085L06.png,True,True,,
/Users/hrishi/Desktop/dev/Milestone1 BSAI/checkpoint_deliverable/data/CASIA-Iris-Interval/085/L/S1085L07.jpg,1085_L,1085,L,train,S1085L07,True,/Users/hrishi/Desktop/dev/Milestone1 BSAI/checkpoint_deliverable/data/casia_interval_strips/S1085L07.png,/Users/hrishi/Desktop/dev/Milestone1 BSAI/checkpoint_deliverable/data/casia_interval_strips_gt/S1085L07.png,True,True,,
/Users/hrishi/Desktop/dev/Milestone1 BSAI/checkpoint_deliverable/data/CASIA-Iris-Interval/085/L/S1085L05.jpg,1085_L,1085,L,train,S1085L05,True,/Users/hrishi/Desktop/dev/Milestone1 BSAI/checkpoint_deliverable/data/casia_interval_strips/S1085L05.png,/Users/hrishi/Desktop/dev/Milestone1 BSAI/checkpoint_deliverable/data/casia_interval_strips_gt/S1085L05.png,True,True,,
/Users/hrishi/Desktop/dev/Milestone1 BSAI/checkpoint_deliverable/data/CASIA-Iris-Interval/085/L/S1085L04.jpg,1085_L,1085,L,train,S1085L04,True,/Users/hrishi/Desktop/dev/Milestone1 BSAI/checkpoint_deliverable/data/casia_interval_strips/S1085L04.png,/Users/hrishi/Desktop/dev/Milestone1 BSAI/checkpoint_deliverable/data/casia_interval_strips_gt/S1085L04.png,True,True,,
/Users/hrishi/Desktop/dev/Milestone1 BSAI/checkpoint_deliverable/data/CASIA-Iris-Interval/049/L/S1049L04.jpg,1049_L,1049,L,train,S1049L04,True,/Users/hrishi/Desktop/dev/Milestone1 BSAI/checkpoint_deliverable/data/casia_interval_strips/S1049L04.png,/Users/hrishi/Desktop/dev/Milestone1 BSAI/checkpoint_deliverable/data/casia_interval_strips_gt/S1049L04.png,True,True,,
/Users/hrishi/Desktop/dev/Milestone1 BSAI/checkpoint_deliverable/data/CASIA-Iris-Interval/049/L/S1049L05.jpg,1049_L,1049,L,train,S1049L05,True,/Users/hrishi/Desktop/dev/Milestone1 BSAI/checkpoint_deliverable/data/casia_interval_strips/S1049L05.png,/Users/hrishi/Desktop/dev/Milestone1 BSAI/checkpoint_deliverable/data/casia_interval_strips_gt/S1049L05.png,True,True,,
/Users/hrishi/Desktop/dev/Milestone1 BSAI/checkpoint_deliverable/data/CASIA-Iris-Interval/049/L/S1049L01.jpg,1049_L,1049,L,train,S1049L01,True,/Users/hrishi/Desktop/dev/Milestone1 BSAI/checkpoint_deliverable/data/casia_interval_strips/S1049L01.png,/Users/hrishi/Desktop/dev/Milestone1 BSAI/checkpoint_deliverable/data/casia_interval_strips_gt/S1049L01.png,True,True,,
/Users/hrishi/Desktop/dev/Milestone1 BSAI/checkpoint_deliverable/data/CASIA-Iris-Interval/049/L/S1049L02.jpg,1049_L,1049,L,train,S1049L02,True,/Users/hrishi/Desktop/dev/Milestone1 BSAI/checkpoint_deliverable/data/casia_interval_strips/S1049L02.png,/Users/hrishi/Desktop/dev/Milestone1 BSAI/checkpoint_deliverable/data/casia_interval_strips_gt/S1049L02.png,True,True,,
/Users/hrishi/Desktop/dev/Milestone1 BSAI/checkpoint_deliverable/data/CASIA-Iris-Interval/049/L/S1049L03.jpg,1049_L,1049,L,train,S1049L03,True,/Users/hrishi/Desktop/dev/Milestone1 BSAI/checkpoint_deliverable/data/casia_interval_strips/S1049L03.png,/Users/hrishi/Desktop/dev/Milestone1 BSAI/checkpoint_deliverable/data/casia_interval_strips_gt/S1049L03.png,True,True,,
/Users/hrishi/Desktop/dev/Milestone1 BSAI/checkpoint_deliverable/data/CASIA-Iris-Interval/082/R/S1082R07.jpg,1082_R,1082,R,train,S1082R07,True,/Users/hrishi/Desktop/dev/Milestone1 BSAI/checkpoint_deliverable/data/casia_interval_strips/S1082R07.png,/Users/hrishi/Desktop/dev/Milestone1 BSAI/checkpoint_deliverable/data/casia_interval_strips_gt/S1082R07.png,True,True,,
/Users/hrishi/Desktop/dev/Milestone1 BSAI/checkpoint_deliverable/data/CASIA-Iris-Interval/082/R/S1082R06.jpg,1082_R,1082,R,train,S1082R06,True,/Users/hrishi/Desktop/dev/Milestone1 BSAI/checkpoint_deliverable/data/casia_interval_strips/S1082R06.png,/Users/hrishi/Desktop/dev/Milestone1 BSAI/checkpoint_deliverable/data/casia_interval_strips_gt/S1082R06.png,True,True,,
/Users/hrishi/Desktop/dev/Milestone1 BSAI/checkpoint_deliverable/data/CASIA-Iris-Interval/082/R/S1082R04.jpg,1082_R,1082,R,train,S1082R04,True,/Users/hrishi/Desktop/dev/Milestone1 BSAI/checkpoint_deliverable/data/casia_interval_strips/S1082R04.png,/Users/hrishi/Desktop/dev/Milestone1 BSAI/checkpoint_deliverable/data/casia_interval_strips_gt/S1082R04.png,True,True,,
/Users/hrishi/Desktop/dev/Milestone1 BSAI/checkpoint_deliverable/data/CASIA-Iris-Interval/082/R/S1082R05.jpg,1082_R,1082,R,train,S1082R05,True,/Users/hrishi/Desktop/dev/Milestone1 BSAI/checkpoint_deliverable/data/casia_interval_strips/S1082R05.png,/Users/hrishi/Desktop/dev/Milestone1 BSAI/checkpoint_deliverable/data/casia_interval_strips_gt/S1082R05.png,True,True,,
/Users/hrishi/Desktop/dev/Milestone1 BSAI/checkpoint_deliverable/data/CASIA-Iris-Interval/082/R/S1082R01.jpg,1082_R,1082,R,train,S1082R01,True,/Users/hrishi/Desktop/dev/Milestone1 BSAI/checkpoint_deliverable/data/casia_interval_strips/S1082R01.png,/Users/hrishi/Desktop/dev/Milestone1 BSAI/checkpoint_deliverable/data/casia_interval_strips_gt/S1082R01.png,True,True,,
/Users/hrishi/Desktop/dev/Milestone1 BSAI/checkpoint_deliverable/data/CASIA-Iris-Interval/082/R/S1082R02.jpg,1082_R,1082,R,train,S1082R02,True,/Users/hrishi/Desktop/dev/Milestone1 BSAI/checkpoint_deliverable/data/casia_interval_strips/S1082R02.png,/Users/hrishi/Desktop/dev/Milestone1 BSAI/checkpoint_deliverable/data/casia_interval_strips_gt/S1082R02.png,True,True,,
/Users/hrishi/Desktop/dev/Milestone1 BSAI/checkpoint_deliverable/data/CASIA-Iris-Interval/082/R/S1082R03.jpg,1082_R,1082,R,train,S1082R03,True,/Users/hrishi/Desktop/dev/Milestone1 BSAI/checkpoint_deliverable/data/casia_interval_strips/S1082R03.png,/Users/hrishi/Desktop/dev/Milestone1 BSAI/checkpoint_deliverable/data/casia_interval_strips_gt/S1082R03.png,True,True,,
/Users/hrishi/Desktop/dev/Milestone1 BSAI/checkpoint_deliverable/data/CASIA-Iris-Interval/082/L/S1082L01.jpg,1082_L,1082,L,train,S1082L01,True,/Users/hrishi/Desktop/dev/Milestone1 BSAI/checkpoint_deliverable/data/casia_interval_strips/S1082L01.png,/Users/hrishi/Desktop/dev/Milestone1 BSAI/checkpoint_deliverable/data/casia_interval_strips_gt/S1082L01.png,True,True,,
/Users/hrishi/Desktop/dev/Milestone1 BSAI/checkpoint_deliverable/data/CASIA-Iris-Interval/082/L/S1082L03.jpg,1082_L,1082,L,train,S1082L03,True,/Users/hrishi/Desktop/dev/Milestone1 BSAI/checkpoint_deliverable/data/casia_interval_strips/S1082L03.png,/Users/hrishi/Desktop/dev/Milestone1 BSAI/checkpoint_deliverable/data/casia_interval_strips_gt/S1082L03.png,True,True,,
/Users/hrishi/Desktop/dev/Milestone1 BSAI/checkpoint_deliverable/data/CASIA-Iris-Interval/082/L/S1082L02.jpg,1082_L,1082,L,train,S1082L02,True,/Users/hrishi/Desktop/dev/Milestone1 BSAI/checkpoint_deliverable/data/casia_interval_strips/S1082L02.png,/Users/hrishi/Desktop/dev/Milestone1 BSAI/checkpoint_deliverable/data/casia_interval_strips_gt/S1082L02.png,True,True,,
/Users/hrishi/Desktop/dev/Milestone1 BSAI/checkpoint_deliverable/data/CASIA-Iris-Interval/082/L/S1082L06.jpg,1082_L,1082,L,train,S1082L06,True,/Users/hrishi/Desktop/dev/Milestone1 BSAI/checkpoint_deliverable/data/casia_interval_strips/S1082L06.png,/Users/hrishi/Desktop/dev/Milestone1 BSAI/checkpoint_deliverable/data/casia_interval_strips_gt/S1082L06.png,True,True,,
/Users/hrishi/Desktop/dev/Milestone1 BSAI/checkpoint_deliverable/data/CASIA-Iris-Interval/082/L/S1082L07.jpg,1082_L,1082,L,train,S1082L07,True,/Users/hrishi/Desktop/dev/Milestone1 BSAI/checkpoint_deliverable/data/casia_interval_strips/S1082L07.png,/Users/hrishi/Desktop/dev/Milestone1 BSAI/checkpoint_deliverable/data/casia_interval_strips_gt/S1082L07.png,True,True,,
/Users/hrishi/Desktop/dev/Milestone1 BSAI/checkpoint_deliverable/data/CASIA-Iris-Interval/082/L/S1082L05.jpg,1082_L,1082,L,train,S1082L05,True,/Users/hrishi/Desktop/dev/Milestone1 BSAI/checkpoint_deliverable/data/casia_interval_strips/S1082L05.png,/Users/hrishi/Desktop/dev/Milestone1 BSAI/checkpoint_deliverable/data/casia_interval_strips_gt/S1082L05.png,True,True,,
/Users/hrishi/Desktop/dev/Milestone1 BSAI/checkpoint_deliverable/data/CASIA-Iris-Interval/082/L/S1082L04.jpg,1082_L,1082,L,train,S1082L04,True,/Users/hrishi/Desktop/dev/Milestone1 BSAI/checkpoint_deliverable/data/casia_interval_strips/S1082L04.png,/Users/hrishi/Desktop/dev/Milestone1 BSAI/checkpoint_deliverable/data/casia_interval_strips_gt/S1082L04.png,True,True,,
/Users/hrishi/Desktop/dev/Milestone1 BSAI/checkpoint_deliverable/data/CASIA-Iris-Interval/244/L/S1244L01.jpg,1244_L,1244,L,train,S1244L01,True,/Users/hrishi/Desktop/dev/Milestone1 BSAI/checkpoint_deliverable/data/casia_interval_strips/S1244L01.png,/Users/hrishi/Desktop/dev/Milestone1 BSAI/checkpoint_deliverable/data/casia_interval_strips_gt/S1244L01.png,True,True,,
/Users/hrishi/Desktop/dev/Milestone1 BSAI/checkpoint_deliverable/data/CASIA-Iris-Interval/244/L/S1244L03.jpg,1244_L,1244,L,train,S1244L03,True,/Users/hrishi/Desktop/dev/Milestone1 BSAI/checkpoint_deliverable/data/casia_interval_strips/S1244L03.png,/Users/hrishi/Desktop/dev/Milestone1 BSAI/checkpoint_deliverable/data/casia_interval_strips_gt/S1244L03.png,True,True,,
/Users/hrishi/Desktop/dev/Milestone1 BSAI/checkpoint_deliverable/data/CASIA-Iris-Interval/244/L/S1244L02.jpg,1244_L,1244,L,train,S1244L02,True,/Users/hrishi/Desktop/dev/Milestone1 BSAI/checkpoint_deliverable/data/casia_interval_strips/S1244L02.png,/Users/hrishi/Desktop/dev/Milestone1 BSAI/checkpoint_deliverable/data/casia_interval_strips_gt/S1244L02.png,True,True,,
/Users/hrishi/Desktop/dev/Milestone1 BSAI/checkpoint_deliverable/data/CASIA-Iris-Interval/244/L/S1244L06.jpg,1244_L,1244,L,train,S1244L06,True,/Users/hrishi/Desktop/dev/Milestone1 BSAI/checkpoint_deliverable/data/casia_interval_strips/S1244L06.png,/Users/hrishi/Desktop/dev/Milestone1 BSAI/checkpoint_deliverable/data/casia_interval_strips_gt/S1244L06.png,True,True,,
/Users/hrishi/Desktop/dev/Milestone1 BSAI/checkpoint_deliverable/data/CASIA-Iris-Interval/244/L/S1244L05.jpg,1244_L,1244,L,train,S1244L05,True,/Users/hrishi/Desktop/dev/Milestone1 BSAI/checkpoint_deliverable/data/casia_interval_strips/S1244L05.png,/Users/hrishi/Desktop/dev/Milestone1 BSAI/checkpoint_deliverable/data/casia_interval_strips_gt/S1244L05.png,True,True,,
/Users/hrishi/Desktop/dev/Milestone1 BSAI/checkpoint_deliverable/data/CASIA-Iris-Interval/244/L/S1244L04.jpg,1244_L,1244,L,train,S1244L04,True,/Users/hrishi/Desktop/dev/Milestone1 BSAI/checkpoint_deliverable/data/casia_interval_strips/S1244L04.png,/Users/hrishi/Desktop/dev/Milestone1 BSAI/checkpoint_deliverable/data/casia_interval_strips_gt/S1244L04.png,True,True,,
/Users/hrishi/Desktop/dev/Milestone1 BSAI/checkpoint_deliverable/data/CASIA-Iris-Interval/076/R/S1076R04.jpg,1076_R,1076,R,test,S1076R04,True,/Users/hrishi/Desktop/dev/Milestone1 BSAI/checkpoint_deliverable/data/casia_interval_strips/S1076R04.png,/Users/hrishi/Desktop/dev/Milestone1 BSAI/checkpoint_deliverable/data/casia_interval_strips_gt/S1076R04.png,True,True,,
/Users/hrishi/Desktop/dev/Milestone1 BSAI/checkpoint_deliverable/data/CASIA-Iris-Interval/076/R/S1076R05.jpg,1076_R,1076,R,test,S1076R05,True,/Users/hrishi/Desktop/dev/Milestone1 BSAI/checkpoint_deliverable/data/casia_interval_strips/S1076R05.png,/Users/hrishi/Desktop/dev/Milestone1 BSAI/checkpoint_deliverable/data/casia_interval_strips_gt/S1076R05.png,True,True,,
/Users/hrishi/Desktop/dev/Milestone1 BSAI/checkpoint_deliverable/data/CASIA-Iris-Interval/076/R/S1076R07.jpg,1076_R,1076,R,test,S1076R07,True,/Users/hrishi/Desktop/dev/Milestone1 BSAI/checkpoint_deliverable/data/casia_interval_strips/S1076R07.png,/Users/hrishi/Desktop/dev/Milestone1 BSAI/checkpoint_deliverable/data/casia_interval_strips_gt/S1076R07.png,True,True,,
/Users/hrishi/Desktop/dev/Milestone1 BSAI/checkpoint_deliverable/data/CASIA-Iris-Interval/076/R/S1076R06.jpg,1076_R,1076,R,test,S1076R06,True,/Users/hrishi/Desktop/dev/Milestone1 BSAI/checkpoint_deliverable/data/casia_interval_strips/S1076R06.png,/Users/hrishi/Desktop/dev/Milestone1 BSAI/checkpoint_deliverable/data/casia_interval_strips_gt/S1076R06.png,True,True,,
/Users/hrishi/Desktop/dev/Milestone1 BSAI/checkpoint_deliverable/data/CASIA-Iris-Interval/076/R/S1076R02.jpg,1076_R,1076,R,test,S1076R02,True,/Users/hrishi/Desktop/dev/Milestone1 BSAI/checkpoint_deliverable/data/casia_interval_strips/S1076R02.png,/Users/hrishi/Desktop/dev/Milestone1 BSAI/checkpoint_deliverable/data/casia_interval_strips_gt/S1076R02.png,True,True,,
/Users/hrishi/Desktop/dev/Milestone1 BSAI/checkpoint_deliverable/data/CASIA-Iris-Interval/076/R/S1076R03.jpg,1076_R,1076,R,test,S1076R03,True,/Users/hrishi/Desktop/dev/Milestone1 BSAI/checkpoint_deliverable/data/casia_interval_strips/S1076R03.png,/Users/hrishi/Desktop/dev/Milestone1 BSAI/checkpoint_deliverable/data/casia_interval_strips_gt/S1076R03.png,True,True,,
/Users/hrishi/Desktop/dev/Milestone1 BSAI/checkpoint_deliverable/data/CASIA-Iris-Interval/076/R/S1076R01.jpg,1076_R,1076,R,test,S1076R01,True,/Users/hrishi/Desktop/dev/Milestone1 BSAI/checkpoint_deliverable/data/casia_interval_strips/S1076R01.png,/Users/hrishi/Desktop/dev/Milestone1 BSAI/checkpoint_deliverable/data/casia_interval_strips_gt/S1076R01.png,True,True,,
/Users/hrishi/Desktop/dev/Milestone1 BSAI/checkpoint_deliverable/data/CASIA-Iris-Interval/076/L/S1076L03.jpg,1076_L,1076,L,test,S1076L03,True,/Users/hrishi/Desktop/dev/Milestone1 BSAI/checkpoint_deliverable/data/casia_interval_strips/S1076L03.png,/Users/hrishi/Desktop/dev/Milestone1 BSAI/checkpoint_deliverable/data/casia_interval_strips_gt/S1076L03.png,True,True,,
/Users/hrishi/Desktop/dev/Milestone1 BSAI/checkpoint_deliverable/data/CASIA-Iris-Interval/076/L/S1076L02.jpg,1076_L,1076,L,test,S1076L02,True,/Users/hrishi/Desktop/dev/Milestone1 BSAI/checkpoint_deliverable/data/casia_interval_strips/S1076L02.png,/Users/hrishi/Desktop/dev/Milestone1 BSAI/checkpoint_deliverable/data/casia_interval_strips_gt/S1076L02.png,True,True,,
/Users/hrishi/Desktop/dev/Milestone1 BSAI/checkpoint_deliverable/data/CASIA-Iris-Interval/076/L/S1076L01.jpg,1076_L,1076,L,test,S1076L01,True,/Users/hrishi/Desktop/dev/Milestone1 BSAI/checkpoint_deliverable/data/casia_interval_strips/S1076L01.png,/Users/hrishi/Desktop/dev/Milestone1 BSAI/checkpoint_deliverable/data/casia_interval_strips_gt/S1076L01.png,True,True,,
/Users/hrishi/Desktop/dev/Milestone1 BSAI/checkpoint_deliverable/data/CASIA-Iris-Interval/076/L/S1076L05.jpg,1076_L,1076,L,test,S1076L05,True,/Users/hrishi/Desktop/dev/Milestone1 BSAI/checkpoint_deliverable/data/casia_interval_strips/S1076L05.png,/Users/hrishi/Desktop/dev/Milestone1 BSAI/checkpoint_deliverable/data/casia_interval_strips_gt/S1076L05.png,True,True,,
/Users/hrishi/Desktop/dev/Milestone1 BSAI/checkpoint_deliverable/data/CASIA-Iris-Interval/076/L/S1076L04.jpg,1076_L,1076,L,test,S1076L04,True,/Users/hrishi/Desktop/dev/Milestone1 BSAI/checkpoint_deliverable/data/casia_interval_strips/S1076L04.png,/Users/hrishi/Desktop/dev/Milestone1 BSAI/checkpoint_deliverable/data/casia_interval_strips_gt/S1076L04.png,True,True,,
/Users/hrishi/Desktop/dev/Milestone1 BSAI/checkpoint_deliverable/data/CASIA-Iris-Interval/076/L/S1076L06.jpg,1076_L,1076,L,test,S1076L06,True,/Users/hrishi/Desktop/dev/Milestone1 BSAI/checkpoint_deliverable/data/casia_interval_strips/S1076L06.png,/Users/hrishi/Desktop/dev/Milestone1 BSAI/checkpoint_deliverable/data/casia_interval_strips_gt/S1076L06.png,True,True,,
/Users/hrishi/Desktop/dev/Milestone1 BSAI/checkpoint_deliverable/data/CASIA-Iris-Interval/076/L/S1076L07.jpg,1076_L,1076,L,test,S1076L07,True,/Users/hrishi/Desktop/dev/Milestone1 BSAI/checkpoint_deliverable/data/casia_interval_strips/S1076L07.png,/Users/hrishi/Desktop/dev/Milestone1 BSAI/checkpoint_deliverable/data/casia_interval_strips_gt/S1076L07.png,True,True,,
/Users/hrishi/Desktop/dev/Milestone1 BSAI/checkpoint_deliverable/data/CASIA-Iris-Interval/040/L/S1040L02.jpg,1040_L,1040,L,train,S1040L02,True,/Users/hrishi/Desktop/dev/Milestone1 BSAI/checkpoint_deliverable/data/casia_interval_strips/S1040L02.png,/Users/hrishi/Desktop/dev/Milestone1 BSAI/checkpoint_deliverable/data/casia_interval_strips_gt/S1040L02.png,True,True,,
/Users/hrishi/Desktop/dev/Milestone1 BSAI/checkpoint_deliverable/data/CASIA-Iris-Interval/040/L/S1040L03.jpg,1040_L,1040,L,train,S1040L03,True,/Users/hrishi/Desktop/dev/Milestone1 BSAI/checkpoint_deliverable/data/casia_interval_strips/S1040L03.png,/Users/hrishi/Desktop/dev/Milestone1 BSAI/checkpoint_deliverable/data/casia_interval_strips_gt/S1040L03.png,True,True,,
/Users/hrishi/Desktop/dev/Milestone1 BSAI/checkpoint_deliverable/data/CASIA-Iris-Interval/040/L/S1040L01.jpg,1040_L,1040,L,train,S1040L01,True,/Users/hrishi/Desktop/dev/Milestone1 BSAI/checkpoint_deliverable/data/casia_interval_strips/S1040L01.png,/Users/hrishi/Desktop/dev/Milestone1 BSAI/checkpoint_deliverable/data/casia_interval_strips_gt/S1040L01.png,True,True,,
/Users/hrishi/Desktop/dev/Milestone1 BSAI/checkpoint_deliverable/data/CASIA-Iris-Interval/040/L/S1040L04.jpg,1040_L,1040,L,train,S1040L04,True,/Users/hrishi/Desktop/dev/Milestone1 BSAI/checkpoint_deliverable/data/casia_interval_strips/S1040L04.png,/Users/hrishi/Desktop/dev/Milestone1 BSAI/checkpoint_deliverable/data/casia_interval_strips_gt/S1040L04.png,True,True,,
/Users/hrishi/Desktop/dev/Milestone1 BSAI/checkpoint_deliverable/data/CASIA-Iris-Interval/040/L/S1040L05.jpg,1040_L,1040,L,train,S1040L05,True,/Users/hrishi/Desktop/dev/Milestone1 BSAI/checkpoint_deliverable/data/casia_interval_strips/S1040L05.png,/Users/hrishi/Desktop/dev/Milestone1 BSAI/checkpoint_deliverable/data/casia_interval_strips_gt/S1040L05.png,True,True,,
/Users/hrishi/Desktop/dev/Milestone1 BSAI/checkpoint_deliverable/data/CASIA-Iris-Interval/078/R/S1078R01.jpg,1078_R,1078,R,test,S1078R01,True,/Users/hrishi/Desktop/dev/Milestone1 BSAI/checkpoint_deliverable/data/casia_interval_strips/S1078R01.png,/Users/hrishi/Desktop/dev/Milestone1 BSAI/checkpoint_deliverable/data/casia_interval_strips_gt/S1078R01.png,True,True,,
/Users/hrishi/Desktop/dev/Milestone1 BSAI/checkpoint_deliverable/data/CASIA-Iris-Interval/078/R/S1078R02.jpg,1078_R,1078,R,test,S1078R02,True,/Users/hrishi/Desktop/dev/Milestone1 BSAI/checkpoint_deliverable/data/casia_interval_strips/S1078R02.png,/Users/hrishi/Desktop/dev/Milestone1 BSAI/checkpoint_deliverable/data/casia_interval_strips_gt/S1078R02.png,True,True,,
/Users/hrishi/Desktop/dev/Milestone1 BSAI/checkpoint_deliverable/data/CASIA-Iris-Interval/078/R/S1078R03.jpg,1078_R,1078,R,test,S1078R03,True,/Users/hrishi/Desktop/dev/Milestone1 BSAI/checkpoint_deliverable/data/casia_interval_strips/S1078R03.png,/Users/hrishi/Desktop/dev/Milestone1 BSAI/checkpoint_deliverable/data/casia_interval_strips_gt/S1078R03.png,True,True,,
/Users/hrishi/Desktop/dev/Milestone1 BSAI/checkpoint_deliverable/data/CASIA-Iris-Interval/078/R/S1078R07.jpg,1078_R,1078,R,test,S1078R07,True,/Users/hrishi/Desktop/dev/Milestone1 BSAI/checkpoint_deliverable/data/casia_interval_strips/S1078R07.png,/Users/hrishi/Desktop/dev/Milestone1 BSAI/checkpoint_deliverable/data/casia_interval_strips_gt/S1078R07.png,True,True,,
/Users/hrishi/Desktop/dev/Milestone1 BSAI/checkpoint_deliverable/data/CASIA-Iris-Interval/078/R/S1078R06.jpg,1078_R,1078,R,test,S1078R06,True,/Users/hrishi/Desktop/dev/Milestone1 BSAI/checkpoint_deliverable/data/casia_interval_strips/S1078R06.png,/Users/hrishi/Desktop/dev/Milestone1 BSAI/checkpoint_deliverable/data/casia_interval_strips_gt/S1078R06.png,True,True,,
/Users/hrishi/Desktop/dev/Milestone1 BSAI/checkpoint_deliverable/data/CASIA-Iris-Interval/078/R/S1078R04.jpg,1078_R,1078,R,test,S1078R04,True,/Users/hrishi/Desktop/dev/Milestone1 BSAI/checkpoint_deliverable/data/casia_interval_strips/S1078R04.png,/Users/hrishi/Desktop/dev/Milestone1 BSAI/checkpoint_deliverable/data/casia_interval_strips_gt/S1078R04.png,True,True,,
/Users/hrishi/Desktop/dev/Milestone1 BSAI/checkpoint_deliverable/data/CASIA-Iris-Interval/078/R/S1078R05.jpg,1078_R,1078,R,test,S1078R05,True,/Users/hrishi/Desktop/dev/Milestone1 BSAI/checkpoint_deliverable/data/casia_interval_strips/S1078R05.png,/Users/hrishi/Desktop/dev/Milestone1 BSAI/checkpoint_deliverable/data/casia_interval_strips_gt/S1078R05.png,True,True,,
/Users/hrishi/Desktop/dev/Milestone1 BSAI/checkpoint_deliverable/data/CASIA-Iris-Interval/078/L/S1078L06.jpg,1078_L,1078,L,train,S1078L06,True,/Users/hrishi/Desktop/dev/Milestone1 BSAI/checkpoint_deliverable/data/casia_interval_strips/S1078L06.png,/Users/hrishi/Desktop/dev/Milestone1 BSAI/checkpoint_deliverable/data/casia_interval_strips_gt/S1078L06.png,True,True,,
/Users/hrishi/Desktop/dev/Milestone1 BSAI/checkpoint_deliverable/data/CASIA-Iris-Interval/078/L/S1078L07.jpg,1078_L,1078,L,train,S1078L07,True,/Users/hrishi/Desktop/dev/Milestone1 BSAI/checkpoint_deliverable/data/casia_interval_strips/S1078L07.png,/Users/hrishi/Desktop/dev/Milestone1 BSAI/checkpoint_deliverable/data/casia_interval_strips_gt/S1078L07.png,True,True,,
/Users/hrishi/Desktop/dev/Milestone1 BSAI/checkpoint_deliverable/data/CASIA-Iris-Interval/078/L/S1078L05.jpg,1078_L,1078,L,train,S1078L05,True,/Users/hrishi/Desktop/dev/Milestone1 BSAI/checkpoint_deliverable/data/casia_interval_strips/S1078L05.png,/Users/hrishi/Desktop/dev/Milestone1 BSAI/checkpoint_deliverable/data/casia_interval_strips_gt/S1078L05.png,True,True,,
/Users/hrishi/Desktop/dev/Milestone1 BSAI/checkpoint_deliverable/data/CASIA-Iris-Interval/078/L/S1078L04.jpg,1078_L,1078,L,train,S1078L04,True,/Users/hrishi/Desktop/dev/Milestone1 BSAI/checkpoint_deliverable/data/casia_interval_strips/S1078L04.png,/Users/hrishi/Desktop/dev/Milestone1 BSAI/checkpoint_deliverable/data/casia_interval_strips_gt/S1078L04.png,True,True,,
/Users/hrishi/Desktop/dev/Milestone1 BSAI/checkpoint_deliverable/data/CASIA-Iris-Interval/078/L/S1078L01.jpg,1078_L,1078,L,train,S1078L01,True,/Users/hrishi/Desktop/dev/Milestone1 BSAI/checkpoint_deliverable/data/casia_interval_strips/S1078L01.png,/Users/hrishi/Desktop/dev/Milestone1 BSAI/checkpoint_deliverable/data/casia_interval_strips_gt/S1078L01.png,True,True,,
/Users/hrishi/Desktop/dev/Milestone1 BSAI/checkpoint_deliverable/data/CASIA-Iris-Interval/078/L/S1078L03.jpg,1078_L,1078,L,train,S1078L03,True,/Users/hrishi/Desktop/dev/Milestone1 BSAI/checkpoint_deliverable/data/casia_interval_strips/S1078L03.png,/Users/hrishi/Desktop/dev/Milestone1 BSAI/checkpoint_deliverable/data/casia_interval_strips_gt/S1078L03.png,True,True,,
/Users/hrishi/Desktop/dev/Milestone1 BSAI/checkpoint_deliverable/data/CASIA-Iris-Interval/078/L/S1078L02.jpg,1078_L,1078,L,train,S1078L02,True,/Users/hrishi/Desktop/dev/Milestone1 BSAI/checkpoint_deliverable/data/casia_interval_strips/S1078L02.png,/Users/hrishi/Desktop/dev/Milestone1 BSAI/checkpoint_deliverable/data/casia_interval_strips_gt/S1078L02.png,True,True,,
/Users/hrishi/Desktop/dev/Milestone1 BSAI/checkpoint_deliverable/data/CASIA-Iris-Interval/047/R/S1047R01.jpg,1047_R,1047,R,val,S1047R01,True,/Users/hrishi/Desktop/dev/Milestone1 BSAI/checkpoint_deliverable/data/casia_interval_strips/S1047R01.png,/Users/hrishi/Desktop/dev/Milestone1 BSAI/checkpoint_deliverable/data/casia_interval_strips_gt/S1047R01.png,True,True,,
/Users/hrishi/Desktop/dev/Milestone1 BSAI/checkpoint_deliverable/data/CASIA-Iris-Interval/047/L/S1047L02.jpg,1047_L,1047,L,train,S1047L02,True,/Users/hrishi/Desktop/dev/Milestone1 BSAI/checkpoint_deliverable/data/casia_interval_strips/S1047L02.png,/Users/hrishi/Desktop/dev/Milestone1 BSAI/checkpoint_deliverable/data/casia_interval_strips_gt/S1047L02.png,True,True,,
/Users/hrishi/Desktop/dev/Milestone1 BSAI/checkpoint_deliverable/data/CASIA-Iris-Interval/047/L/S1047L03.jpg,1047_L,1047,L,train,S1047L03,True,/Users/hrishi/Desktop/dev/Milestone1 BSAI/checkpoint_deliverable/data/casia_interval_strips/S1047L03.png,/Users/hrishi/Desktop/dev/Milestone1 BSAI/checkpoint_deliverable/data/casia_interval_strips_gt/S1047L03.png,True,True,,
/Users/hrishi/Desktop/dev/Milestone1 BSAI/checkpoint_deliverable/data/CASIA-Iris-Interval/047/L/S1047L01.jpg,1047_L,1047,L,train,S1047L01,True,/Users/hrishi/Desktop/dev/Milestone1 BSAI/checkpoint_deliverable/data/casia_interval_strips/S1047L01.png,/Users/hrishi/Desktop/dev/Milestone1 BSAI/checkpoint_deliverable/data/casia_interval_strips_gt/S1047L01.png,True,True,,
/Users/hrishi/Desktop/dev/Milestone1 BSAI/checkpoint_deliverable/data/CASIA-Iris-Interval/047/L/S1047L04.jpg,1047_L,1047,L,train,S1047L04,True,/Users/hrishi/Desktop/dev/Milestone1 BSAI/checkpoint_deliverable/data/casia_interval_strips/S1047L04.png,/Users/hrishi/Desktop/dev/Milestone1 BSAI/checkpoint_deliverable/data/casia_interval_strips_gt/S1047L04.png,True,True,,
/Users/hrishi/Desktop/dev/Milestone1 BSAI/checkpoint_deliverable/data/CASIA-Iris-Interval/047/L/S1047L05.jpg,1047_L,1047,L,train,S1047L05,True,/Users/hrishi/Desktop/dev/Milestone1 BSAI/checkpoint_deliverable/data/casia_interval_strips/S1047L05.png,/Users/hrishi/Desktop/dev/Milestone1 BSAI/checkpoint_deliverable/data/casia_interval_strips_gt/S1047L05.png,True,True,,
/Users/hrishi/Desktop/dev/Milestone1 BSAI/checkpoint_deliverable/data/CASIA-Iris-Interval/047/L/S1047L06.jpg,1047_L,1047,L,train,S1047L06,True,/Users/hrishi/Desktop/dev/Milestone1 BSAI/checkpoint_deliverable/data/casia_interval_strips/S1047L06.png,/Users/hrishi/Desktop/dev/Milestone1 BSAI/checkpoint_deliverable/data/casia_interval_strips_gt/S1047L06.png,True,True,,
/Users/hrishi/Desktop/dev/Milestone1 BSAI/checkpoint_deliverable/data/CASIA-Iris-Interval/065/R/S1065R06.jpg,1065_R,1065,R,train,S1065R06,True,/Users/hrishi/Desktop/dev/Milestone1 BSAI/checkpoint_deliverable/data/casia_interval_strips/S1065R06.png,/Users/hrishi/Desktop/dev/Milestone1 BSAI/checkpoint_deliverable/data/casia_interval_strips_gt/S1065R06.png,True,True,,
/Users/hrishi/Desktop/dev/Milestone1 BSAI/checkpoint_deliverable/data/CASIA-Iris-Interval/065/R/S1065R07.jpg,1065_R,1065,R,train,S1065R07,True,/Users/hrishi/Desktop/dev/Milestone1 BSAI/checkpoint_deliverable/data/casia_interval_strips/S1065R07.png,/Users/hrishi/Desktop/dev/Milestone1 BSAI/checkpoint_deliverable/data/casia_interval_strips_gt/S1065R07.png,True,True,,
/Users/hrishi/Desktop/dev/Milestone1 BSAI/checkpoint_deliverable/data/CASIA-Iris-Interval/065/R/S1065R05.jpg,1065_R,1065,R,train,S1065R05,True,/Users/hrishi/Desktop/dev/Milestone1 BSAI/checkpoint_deliverable/data/casia_interval_strips/S1065R05.png,/Users/hrishi/Desktop/dev/Milestone1 BSAI/checkpoint_deliverable/data/casia_interval_strips_gt/S1065R05.png,True,True,,
/Users/hrishi/Desktop/dev/Milestone1 BSAI/checkpoint_deliverable/data/CASIA-Iris-Interval/065/R/S1065R04.jpg,1065_R,1065,R,train,S1065R04,True,/Users/hrishi/Desktop/dev/Milestone1 BSAI/checkpoint_deliverable/data/casia_interval_strips/S1065R04.png,/Users/hrishi/Desktop/dev/Milestone1 BSAI/checkpoint_deliverable/data/casia_interval_strips_gt/S1065R04.png,True,True,,
/Users/hrishi/Desktop/dev/Milestone1 BSAI/checkpoint_deliverable/data/CASIA-Iris-Interval/065/R/S1065R01.jpg,1065_R,1065,R,train,S1065R01,True,/Users/hrishi/Desktop/dev/Milestone1 BSAI/checkpoint_deliverable/data/casia_interval_strips/S1065R01.png,/Users/hrishi/Desktop/dev/Milestone1 BSAI/checkpoint_deliverable/data/casia_interval_strips_gt/S1065R01.png,True,True,,
/Users/hrishi/Desktop/dev/Milestone1 BSAI/checkpoint_deliverable/data/CASIA-Iris-Interval/065/R/S1065R03.jpg,1065_R,1065,R,train,S1065R03,True,/Users/hrishi/Desktop/dev/Milestone1 BSAI/checkpoint_deliverable/data/casia_interval_strips/S1065R03.png,/Users/hrishi/Desktop/dev/Milestone1 BSAI/checkpoint_deliverable/data/casia_interval_strips_gt/S1065R03.png,True,True,,
/Users/hrishi/Desktop/dev/Milestone1 BSAI/checkpoint_deliverable/data/CASIA-Iris-Interval/065/R/S1065R02.jpg,1065_R,1065,R,train,S1065R02,True,/Users/hrishi/Desktop/dev/Milestone1 BSAI/checkpoint_deliverable/data/casia_interval_strips/S1065R02.png,/Users/hrishi/Desktop/dev/Milestone1 BSAI/checkpoint_deliverable/data/casia_interval_strips_gt/S1065R02.png,True,True,,
/Users/hrishi/Desktop/dev/Milestone1 BSAI/checkpoint_deliverable/data/CASIA-Iris-Interval/065/L/S1065L01.jpg,1065_L,1065,L,val,S1065L01,True,/Users/hrishi/Desktop/dev/Milestone1 BSAI/checkpoint_deliverable/data/casia_interval_strips/S1065L01.png,/Users/hrishi/Desktop/dev/Milestone1 BSAI/checkpoint_deliverable/data/casia_interval_strips_gt/S1065L01.png,True,True,,
/Users/hrishi/Desktop/dev/Milestone1 BSAI/checkpoint_deliverable/data/CASIA-Iris-Interval/065/L/S1065L02.jpg,1065_L,1065,L,val,S1065L02,True,/Users/hrishi/Desktop/dev/Milestone1 BSAI/checkpoint_deliverable/data/casia_interval_strips/S1065L02.png,/Users/hrishi/Desktop/dev/Milestone1 BSAI/checkpoint_deliverable/data/casia_interval_strips_gt/S1065L02.png,True,True,,
/Users/hrishi/Desktop/dev/Milestone1 BSAI/checkpoint_deliverable/data/CASIA-Iris-Interval/065/L/S1065L03.jpg,1065_L,1065,L,val,S1065L03,True,/Users/hrishi/Desktop/dev/Milestone1 BSAI/checkpoint_deliverable/data/casia_interval_strips/S1065L03.png,/Users/hrishi/Desktop/dev/Milestone1 BSAI/checkpoint_deliverable/data/casia_interval_strips_gt/S1065L03.png,True,True,,
/Users/hrishi/Desktop/dev/Milestone1 BSAI/checkpoint_deliverable/data/CASIA-Iris-Interval/065/L/S1065L07.jpg,1065_L,1065,L,val,S1065L07,True,/Users/hrishi/Desktop/dev/Milestone1 BSAI/checkpoint_deliverable/data/casia_interval_strips/S1065L07.png,/Users/hrishi/Desktop/dev/Milestone1 BSAI/checkpoint_deliverable/data/casia_interval_strips_gt/S1065L07.png,True,True,,
/Users/hrishi/Desktop/dev/Milestone1 BSAI/checkpoint_deliverable/data/CASIA-Iris-Interval/065/L/S1065L06.jpg,1065_L,1065,L,val,S1065L06,True,/Users/hrishi/Desktop/dev/Milestone1 BSAI/checkpoint_deliverable/data/casia_interval_strips/S1065L06.png,/Users/hrishi/Desktop/dev/Milestone1 BSAI/checkpoint_deliverable/data/casia_interval_strips_gt/S1065L06.png,True,True,,
/Users/hrishi/Desktop/dev/Milestone1 BSAI/checkpoint_deliverable/data/CASIA-Iris-Interval/065/L/S1065L04.jpg,1065_L,1065,L,val,S1065L04,True,/Users/hrishi/Desktop/dev/Milestone1 BSAI/checkpoint_deliverable/data/casia_interval_strips/S1065L04.png,/Users/hrishi/Desktop/dev/Milestone1 BSAI/checkpoint_deliverable/data/casia_interval_strips_gt/S1065L04.png,True,True,,
/Users/hrishi/Desktop/dev/Milestone1 BSAI/checkpoint_deliverable/data/CASIA-Iris-Interval/065/L/S1065L05.jpg,1065_L,1065,L,val,S1065L05,True,/Users/hrishi/Desktop/dev/Milestone1 BSAI/checkpoint_deliverable/data/casia_interval_strips/S1065L05.png,/Users/hrishi/Desktop/dev/Milestone1 BSAI/checkpoint_deliverable/data/casia_interval_strips_gt/S1065L05.png,True,True,,
/Users/hrishi/Desktop/dev/Milestone1 BSAI/checkpoint_deliverable/data/CASIA-Iris-Interval/091/R/S1091R05.jpg,1091_R,1091,R,test,S1091R05,True,/Users/hrishi/Desktop/dev/Milestone1 BSAI/checkpoint_deliverable/data/casia_interval_strips/S1091R05.png,/Users/hrishi/Desktop/dev/Milestone1 BSAI/checkpoint_deliverable/data/casia_interval_strips_gt/S1091R05.png,True,True,,
/Users/hrishi/Desktop/dev/Milestone1 BSAI/checkpoint_deliverable/data/CASIA-Iris-Interval/091/R/S1091R04.jpg,1091_R,1091,R,test,S1091R04,True,/Users/hrishi/Desktop/dev/Milestone1 BSAI/checkpoint_deliverable/data/casia_interval_strips/S1091R04.png,/Users/hrishi/Desktop/dev/Milestone1 BSAI/checkpoint_deliverable/data/casia_interval_strips_gt/S1091R04.png,True,True,,
/Users/hrishi/Desktop/dev/Milestone1 BSAI/checkpoint_deliverable/data/CASIA-Iris-Interval/091/R/S1091R06.jpg,1091_R,1091,R,test,S1091R06,True,/Users/hrishi/Desktop/dev/Milestone1 BSAI/checkpoint_deliverable/data/casia_interval_strips/S1091R06.png,/Users/hrishi/Desktop/dev/Milestone1 BSAI/checkpoint_deliverable/data/casia_interval_strips_gt/S1091R06.png,True,True,,
/Users/hrishi/Desktop/dev/Milestone1 BSAI/checkpoint_deliverable/data/CASIA-Iris-Interval/091/R/S1091R03.jpg,1091_R,1091,R,test,S1091R03,True,/Users/hrishi/Desktop/dev/Milestone1 BSAI/checkpoint_deliverable/data/casia_interval_strips/S1091R03.png,/Users/hrishi/Desktop/dev/Milestone1 BSAI/checkpoint_deliverable/data/casia_interval_strips_gt/S1091R03.png,True,True,,
/Users/hrishi/Desktop/dev/Milestone1 BSAI/checkpoint_deliverable/data/CASIA-Iris-Interval/091/R/S1091R02.jpg,1091_R,1091,R,test,S1091R02,True,/Users/hrishi/Desktop/dev/Milestone1 BSAI/checkpoint_deliverable/data/casia_interval_strips/S1091R02.png,/Users/hrishi/Desktop/dev/Milestone1 BSAI/checkpoint_deliverable/data/casia_interval_strips_gt/S1091R02.png,True,True,,
/Users/hrishi/Desktop/dev/Milestone1 BSAI/checkpoint_deliverable/data/CASIA-Iris-Interval/091/R/S1091R01.jpg,1091_R,1091,R,test,S1091R01,True,/Users/hrishi/Desktop/dev/Milestone1 BSAI/checkpoint_deliverable/data/casia_interval_strips/S1091R01.png,/Users/hrishi/Desktop/dev/Milestone1 BSAI/checkpoint_deliverable/data/casia_interval_strips_gt/S1091R01.png,True,True,,
/Users/hrishi/Desktop/dev/Milestone1 BSAI/checkpoint_deliverable/data/CASIA-Iris-Interval/091/L/S1091L02.jpg,1091_L,1091,L,train,S1091L02,True,/Users/hrishi/Desktop/dev/Milestone1 BSAI/checkpoint_deliverable/data/casia_interval_strips/S1091L02.png,/Users/hrishi/Desktop/dev/Milestone1 BSAI/checkpoint_deliverable/data/casia_interval_strips_gt/S1091L02.png,True,True,,
/Users/hrishi/Desktop/dev/Milestone1 BSAI/checkpoint_deliverable/data/CASIA-Iris-Interval/091/L/S1091L03.jpg,1091_L,1091,L,train,S1091L03,True,/Users/hrishi/Desktop/dev/Milestone1 BSAI/checkpoint_deliverable/data/casia_interval_strips/S1091L03.png,/Users/hrishi/Desktop/dev/Milestone1 BSAI/checkpoint_deliverable/data/casia_interval_strips_gt/S1091L03.png,True,True,,
/Users/hrishi/Desktop/dev/Milestone1 BSAI/checkpoint_deliverable/data/CASIA-Iris-Interval/091/L/S1091L01.jpg,1091_L,1091,L,train,S1091L01,True,/Users/hrishi/Desktop/dev/Milestone1 BSAI/checkpoint_deliverable/data/casia_interval_strips/S1091L01.png,/Users/hrishi/Desktop/dev/Milestone1 BSAI/checkpoint_deliverable/data/casia_interval_strips_gt/S1091L01.png,True,True,,
/Users/hrishi/Desktop/dev/Milestone1 BSAI/checkpoint_deliverable/data/CASIA-Iris-Interval/096/R/S1096R05.jpg,1096_R,1096,R,train,S1096R05,True,/Users/hrishi/Desktop/dev/Milestone1 BSAI/checkpoint_deliverable/data/casia_interval_strips/S1096R05.png,/Users/hrishi/Desktop/dev/Milestone1 BSAI/checkpoint_deliverable/data/casia_interval_strips_gt/S1096R05.png,True,True,,
/Users/hrishi/Desktop/dev/Milestone1 BSAI/checkpoint_deliverable/data/CASIA-Iris-Interval/096/R/S1096R04.jpg,1096_R,1096,R,train,S1096R04,True,/Users/hrishi/Desktop/dev/Milestone1 BSAI/checkpoint_deliverable/data/casia_interval_strips/S1096R04.png,/Users/hrishi/Desktop/dev/Milestone1 BSAI/checkpoint_deliverable/data/casia_interval_strips_gt/S1096R04.png,True,True,,
/Users/hrishi/Desktop/dev/Milestone1 BSAI/checkpoint_deliverable/data/CASIA-Iris-Interval/096/R/S1096R06.jpg,1096_R,1096,R,train,S1096R06,True,/Users/hrishi/Desktop/dev/Milestone1 BSAI/checkpoint_deliverable/data/casia_interval_strips/S1096R06.png,/Users/hrishi/Desktop/dev/Milestone1 BSAI/checkpoint_deliverable/data/casia_interval_strips_gt/S1096R06.png,True,True,,
/Users/hrishi/Desktop/dev/Milestone1 BSAI/checkpoint_deliverable/data/CASIA-Iris-Interval/096/R/S1096R07.jpg,1096_R,1096,R,train,S1096R07,True,/Users/hrishi/Desktop/dev/Milestone1 BSAI/checkpoint_deliverable/data/casia_interval_strips/S1096R07.png,/Users/hrishi/Desktop/dev/Milestone1 BSAI/checkpoint_deliverable/data/casia_interval_strips_gt/S1096R07.png,True,True,,
/Users/hrishi/Desktop/dev/Milestone1 BSAI/checkpoint_deliverable/data/CASIA-Iris-Interval/096/R/S1096R03.jpg,1096_R,1096,R,train,S1096R03,True,/Users/hrishi/Desktop/dev/Milestone1 BSAI/checkpoint_deliverable/data/casia_interval_strips/S1096R03.png,/Users/hrishi/Desktop/dev/Milestone1 BSAI/checkpoint_deliverable/data/casia_interval_strips_gt/S1096R03.png,True,True,,
/Users/hrishi/Desktop/dev/Milestone1 BSAI/checkpoint_deliverable/data/CASIA-Iris-Interval/096/R/S1096R02.jpg,1096_R,1096,R,train,S1096R02,True,/Users/hrishi/Desktop/dev/Milestone1 BSAI/checkpoint_deliverable/data/casia_interval_strips/S1096R02.png,/Users/hrishi/Desktop/dev/Milestone1 BSAI/checkpoint_deliverable/data/casia_interval_strips_gt/S1096R02.png,True,True,,
/Users/hrishi/Desktop/dev/Milestone1 BSAI/checkpoint_deliverable/data/CASIA-Iris-Interval/096/R/S1096R01.jpg,1096_R,1096,R,train,S1096R01,True,/Users/hrishi/Desktop/dev/Milestone1 BSAI/checkpoint_deliverable/data/casia_interval_strips/S1096R01.png,/Users/hrishi/Desktop/dev/Milestone1 BSAI/checkpoint_deliverable/data/casia_interval_strips_gt/S1096R01.png,True,True,,
/Users/hrishi/Desktop/dev/Milestone1 BSAI/checkpoint_deliverable/data/CASIA-Iris-Interval/096/L/S1096L02.jpg,1096_L,1096,L,train,S1096L02,True,/Users/hrishi/Desktop/dev/Milestone1 BSAI/checkpoint_deliverable/data/casia_interval_strips/S1096L02.png,/Users/hrishi/Desktop/dev/Milestone1 BSAI/checkpoint_deliverable/data/casia_interval_strips_gt/S1096L02.png,True,True,,
/Users/hrishi/Desktop/dev/Milestone1 BSAI/checkpoint_deliverable/data/CASIA-Iris-Interval/096/L/S1096L03.jpg,1096_L,1096,L,train,S1096L03,True,/Users/hrishi/Desktop/dev/Milestone1 BSAI/checkpoint_deliverable/data/casia_interval_strips/S1096L03.png,/Users/hrishi/Desktop/dev/Milestone1 BSAI/checkpoint_deliverable/data/casia_interval_strips_gt/S1096L03.png,True,True,,
/Users/hrishi/Desktop/dev/Milestone1 BSAI/checkpoint_deliverable/data/CASIA-Iris-Interval/096/L/S1096L01.jpg,1096_L,1096,L,train,S1096L01,True,/Users/hrishi/Desktop/dev/Milestone1 BSAI/checkpoint_deliverable/data/casia_interval_strips/S1096L01.png,/Users/hrishi/Desktop/dev/Milestone1 BSAI/checkpoint_deliverable/data/casia_interval_strips_gt/S1096L01.png,True,True,,
/Users/hrishi/Desktop/dev/Milestone1 BSAI/checkpoint_deliverable/data/CASIA-Iris-Interval/096/L/S1096L04.jpg,1096_L,1096,L,train,S1096L04,True,/Users/hrishi/Desktop/dev/Milestone1 BSAI/checkpoint_deliverable/data/casia_interval_strips/S1096L04.png,/Users/hrishi/Desktop/dev/Milestone1 BSAI/checkpoint_deliverable/data/casia_interval_strips_gt/S1096L04.png,True,True,,
/Users/hrishi/Desktop/dev/Milestone1 BSAI/checkpoint_deliverable/data/CASIA-Iris-Interval/096/L/S1096L05.jpg,1096_L,1096,L,train,S1096L05,True,/Users/hrishi/Desktop/dev/Milestone1 BSAI/checkpoint_deliverable/data/casia_interval_strips/S1096L05.png,/Users/hrishi/Desktop/dev/Milestone1 BSAI/checkpoint_deliverable/data/casia_interval_strips_gt/S1096L05.png,True,True,,
/Users/hrishi/Desktop/dev/Milestone1 BSAI/checkpoint_deliverable/data/CASIA-Iris-Interval/096/L/S1096L07.jpg,1096_L,1096,L,train,S1096L07,True,/Users/hrishi/Desktop/dev/Milestone1 BSAI/checkpoint_deliverable/data/casia_interval_strips/S1096L07.png,/Users/hrishi/Desktop/dev/Milestone1 BSAI/checkpoint_deliverable/data/casia_interval_strips_gt/S1096L07.png,True,True,,
/Users/hrishi/Desktop/dev/Milestone1 BSAI/checkpoint_deliverable/data/CASIA-Iris-Interval/096/L/S1096L06.jpg,1096_L,1096,L,train,S1096L06,True,/Users/hrishi/Desktop/dev/Milestone1 BSAI/checkpoint_deliverable/data/casia_interval_strips/S1096L06.png,/Users/hrishi/Desktop/dev/Milestone1 BSAI/checkpoint_deliverable/data/casia_interval_strips_gt/S1096L06.png,True,True,,
/Users/hrishi/Desktop/dev/Milestone1 BSAI/checkpoint_deliverable/data/CASIA-Iris-Interval/062/R/S1062R05.jpg,1062_R,1062,R,train,S1062R05,True,/Users/hrishi/Desktop/dev/Milestone1 BSAI/checkpoint_deliverable/data/casia_interval_strips/S1062R05.png,/Users/hrishi/Desktop/dev/Milestone1 BSAI/checkpoint_deliverable/data/casia_interval_strips_gt/S1062R05.png,True,True,,
/Users/hrishi/Desktop/dev/Milestone1 BSAI/checkpoint_deliverable/data/CASIA-Iris-Interval/062/R/S1062R04.jpg,1062_R,1062,R,train,S1062R04,True,/Users/hrishi/Desktop/dev/Milestone1 BSAI/checkpoint_deliverable/data/casia_interval_strips/S1062R04.png,/Users/hrishi/Desktop/dev/Milestone1 BSAI/checkpoint_deliverable/data/casia_interval_strips_gt/S1062R04.png,True,True,,
/Users/hrishi/Desktop/dev/Milestone1 BSAI/checkpoint_deliverable/data/CASIA-Iris-Interval/062/R/S1062R01.jpg,1062_R,1062,R,train,S1062R01,True,/Users/hrishi/Desktop/dev/Milestone1 BSAI/checkpoint_deliverable/data/casia_interval_strips/S1062R01.png,/Users/hrishi/Desktop/dev/Milestone1 BSAI/checkpoint_deliverable/data/casia_interval_strips_gt/S1062R01.png,True,True,,
/Users/hrishi/Desktop/dev/Milestone1 BSAI/checkpoint_deliverable/data/CASIA-Iris-Interval/062/R/S1062R03.jpg,1062_R,1062,R,train,S1062R03,True,/Users/hrishi/Desktop/dev/Milestone1 BSAI/checkpoint_deliverable/data/casia_interval_strips/S1062R03.png,/Users/hrishi/Desktop/dev/Milestone1 BSAI/checkpoint_deliverable/data/casia_interval_strips_gt/S1062R03.png,True,True,,
/Users/hrishi/Desktop/dev/Milestone1 BSAI/checkpoint_deliverable/data/CASIA-Iris-Interval/062/R/S1062R02.jpg,1062_R,1062,R,train,S1062R02,True,/Users/hrishi/Desktop/dev/Milestone1 BSAI/checkpoint_deliverable/data/casia_interval_strips/S1062R02.png,/Users/hrishi/Desktop/dev/Milestone1 BSAI/checkpoint_deliverable/data/casia_interval_strips_gt/S1062R02.png,True,True,,
/Users/hrishi/Desktop/dev/Milestone1 BSAI/checkpoint_deliverable/data/CASIA-Iris-Interval/054/L/S1054L01.jpg,1054_L,1054,L,train,S1054L01,True,/Users/hrishi/Desktop/dev/Milestone1 BSAI/checkpoint_deliverable/data/casia_interval_strips/S1054L01.png,/Users/hrishi/Desktop/dev/Milestone1 BSAI/checkpoint_deliverable/data/casia_interval_strips_gt/S1054L01.png,True,True,,
/Users/hrishi/Desktop/dev/Milestone1 BSAI/checkpoint_deliverable/data/CASIA-Iris-Interval/054/L/S1054L03.jpg,1054_L,1054,L,train,S1054L03,True,/Users/hrishi/Desktop/dev/Milestone1 BSAI/checkpoint_deliverable/data/casia_interval_strips/S1054L03.png,/Users/hrishi/Desktop/dev/Milestone1 BSAI/checkpoint_deliverable/data/casia_interval_strips_gt/S1054L03.png,True,True,,
/Users/hrishi/Desktop/dev/Milestone1 BSAI/checkpoint_deliverable/data/CASIA-Iris-Interval/054/L/S1054L02.jpg,1054_L,1054,L,train,S1054L02,True,/Users/hrishi/Desktop/dev/Milestone1 BSAI/checkpoint_deliverable/data/casia_interval_strips/S1054L02.png,/Users/hrishi/Desktop/dev/Milestone1 BSAI/checkpoint_deliverable/data/casia_interval_strips_gt/S1054L02.png,True,True,,
/Users/hrishi/Desktop/dev/Milestone1 BSAI/checkpoint_deliverable/data/CASIA-Iris-Interval/054/L/S1054L04.jpg,1054_L,1054,L,train,S1054L04,True,/Users/hrishi/Desktop/dev/Milestone1 BSAI/checkpoint_deliverable/data/casia_interval_strips/S1054L04.png,/Users/hrishi/Desktop/dev/Milestone1 BSAI/checkpoint_deliverable/data/casia_interval_strips_gt/S1054L04.png,True,True,,
/Users/hrishi/Desktop/dev/Milestone1 BSAI/checkpoint_deliverable/data/CASIA-Iris-Interval/053/R/S1053R08.jpg,1053_R,1053,R,train,S1053R08,True,/Users/hrishi/Desktop/dev/Milestone1 BSAI/checkpoint_deliverable/data/casia_interval_strips/S1053R08.png,/Users/hrishi/Desktop/dev/Milestone1 BSAI/checkpoint_deliverable/data/casia_interval_strips_gt/S1053R08.png,True,True,,
/Users/hrishi/Desktop/dev/Milestone1 BSAI/checkpoint_deliverable/data/CASIA-Iris-Interval/053/R/S1053R09.jpg,1053_R,1053,R,train,S1053R09,True,/Users/hrishi/Desktop/dev/Milestone1 BSAI/checkpoint_deliverable/data/casia_interval_strips/S1053R09.png,/Users/hrishi/Desktop/dev/Milestone1 BSAI/checkpoint_deliverable/data/casia_interval_strips_gt/S1053R09.png,True,True,,
/Users/hrishi/Desktop/dev/Milestone1 BSAI/checkpoint_deliverable/data/CASIA-Iris-Interval/053/R/S1053R07.jpg,1053_R,1053,R,train,S1053R07,True,/Users/hrishi/Desktop/dev/Milestone1 BSAI/checkpoint_deliverable/data/casia_interval_strips/S1053R07.png,/Users/hrishi/Desktop/dev/Milestone1 BSAI/checkpoint_deliverable/data/casia_interval_strips_gt/S1053R07.png,True,True,,
/Users/hrishi/Desktop/dev/Milestone1 BSAI/checkpoint_deliverable/data/CASIA-Iris-Interval/053/R/S1053R06.jpg,1053_R,1053,R,train,S1053R06,True,/Users/hrishi/Desktop/dev/Milestone1 BSAI/checkpoint_deliverable/data/casia_interval_strips/S1053R06.png,/Users/hrishi/Desktop/dev/Milestone1 BSAI/checkpoint_deliverable/data/casia_interval_strips_gt/S1053R06.png,True,True,,
/Users/hrishi/Desktop/dev/Milestone1 BSAI/checkpoint_deliverable/data/CASIA-Iris-Interval/053/R/S1053R10.jpg,1053_R,1053,R,train,S1053R10,True,/Users/hrishi/Desktop/dev/Milestone1 BSAI/checkpoint_deliverable/data/casia_interval_strips/S1053R10.png,/Users/hrishi/Desktop/dev/Milestone1 BSAI/checkpoint_deliverable/data/casia_interval_strips_gt/S1053R10.png,True,True,,
/Users/hrishi/Desktop/dev/Milestone1 BSAI/checkpoint_deliverable/data/CASIA-Iris-Interval/053/R/S1053R04.jpg,1053_R,1053,R,train,S1053R04,True,/Users/hrishi/Desktop/dev/Milestone1 BSAI/checkpoint_deliverable/data/casia_interval_strips/S1053R04.png,/Users/hrishi/Desktop/dev/Milestone1 BSAI/checkpoint_deliverable/data/casia_interval_strips_gt/S1053R04.png,True,True,,
/Users/hrishi/Desktop/dev/Milestone1 BSAI/checkpoint_deliverable/data/CASIA-Iris-Interval/053/R/S1053R05.jpg,1053_R,1053,R,train,S1053R05,True,/Users/hrishi/Desktop/dev/Milestone1 BSAI/checkpoint_deliverable/data/casia_interval_strips/S1053R05.png,/Users/hrishi/Desktop/dev/Milestone1 BSAI/checkpoint_deliverable/data/casia_interval_strips_gt/S1053R05.png,True,True,,
/Users/hrishi/Desktop/dev/Milestone1 BSAI/checkpoint_deliverable/data/CASIA-Iris-Interval/053/R/S1053R01.jpg,1053_R,1053,R,train,S1053R01,True,/Users/hrishi/Desktop/dev/Milestone1 BSAI/checkpoint_deliverable/data/casia_interval_strips/S1053R01.png,/Users/hrishi/Desktop/dev/Milestone1 BSAI/checkpoint_deliverable/data/casia_interval_strips_gt/S1053R01.png,True,True,,
/Users/hrishi/Desktop/dev/Milestone1 BSAI/checkpoint_deliverable/data/CASIA-Iris-Interval/053/R/S1053R02.jpg,1053_R,1053,R,train,S1053R02,True,/Users/hrishi/Desktop/dev/Milestone1 BSAI/checkpoint_deliverable/data/casia_interval_strips/S1053R02.png,/Users/hrishi/Desktop/dev/Milestone1 BSAI/checkpoint_deliverable/data/casia_interval_strips_gt/S1053R02.png,True,True,,
/Users/hrishi/Desktop/dev/Milestone1 BSAI/checkpoint_deliverable/data/CASIA-Iris-Interval/053/R/S1053R03.jpg,1053_R,1053,R,train,S1053R03,True,/Users/hrishi/Desktop/dev/Milestone1 BSAI/checkpoint_deliverable/data/casia_interval_strips/S1053R03.png,/Users/hrishi/Desktop/dev/Milestone1 BSAI/checkpoint_deliverable/data/casia_interval_strips_gt/S1053R03.png,True,True,,
/Users/hrishi/Desktop/dev/Milestone1 BSAI/checkpoint_deliverable/data/CASIA-Iris-Interval/053/L/S1053L09.jpg,1053_L,1053,L,val,S1053L09,True,/Users/hrishi/Desktop/dev/Milestone1 BSAI/checkpoint_deliverable/data/casia_interval_strips/S1053L09.png,/Users/hrishi/Desktop/dev/Milestone1 BSAI/checkpoint_deliverable/data/casia_interval_strips_gt/S1053L09.png,True,True,,
/Users/hrishi/Desktop/dev/Milestone1 BSAI/checkpoint_deliverable/data/CASIA-Iris-Interval/053/L/S1053L08.jpg,1053_L,1053,L,val,S1053L08,True,/Users/hrishi/Desktop/dev/Milestone1 BSAI/checkpoint_deliverable/data/casia_interval_strips/S1053L08.png,/Users/hrishi/Desktop/dev/Milestone1 BSAI/checkpoint_deliverable/data/casia_interval_strips_gt/S1053L08.png,True,True,,
/Users/hrishi/Desktop/dev/Milestone1 BSAI/checkpoint_deliverable/data/CASIA-Iris-Interval/053/L/S1053L01.jpg,1053_L,1053,L,val,S1053L01,True,/Users/hrishi/Desktop/dev/Milestone1 BSAI/checkpoint_deliverable/data/casia_interval_strips/S1053L01.png,/Users/hrishi/Desktop/dev/Milestone1 BSAI/checkpoint_deliverable/data/casia_interval_strips_gt/S1053L01.png,True,True,,
/Users/hrishi/Desktop/dev/Milestone1 BSAI/checkpoint_deliverable/data/CASIA-Iris-Interval/053/L/S1053L03.jpg,1053_L,1053,L,val,S1053L03,True,/Users/hrishi/Desktop/dev/Milestone1 BSAI/checkpoint_deliverable/data/casia_interval_strips/S1053L03.png,/Users/hrishi/Desktop/dev/Milestone1 BSAI/checkpoint_deliverable/data/casia_interval_strips_gt/S1053L03.png,True,True,,
/Users/hrishi/Desktop/dev/Milestone1 BSAI/checkpoint_deliverable/data/CASIA-Iris-Interval/053/L/S1053L02.jpg,1053_L,1053,L,val,S1053L02,True,/Users/hrishi/Desktop/dev/Milestone1 BSAI/checkpoint_deliverable/data/casia_interval_strips/S1053L02.png,/Users/hrishi/Desktop/dev/Milestone1 BSAI/checkpoint_deliverable/data/casia_interval_strips_gt/S1053L02.png,True,True,,
/Users/hrishi/Desktop/dev/Milestone1 BSAI/checkpoint_deliverable/data/CASIA-Iris-Interval/053/L/S1053L06.jpg,1053_L,1053,L,val,S1053L06,True,/Users/hrishi/Desktop/dev/Milestone1 BSAI/checkpoint_deliverable/data/casia_interval_strips/S1053L06.png,/Users/hrishi/Desktop/dev/Milestone1 BSAI/checkpoint_deliverable/data/casia_interval_strips_gt/S1053L06.png,True,True,,
/Users/hrishi/Desktop/dev/Milestone1 BSAI/checkpoint_deliverable/data/CASIA-Iris-Interval/053/L/S1053L12.jpg,1053_L,1053,L,val,S1053L12,True,/Users/hrishi/Desktop/dev/Milestone1 BSAI/checkpoint_deliverable/data/casia_interval_strips/S1053L12.png,/Users/hrishi/Desktop/dev/Milestone1 BSAI/checkpoint_deliverable/data/casia_interval_strips_gt/S1053L12.png,True,True,,
/Users/hrishi/Desktop/dev/Milestone1 BSAI/checkpoint_deliverable/data/CASIA-Iris-Interval/053/L/S1053L13.jpg,1053_L,1053,L,val,S1053L13,True,/Users/hrishi/Desktop/dev/Milestone1 BSAI/checkpoint_deliverable/data/casia_interval_strips/S1053L13.png,/Users/hrishi/Desktop/dev/Milestone1 BSAI/checkpoint_deliverable/data/casia_interval_strips_gt/S1053L13.png,True,True,,
/Users/hrishi/Desktop/dev/Milestone1 BSAI/checkpoint_deliverable/data/CASIA-Iris-Interval/053/L/S1053L07.jpg,1053_L,1053,L,val,S1053L07,True,/Users/hrishi/Desktop/dev/Milestone1 BSAI/checkpoint_deliverable/data/casia_interval_strips/S1053L07.png,/Users/hrishi/Desktop/dev/Milestone1 BSAI/checkpoint_deliverable/data/casia_interval_strips_gt/S1053L07.png,True,True,,
/Users/hrishi/Desktop/dev/Milestone1 BSAI/checkpoint_deliverable/data/CASIA-Iris-Interval/053/L/S1053L11.jpg,1053_L,1053,L,val,S1053L11,True,/Users/hrishi/Desktop/dev/Milestone1 BSAI/checkpoint_deliverable/data/casia_interval_strips/S1053L11.png,/Users/hrishi/Desktop/dev/Milestone1 BSAI/checkpoint_deliverable/data/casia_interval_strips_gt/S1053L11.png,True,True,,
/Users/hrishi/Desktop/dev/Milestone1 BSAI/checkpoint_deliverable/data/CASIA-Iris-Interval/053/L/S1053L05.jpg,1053_L,1053,L,val,S1053L05,True,/Users/hrishi/Desktop/dev/Milestone1 BSAI/checkpoint_deliverable/data/casia_interval_strips/S1053L05.png,/Users/hrishi/Desktop/dev/Milestone1 BSAI/checkpoint_deliverable/data/casia_interval_strips_gt/S1053L05.png,True,True,,
/Users/hrishi/Desktop/dev/Milestone1 BSAI/checkpoint_deliverable/data/CASIA-Iris-Interval/053/L/S1053L04.jpg,1053_L,1053,L,val,S1053L04,True,/Users/hrishi/Desktop/dev/Milestone1 BSAI/checkpoint_deliverable/data/casia_interval_strips/S1053L04.png,/Users/hrishi/Desktop/dev/Milestone1 BSAI/checkpoint_deliverable/data/casia_interval_strips_gt/S1053L04.png,True,True,,
/Users/hrishi/Desktop/dev/Milestone1 BSAI/checkpoint_deliverable/data/CASIA-Iris-Interval/053/L/S1053L10.jpg,1053_L,1053,L,val,S1053L10,True,/Users/hrishi/Desktop/dev/Milestone1 BSAI/checkpoint_deliverable/data/casia_interval_strips/S1053L10.png,/Users/hrishi/Desktop/dev/Milestone1 BSAI/checkpoint_deliverable/data/casia_interval_strips_gt/S1053L10.png,True,True,,
/Users/hrishi/Desktop/dev/Milestone1 BSAI/checkpoint_deliverable/data/CASIA-Iris-Interval/098/R/S1098R01.jpg,1098_R,1098,R,train,S1098R01,True,/Users/hrishi/Desktop/dev/Milestone1 BSAI/checkpoint_deliverable/data/casia_interval_strips/S1098R01.png,/Users/hrishi/Desktop/dev/Milestone1 BSAI/checkpoint_deliverable/data/casia_interval_strips_gt/S1098R01.png,True,True,,
/Users/hrishi/Desktop/dev/Milestone1 BSAI/checkpoint_deliverable/data/CASIA-Iris-Interval/098/R/S1098R03.jpg,1098_R,1098,R,train,S1098R03,True,/Users/hrishi/Desktop/dev/Milestone1 BSAI/checkpoint_deliverable/data/casia_interval_strips/S1098R03.png,/Users/hrishi/Desktop/dev/Milestone1 BSAI/checkpoint_deliverable/data/casia_interval_strips_gt/S1098R03.png,True,True,,
/Users/hrishi/Desktop/dev/Milestone1 BSAI/checkpoint_deliverable/data/CASIA-Iris-Interval/098/R/S1098R02.jpg,1098_R,1098,R,train,S1098R02,True,/Users/hrishi/Desktop/dev/Milestone1 BSAI/checkpoint_deliverable/data/casia_interval_strips/S1098R02.png,/Users/hrishi/Desktop/dev/Milestone1 BSAI/checkpoint_deliverable/data/casia_interval_strips_gt/S1098R02.png,True,True,,
/Users/hrishi/Desktop/dev/Milestone1 BSAI/checkpoint_deliverable/data/CASIA-Iris-Interval/098/R/S1098R06.jpg,1098_R,1098,R,train,S1098R06,True,/Users/hrishi/Desktop/dev/Milestone1 BSAI/checkpoint_deliverable/data/casia_interval_strips/S1098R06.png,/Users/hrishi/Desktop/dev/Milestone1 BSAI/checkpoint_deliverable/data/casia_interval_strips_gt/S1098R06.png,True,True,,
/Users/hrishi/Desktop/dev/Milestone1 BSAI/checkpoint_deliverable/data/CASIA-Iris-Interval/098/R/S1098R05.jpg,1098_R,1098,R,train,S1098R05,True,/Users/hrishi/Desktop/dev/Milestone1 BSAI/checkpoint_deliverable/data/casia_interval_strips/S1098R05.png,/Users/hrishi/Desktop/dev/Milestone1 BSAI/checkpoint_deliverable/data/casia_interval_strips_gt/S1098R05.png,True,True,,
/Users/hrishi/Desktop/dev/Milestone1 BSAI/checkpoint_deliverable/data/CASIA-Iris-Interval/098/R/S1098R04.jpg,1098_R,1098,R,train,S1098R04,True,/Users/hrishi/Desktop/dev/Milestone1 BSAI/checkpoint_deliverable/data/casia_interval_strips/S1098R04.png,/Users/hrishi/Desktop/dev/Milestone1 BSAI/checkpoint_deliverable/data/casia_interval_strips_gt/S1098R04.png,True,True,,
/Users/hrishi/Desktop/dev/Milestone1 BSAI/checkpoint_deliverable/data/CASIA-Iris-Interval/098/L/S1098L07.jpg,1098_L,1098,L,train,S1098L07,True,/Users/hrishi/Desktop/dev/Milestone1 BSAI/checkpoint_deliverable/data/casia_interval_strips/S1098L07.png,/Users/hrishi/Desktop/dev/Milestone1 BSAI/checkpoint_deliverable/data/casia_interval_strips_gt/S1098L07.png,True,True,,
/Users/hrishi/Desktop/dev/Milestone1 BSAI/checkpoint_deliverable/data/CASIA-Iris-Interval/098/L/S1098L06.jpg,1098_L,1098,L,train,S1098L06,True,/Users/hrishi/Desktop/dev/Milestone1 BSAI/checkpoint_deliverable/data/casia_interval_strips/S1098L06.png,/Users/hrishi/Desktop/dev/Milestone1 BSAI/checkpoint_deliverable/data/casia_interval_strips_gt/S1098L06.png,True,True,,
/Users/hrishi/Desktop/dev/Milestone1 BSAI/checkpoint_deliverable/data/CASIA-Iris-Interval/098/L/S1098L04.jpg,1098_L,1098,L,train,S1098L04,True,/Users/hrishi/Desktop/dev/Milestone1 BSAI/checkpoint_deliverable/data/casia_interval_strips/S1098L04.png,/Users/hrishi/Desktop/dev/Milestone1 BSAI/checkpoint_deliverable/data/casia_interval_strips_gt/S1098L04.png,True,True,,
/Users/hrishi/Desktop/dev/Milestone1 BSAI/checkpoint_deliverable/data/CASIA-Iris-Interval/098/L/S1098L05.jpg,1098_L,1098,L,train,S1098L05,True,/Users/hrishi/Desktop/dev/Milestone1 BSAI/checkpoint_deliverable/data/casia_interval_strips/S1098L05.png,/Users/hrishi/Desktop/dev/Milestone1 BSAI/checkpoint_deliverable/data/casia_interval_strips_gt/S1098L05.png,True,True,,
/Users/hrishi/Desktop/dev/Milestone1 BSAI/checkpoint_deliverable/data/CASIA-Iris-Interval/098/L/S1098L01.jpg,1098_L,1098,L,train,S1098L01,True,/Users/hrishi/Desktop/dev/Milestone1 BSAI/checkpoint_deliverable/data/casia_interval_strips/S1098L01.png,/Users/hrishi/Desktop/dev/Milestone1 BSAI/checkpoint_deliverable/data/casia_interval_strips_gt/S1098L01.png,True,True,,
/Users/hrishi/Desktop/dev/Milestone1 BSAI/checkpoint_deliverable/data/CASIA-Iris-Interval/098/L/S1098L02.jpg,1098_L,1098,L,train,S1098L02,True,/Users/hrishi/Desktop/dev/Milestone1 BSAI/checkpoint_deliverable/data/casia_interval_strips/S1098L02.png,/Users/hrishi/Desktop/dev/Milestone1 BSAI/checkpoint_deliverable/data/casia_interval_strips_gt/S1098L02.png,True,True,,
/Users/hrishi/Desktop/dev/Milestone1 BSAI/checkpoint_deliverable/data/CASIA-Iris-Interval/098/L/S1098L03.jpg,1098_L,1098,L,train,S1098L03,True,/Users/hrishi/Desktop/dev/Milestone1 BSAI/checkpoint_deliverable/data/casia_interval_strips/S1098L03.png,/Users/hrishi/Desktop/dev/Milestone1 BSAI/checkpoint_deliverable/data/casia_interval_strips_gt/S1098L03.png,True,True,,
/Users/hrishi/Desktop/dev/Milestone1 BSAI/checkpoint_deliverable/data/CASIA-Iris-Interval/038/L/S1038L04.jpg,1038_L,1038,L,train,S1038L04,True,/Users/hrishi/Desktop/dev/Milestone1 BSAI/checkpoint_deliverable/data/casia_interval_strips/S1038L04.png,/Users/hrishi/Desktop/dev/Milestone1 BSAI/checkpoint_deliverable/data/casia_interval_strips_gt/S1038L04.png,True,True,,
/Users/hrishi/Desktop/dev/Milestone1 BSAI/checkpoint_deliverable/data/CASIA-Iris-Interval/038/L/S1038L01.jpg,1038_L,1038,L,train,S1038L01,True,/Users/hrishi/Desktop/dev/Milestone1 BSAI/checkpoint_deliverable/data/casia_interval_strips/S1038L01.png,/Users/hrishi/Desktop/dev/Milestone1 BSAI/checkpoint_deliverable/data/casia_interval_strips_gt/S1038L01.png,True,True,,
/Users/hrishi/Desktop/dev/Milestone1 BSAI/checkpoint_deliverable/data/CASIA-Iris-Interval/038/L/S1038L02.jpg,1038_L,1038,L,train,S1038L02,True,/Users/hrishi/Desktop/dev/Milestone1 BSAI/checkpoint_deliverable/data/casia_interval_strips/S1038L02.png,/Users/hrishi/Desktop/dev/Milestone1 BSAI/checkpoint_deliverable/data/casia_interval_strips_gt/S1038L02.png,True,True,,
/Users/hrishi/Desktop/dev/Milestone1 BSAI/checkpoint_deliverable/data/CASIA-Iris-Interval/038/L/S1038L03.jpg,1038_L,1038,L,train,S1038L03,True,/Users/hrishi/Desktop/dev/Milestone1 BSAI/checkpoint_deliverable/data/casia_interval_strips/S1038L03.png,/Users/hrishi/Desktop/dev/Milestone1 BSAI/checkpoint_deliverable/data/casia_interval_strips_gt/S1038L03.png,True,True,,
/Users/hrishi/Desktop/dev/Milestone1 BSAI/checkpoint_deliverable/data/CASIA-Iris-Interval/007/R/S1007R04.jpg,1007_R,1007,R,val,S1007R04,True,/Users/hrishi/Desktop/dev/Milestone1 BSAI/checkpoint_deliverable/data/casia_interval_strips/S1007R04.png,/Users/hrishi/Desktop/dev/Milestone1 BSAI/checkpoint_deliverable/data/casia_interval_strips_gt/S1007R04.png,True,True,,
/Users/hrishi/Desktop/dev/Milestone1 BSAI/checkpoint_deliverable/data/CASIA-Iris-Interval/007/R/S1007R10.jpg,1007_R,1007,R,val,S1007R10,True,/Users/hrishi/Desktop/dev/Milestone1 BSAI/checkpoint_deliverable/data/casia_interval_strips/S1007R10.png,/Users/hrishi/Desktop/dev/Milestone1 BSAI/checkpoint_deliverable/data/casia_interval_strips_gt/S1007R10.png,True,True,,
/Users/hrishi/Desktop/dev/Milestone1 BSAI/checkpoint_deliverable/data/CASIA-Iris-Interval/007/R/S1007R05.jpg,1007_R,1007,R,val,S1007R05,True,/Users/hrishi/Desktop/dev/Milestone1 BSAI/checkpoint_deliverable/data/casia_interval_strips/S1007R05.png,/Users/hrishi/Desktop/dev/Milestone1 BSAI/checkpoint_deliverable/data/casia_interval_strips_gt/S1007R05.png,True,True,,
/Users/hrishi/Desktop/dev/Milestone1 BSAI/checkpoint_deliverable/data/CASIA-Iris-Interval/007/R/S1007R07.jpg,1007_R,1007,R,val,S1007R07,True,/Users/hrishi/Desktop/dev/Milestone1 BSAI/checkpoint_deliverable/data/casia_interval_strips/S1007R07.png,/Users/hrishi/Desktop/dev/Milestone1 BSAI/checkpoint_deliverable/data/casia_interval_strips_gt/S1007R07.png,True,True,,
/Users/hrishi/Desktop/dev/Milestone1 BSAI/checkpoint_deliverable/data/CASIA-Iris-Interval/007/R/S1007R06.jpg,1007_R,1007,R,val,S1007R06,True,/Users/hrishi/Desktop/dev/Milestone1 BSAI/checkpoint_deliverable/data/casia_interval_strips/S1007R06.png,/Users/hrishi/Desktop/dev/Milestone1 BSAI/checkpoint_deliverable/data/casia_interval_strips_gt/S1007R06.png,True,True,,
/Users/hrishi/Desktop/dev/Milestone1 BSAI/checkpoint_deliverable/data/CASIA-Iris-Interval/007/R/S1007R02.jpg,1007_R,1007,R,val,S1007R02,True,/Users/hrishi/Desktop/dev/Milestone1 BSAI/checkpoint_deliverable/data/casia_interval_strips/S1007R02.png,/Users/hrishi/Desktop/dev/Milestone1 BSAI/checkpoint_deliverable/data/casia_interval_strips_gt/S1007R02.png,True,True,,
/Users/hrishi/Desktop/dev/Milestone1 BSAI/checkpoint_deliverable/data/CASIA-Iris-Interval/007/R/S1007R03.jpg,1007_R,1007,R,val,S1007R03,True,/Users/hrishi/Desktop/dev/Milestone1 BSAI/checkpoint_deliverable/data/casia_interval_strips/S1007R03.png,/Users/hrishi/Desktop/dev/Milestone1 BSAI/checkpoint_deliverable/data/casia_interval_strips_gt/S1007R03.png,True,True,,
/Users/hrishi/Desktop/dev/Milestone1 BSAI/checkpoint_deliverable/data/CASIA-Iris-Interval/007/R/S1007R01.jpg,1007_R,1007,R,val,S1007R01,True,/Users/hrishi/Desktop/dev/Milestone1 BSAI/checkpoint_deliverable/data/casia_interval_strips/S1007R01.png,/Users/hrishi/Desktop/dev/Milestone1 BSAI/checkpoint_deliverable/data/casia_interval_strips_gt/S1007R01.png,True,True,,
/Users/hrishi/Desktop/dev/Milestone1 BSAI/checkpoint_deliverable/data/CASIA-Iris-Interval/007/R/S1007R08.jpg,1007_R,1007,R,val,S1007R08,True,/Users/hrishi/Desktop/dev/Milestone1 BSAI/checkpoint_deliverable/data/casia_interval_strips/S1007R08.png,/Users/hrishi/Desktop/dev/Milestone1 BSAI/checkpoint_deliverable/data/casia_interval_strips_gt/S1007R08.png,True,True,,
/Users/hrishi/Desktop/dev/Milestone1 BSAI/checkpoint_deliverable/data/CASIA-Iris-Interval/007/R/S1007R09.jpg,1007_R,1007,R,val,S1007R09,True,/Users/hrishi/Desktop/dev/Milestone1 BSAI/checkpoint_deliverable/data/casia_interval_strips/S1007R09.png,/Users/hrishi/Desktop/dev/Milestone1 BSAI/checkpoint_deliverable/data/casia_interval_strips_gt/S1007R09.png,True,True,,
/Users/hrishi/Desktop/dev/Milestone1 BSAI/checkpoint_deliverable/data/CASIA-Iris-Interval/007/L/S1007L03.jpg,1007_L,1007,L,train,S1007L03,True,/Users/hrishi/Desktop/dev/Milestone1 BSAI/checkpoint_deliverable/data/casia_interval_strips/S1007L03.png,/Users/hrishi/Desktop/dev/Milestone1 BSAI/checkpoint_deliverable/data/casia_interval_strips_gt/S1007L03.png,True,True,,
/Users/hrishi/Desktop/dev/Milestone1 BSAI/checkpoint_deliverable/data/CASIA-Iris-Interval/007/L/S1007L02.jpg,1007_L,1007,L,train,S1007L02,True,/Users/hrishi/Desktop/dev/Milestone1 BSAI/checkpoint_deliverable/data/casia_interval_strips/S1007L02.png,/Users/hrishi/Desktop/dev/Milestone1 BSAI/checkpoint_deliverable/data/casia_interval_strips_gt/S1007L02.png,True,True,,
/Users/hrishi/Desktop/dev/Milestone1 BSAI/checkpoint_deliverable/data/CASIA-Iris-Interval/007/L/S1007L01.jpg,1007_L,1007,L,train,S1007L01,True,/Users/hrishi/Desktop/dev/Milestone1 BSAI/checkpoint_deliverable/data/casia_interval_strips/S1007L01.png,/Users/hrishi/Desktop/dev/Milestone1 BSAI/checkpoint_deliverable/data/casia_interval_strips_gt/S1007L01.png,True,True,,
/Users/hrishi/Desktop/dev/Milestone1 BSAI/checkpoint_deliverable/data/CASIA-Iris-Interval/007/L/S1007L05.jpg,1007_L,1007,L,train,S1007L05,True,/Users/hrishi/Desktop/dev/Milestone1 BSAI/checkpoint_deliverable/data/casia_interval_strips/S1007L05.png,/Users/hrishi/Desktop/dev/Milestone1 BSAI/checkpoint_deliverable/data/casia_interval_strips_gt/S1007L05.png,True,True,,
/Users/hrishi/Desktop/dev/Milestone1 BSAI/checkpoint_deliverable/data/CASIA-Iris-Interval/007/L/S1007L10.jpg,1007_L,1007,L,train,S1007L10,True,/Users/hrishi/Desktop/dev/Milestone1 BSAI/checkpoint_deliverable/data/casia_interval_strips/S1007L10.png,/Users/hrishi/Desktop/dev/Milestone1 BSAI/checkpoint_deliverable/data/casia_interval_strips_gt/S1007L10.png,True,True,,
/Users/hrishi/Desktop/dev/Milestone1 BSAI/checkpoint_deliverable/data/CASIA-Iris-Interval/007/L/S1007L04.jpg,1007_L,1007,L,train,S1007L04,True,/Users/hrishi/Desktop/dev/Milestone1 BSAI/checkpoint_deliverable/data/casia_interval_strips/S1007L04.png,/Users/hrishi/Desktop/dev/Milestone1 BSAI/checkpoint_deliverable/data/casia_interval_strips_gt/S1007L04.png,True,True,,
/Users/hrishi/Desktop/dev/Milestone1 BSAI/checkpoint_deliverable/data/CASIA-Iris-Interval/007/L/S1007L06.jpg,1007_L,1007,L,train,S1007L06,True,/Users/hrishi/Desktop/dev/Milestone1 BSAI/checkpoint_deliverable/data/casia_interval_strips/S1007L06.png,/Users/hrishi/Desktop/dev/Milestone1 BSAI/checkpoint_deliverable/data/casia_interval_strips_gt/S1007L06.png,True,True,,
/Users/hrishi/Desktop/dev/Milestone1 BSAI/checkpoint_deliverable/data/CASIA-Iris-Interval/007/L/S1007L07.jpg,1007_L,1007,L,train,S1007L07,True,/Users/hrishi/Desktop/dev/Milestone1 BSAI/checkpoint_deliverable/data/casia_interval_strips/S1007L07.png,/Users/hrishi/Desktop/dev/Milestone1 BSAI/checkpoint_deliverable/data/casia_interval_strips_gt/S1007L07.png,True,True,,
/Users/hrishi/Desktop/dev/Milestone1 BSAI/checkpoint_deliverable/data/CASIA-Iris-Interval/007/L/S1007L09.jpg,1007_L,1007,L,train,S1007L09,True,/Users/hrishi/Desktop/dev/Milestone1 BSAI/checkpoint_deliverable/data/casia_interval_strips/S1007L09.png,/Users/hrishi/Desktop/dev/Milestone1 BSAI/checkpoint_deliverable/data/casia_interval_strips_gt/S1007L09.png,True,True,,
/Users/hrishi/Desktop/dev/Milestone1 BSAI/checkpoint_deliverable/data/CASIA-Iris-Interval/007/L/S1007L08.jpg,1007_L,1007,L,train,S1007L08,True,/Users/hrishi/Desktop/dev/Milestone1 BSAI/checkpoint_deliverable/data/casia_interval_strips/S1007L08.png,/Users/hrishi/Desktop/dev/Milestone1 BSAI/checkpoint_deliverable/data/casia_interval_strips_gt/S1007L08.png,True,True,,
/Users/hrishi/Desktop/dev/Milestone1 BSAI/checkpoint_deliverable/data/CASIA-Iris-Interval/235/R/S1235R04.jpg,1235_R,1235,R,train,S1235R04,True,/Users/hrishi/Desktop/dev/Milestone1 BSAI/checkpoint_deliverable/data/casia_interval_strips/S1235R04.png,/Users/hrishi/Desktop/dev/Milestone1 BSAI/checkpoint_deliverable/data/casia_interval_strips_gt/S1235R04.png,True,True,,
/Users/hrishi/Desktop/dev/Milestone1 BSAI/checkpoint_deliverable/data/CASIA-Iris-Interval/235/R/S1235R01.jpg,1235_R,1235,R,train,S1235R01,True,/Users/hrishi/Desktop/dev/Milestone1 BSAI/checkpoint_deliverable/data/casia_interval_strips/S1235R01.png,/Users/hrishi/Desktop/dev/Milestone1 BSAI/checkpoint_deliverable/data/casia_interval_strips_gt/S1235R01.png,True,True,,
/Users/hrishi/Desktop/dev/Milestone1 BSAI/checkpoint_deliverable/data/CASIA-Iris-Interval/235/R/S1235R02.jpg,1235_R,1235,R,train,S1235R02,True,/Users/hrishi/Desktop/dev/Milestone1 BSAI/checkpoint_deliverable/data/casia_interval_strips/S1235R02.png,/Users/hrishi/Desktop/dev/Milestone1 BSAI/checkpoint_deliverable/data/casia_interval_strips_gt/S1235R02.png,True,True,,
/Users/hrishi/Desktop/dev/Milestone1 BSAI/checkpoint_deliverable/data/CASIA-Iris-Interval/235/R/S1235R03.jpg,1235_R,1235,R,train,S1235R03,True,/Users/hrishi/Desktop/dev/Milestone1 BSAI/checkpoint_deliverable/data/casia_interval_strips/S1235R03.png,/Users/hrishi/Desktop/dev/Milestone1 BSAI/checkpoint_deliverable/data/casia_interval_strips_gt/S1235R03.png,True,True,,
/Users/hrishi/Desktop/dev/Milestone1 BSAI/checkpoint_deliverable/data/CASIA-Iris-Interval/232/L/S1232L01.jpg,1232_L,1232,L,train,S1232L01,True,/Users/hrishi/Desktop/dev/Milestone1 BSAI/checkpoint_deliverable/data/casia_interval_strips/S1232L01.png,/Users/hrishi/Desktop/dev/Milestone1 BSAI/checkpoint_deliverable/data/casia_interval_strips_gt/S1232L01.png,True,True,,
/Users/hrishi/Desktop/dev/Milestone1 BSAI/checkpoint_deliverable/data/CASIA-Iris-Interval/232/L/S1232L03.jpg,1232_L,1232,L,train,S1232L03,True,/Users/hrishi/Desktop/dev/Milestone1 BSAI/checkpoint_deliverable/data/casia_interval_strips/S1232L03.png,/Users/hrishi/Desktop/dev/Milestone1 BSAI/checkpoint_deliverable/data/casia_interval_strips_gt/S1232L03.png,True,True,,
/Users/hrishi/Desktop/dev/Milestone1 BSAI/checkpoint_deliverable/data/CASIA-Iris-Interval/232/L/S1232L02.jpg,1232_L,1232,L,train,S1232L02,True,/Users/hrishi/Desktop/dev/Milestone1 BSAI/checkpoint_deliverable/data/casia_interval_strips/S1232L02.png,/Users/hrishi/Desktop/dev/Milestone1 BSAI/checkpoint_deliverable/data/casia_interval_strips_gt/S1232L02.png,True,True,,
/Users/hrishi/Desktop/dev/Milestone1 BSAI/checkpoint_deliverable/data/CASIA-Iris-Interval/009/R/S1009R01.jpg,1009_R,1009,R,test,S1009R01,True,/Users/hrishi/Desktop/dev/Milestone1 BSAI/checkpoint_deliverable/data/casia_interval_strips/S1009R01.png,/Users/hrishi/Desktop/dev/Milestone1 BSAI/checkpoint_deliverable/data/casia_interval_strips_gt/S1009R01.png,True,True,,
/Users/hrishi/Desktop/dev/Milestone1 BSAI/checkpoint_deliverable/data/CASIA-Iris-Interval/009/R/S1009R02.jpg,1009_R,1009,R,test,S1009R02,True,/Users/hrishi/Desktop/dev/Milestone1 BSAI/checkpoint_deliverable/data/casia_interval_strips/S1009R02.png,/Users/hrishi/Desktop/dev/Milestone1 BSAI/checkpoint_deliverable/data/casia_interval_strips_gt/S1009R02.png,True,True,,
/Users/hrishi/Desktop/dev/Milestone1 BSAI/checkpoint_deliverable/data/CASIA-Iris-Interval/009/R/S1009R03.jpg,1009_R,1009,R,test,S1009R03,True,/Users/hrishi/Desktop/dev/Milestone1 BSAI/checkpoint_deliverable/data/casia_interval_strips/S1009R03.png,/Users/hrishi/Desktop/dev/Milestone1 BSAI/checkpoint_deliverable/data/casia_interval_strips_gt/S1009R03.png,True,True,,
/Users/hrishi/Desktop/dev/Milestone1 BSAI/checkpoint_deliverable/data/CASIA-Iris-Interval/009/R/S1009R07.jpg,1009_R,1009,R,test,S1009R07,True,/Users/hrishi/Desktop/dev/Milestone1 BSAI/checkpoint_deliverable/data/casia_interval_strips/S1009R07.png,/Users/hrishi/Desktop/dev/Milestone1 BSAI/checkpoint_deliverable/data/casia_interval_strips_gt/S1009R07.png,True,True,,
/Users/hrishi/Desktop/dev/Milestone1 BSAI/checkpoint_deliverable/data/CASIA-Iris-Interval/009/R/S1009R06.jpg,1009_R,1009,R,test,S1009R06,True,/Users/hrishi/Desktop/dev/Milestone1 BSAI/checkpoint_deliverable/data/casia_interval_strips/S1009R06.png,/Users/hrishi/Desktop/dev/Milestone1 BSAI/checkpoint_deliverable/data/casia_interval_strips_gt/S1009R06.png,True,True,,
/Users/hrishi/Desktop/dev/Milestone1 BSAI/checkpoint_deliverable/data/CASIA-Iris-Interval/009/R/S1009R04.jpg,1009_R,1009,R,test,S1009R04,True,/Users/hrishi/Desktop/dev/Milestone1 BSAI/checkpoint_deliverable/data/casia_interval_strips/S1009R04.png,/Users/hrishi/Desktop/dev/Milestone1 BSAI/checkpoint_deliverable/data/casia_interval_strips_gt/S1009R04.png,True,True,,
/Users/hrishi/Desktop/dev/Milestone1 BSAI/checkpoint_deliverable/data/CASIA-Iris-Interval/009/R/S1009R05.jpg,1009_R,1009,R,test,S1009R05,True,/Users/hrishi/Desktop/dev/Milestone1 BSAI/checkpoint_deliverable/data/casia_interval_strips/S1009R05.png,/Users/hrishi/Desktop/dev/Milestone1 BSAI/checkpoint_deliverable/data/casia_interval_strips_gt/S1009R05.png,True,True,,
/Users/hrishi/Desktop/dev/Milestone1 BSAI/checkpoint_deliverable/data/CASIA-Iris-Interval/009/R/S1009R08.jpg,1009_R,1009,R,test,S1009R08,True,/Users/hrishi/Desktop/dev/Milestone1 BSAI/checkpoint_deliverable/data/casia_interval_strips/S1009R08.png,/Users/hrishi/Desktop/dev/Milestone1 BSAI/checkpoint_deliverable/data/casia_interval_strips_gt/S1009R08.png,True,True,,
/Users/hrishi/Desktop/dev/Milestone1 BSAI/checkpoint_deliverable/data/CASIA-Iris-Interval/009/L/S1009L01.jpg,1009_L,1009,L,val,S1009L01,True,/Users/hrishi/Desktop/dev/Milestone1 BSAI/checkpoint_deliverable/data/casia_interval_strips/S1009L01.png,/Users/hrishi/Desktop/dev/Milestone1 BSAI/checkpoint_deliverable/data/casia_interval_strips_gt/S1009L01.png,True,True,,
/Users/hrishi/Desktop/dev/Milestone1 BSAI/checkpoint_deliverable/data/CASIA-Iris-Interval/204/L/S1204L01.jpg,1204_L,1204,L,test,S1204L01,True,/Users/hrishi/Desktop/dev/Milestone1 BSAI/checkpoint_deliverable/data/casia_interval_strips/S1204L01.png,/Users/hrishi/Desktop/dev/Milestone1 BSAI/checkpoint_deliverable/data/casia_interval_strips_gt/S1204L01.png,True,True,,
/Users/hrishi/Desktop/dev/Milestone1 BSAI/checkpoint_deliverable/data/CASIA-Iris-Interval/204/L/S1204L02.jpg,1204_L,1204,L,test,S1204L02,True,/Users/hrishi/Desktop/dev/Milestone1 BSAI/checkpoint_deliverable/data/casia_interval_strips/S1204L02.png,/Users/hrishi/Desktop/dev/Milestone1 BSAI/checkpoint_deliverable/data/casia_interval_strips_gt/S1204L02.png,True,True,,
/Users/hrishi/Desktop/dev/Milestone1 BSAI/checkpoint_deliverable/data/CASIA-Iris-Interval/036/R/S1036R09.jpg,1036_R,1036,R,test,S1036R09,True,/Users/hrishi/Desktop/dev/Milestone1 BSAI/checkpoint_deliverable/data/casia_interval_strips/S1036R09.png,/Users/hrishi/Desktop/dev/Milestone1 BSAI/checkpoint_deliverable/data/casia_interval_strips_gt/S1036R09.png,True,True,,
/Users/hrishi/Desktop/dev/Milestone1 BSAI/checkpoint_deliverable/data/CASIA-Iris-Interval/036/R/S1036R08.jpg,1036_R,1036,R,test,S1036R08,True,/Users/hrishi/Desktop/dev/Milestone1 BSAI/checkpoint_deliverable/data/casia_interval_strips/S1036R08.png,/Users/hrishi/Desktop/dev/Milestone1 BSAI/checkpoint_deliverable/data/casia_interval_strips_gt/S1036R08.png,True,True,,
/Users/hrishi/Desktop/dev/Milestone1 BSAI/checkpoint_deliverable/data/CASIA-Iris-Interval/036/R/S1036R05.jpg,1036_R,1036,R,test,S1036R05,True,/Users/hrishi/Desktop/dev/Milestone1 BSAI/checkpoint_deliverable/data/casia_interval_strips/S1036R05.png,/Users/hrishi/Desktop/dev/Milestone1 BSAI/checkpoint_deliverable/data/casia_interval_strips_gt/S1036R05.png,True,True,,
/Users/hrishi/Desktop/dev/Milestone1 BSAI/checkpoint_deliverable/data/CASIA-Iris-Interval/036/R/S1036R10.jpg,1036_R,1036,R,test,S1036R10,True,/Users/hrishi/Desktop/dev/Milestone1 BSAI/checkpoint_deliverable/data/casia_interval_strips/S1036R10.png,/Users/hrishi/Desktop/dev/Milestone1 BSAI/checkpoint_deliverable/data/casia_interval_strips_gt/S1036R10.png,True,True,,
/Users/hrishi/Desktop/dev/Milestone1 BSAI/checkpoint_deliverable/data/CASIA-Iris-Interval/036/R/S1036R04.jpg,1036_R,1036,R,test,S1036R04,True,/Users/hrishi/Desktop/dev/Milestone1 BSAI/checkpoint_deliverable/data/casia_interval_strips/S1036R04.png,/Users/hrishi/Desktop/dev/Milestone1 BSAI/checkpoint_deliverable/data/casia_interval_strips_gt/S1036R04.png,True,True,,
/Users/hrishi/Desktop/dev/Milestone1 BSAI/checkpoint_deliverable/data/CASIA-Iris-Interval/036/R/S1036R06.jpg,1036_R,1036,R,test,S1036R06,True,/Users/hrishi/Desktop/dev/Milestone1 BSAI/checkpoint_deliverable/data/casia_interval_strips/S1036R06.png,/Users/hrishi/Desktop/dev/Milestone1 BSAI/checkpoint_deliverable/data/casia_interval_strips_gt/S1036R06.png,True,True,,
/Users/hrishi/Desktop/dev/Milestone1 BSAI/checkpoint_deliverable/data/CASIA-Iris-Interval/036/R/S1036R07.jpg,1036_R,1036,R,test,S1036R07,True,/Users/hrishi/Desktop/dev/Milestone1 BSAI/checkpoint_deliverable/data/casia_interval_strips/S1036R07.png,/Users/hrishi/Desktop/dev/Milestone1 BSAI/checkpoint_deliverable/data/casia_interval_strips_gt/S1036R07.png,True,True,,
/Users/hrishi/Desktop/dev/Milestone1 BSAI/checkpoint_deliverable/data/CASIA-Iris-Interval/036/R/S1036R03.jpg,1036_R,1036,R,test,S1036R03,True,/Users/hrishi/Desktop/dev/Milestone1 BSAI/checkpoint_deliverable/data/casia_interval_strips/S1036R03.png,/Users/hrishi/Desktop/dev/Milestone1 BSAI/checkpoint_deliverable/data/casia_interval_strips_gt/S1036R03.png,True,True,,
/Users/hrishi/Desktop/dev/Milestone1 BSAI/checkpoint_deliverable/data/CASIA-Iris-Interval/036/R/S1036R02.jpg,1036_R,1036,R,test,S1036R02,True,/Users/hrishi/Desktop/dev/Milestone1 BSAI/checkpoint_deliverable/data/casia_interval_strips/S1036R02.png,/Users/hrishi/Desktop/dev/Milestone1 BSAI/checkpoint_deliverable/data/casia_interval_strips_gt/S1036R02.png,True,True,,
/Users/hrishi/Desktop/dev/Milestone1 BSAI/checkpoint_deliverable/data/CASIA-Iris-Interval/036/R/S1036R01.jpg,1036_R,1036,R,test,S1036R01,True,/Users/hrishi/Desktop/dev/Milestone1 BSAI/checkpoint_deliverable/data/casia_interval_strips/S1036R01.png,/Users/hrishi/Desktop/dev/Milestone1 BSAI/checkpoint_deliverable/data/casia_interval_strips_gt/S1036R01.png,True,True,,
/Users/hrishi/Desktop/dev/Milestone1 BSAI/checkpoint_deliverable/data/CASIA-Iris-Interval/036/L/S1036L08.jpg,1036_L,1036,L,train,S1036L08,True,/Users/hrishi/Desktop/dev/Milestone1 BSAI/checkpoint_deliverable/data/casia_interval_strips/S1036L08.png,/Users/hrishi/Desktop/dev/Milestone1 BSAI/checkpoint_deliverable/data/casia_interval_strips_gt/S1036L08.png,True,True,,
/Users/hrishi/Desktop/dev/Milestone1 BSAI/checkpoint_deliverable/data/CASIA-Iris-Interval/036/L/S1036L09.jpg,1036_L,1036,L,train,S1036L09,True,/Users/hrishi/Desktop/dev/Milestone1 BSAI/checkpoint_deliverable/data/casia_interval_strips/S1036L09.png,/Users/hrishi/Desktop/dev/Milestone1 BSAI/checkpoint_deliverable/data/casia_interval_strips_gt/S1036L09.png,True,True,,
/Users/hrishi/Desktop/dev/Milestone1 BSAI/checkpoint_deliverable/data/CASIA-Iris-Interval/036/L/S1036L02.jpg,1036_L,1036,L,train,S1036L02,True,/Users/hrishi/Desktop/dev/Milestone1 BSAI/checkpoint_deliverable/data/casia_interval_strips/S1036L02.png,/Users/hrishi/Desktop/dev/Milestone1 BSAI/checkpoint_deliverable/data/casia_interval_strips_gt/S1036L02.png,True,True,,
/Users/hrishi/Desktop/dev/Milestone1 BSAI/checkpoint_deliverable/data/CASIA-Iris-Interval/036/L/S1036L03.jpg,1036_L,1036,L,train,S1036L03,True,/Users/hrishi/Desktop/dev/Milestone1 BSAI/checkpoint_deliverable/data/casia_interval_strips/S1036L03.png,/Users/hrishi/Desktop/dev/Milestone1 BSAI/checkpoint_deliverable/data/casia_interval_strips_gt/S1036L03.png,True,True,,
/Users/hrishi/Desktop/dev/Milestone1 BSAI/checkpoint_deliverable/data/CASIA-Iris-Interval/036/L/S1036L01.jpg,1036_L,1036,L,train,S1036L01,True,/Users/hrishi/Desktop/dev/Milestone1 BSAI/checkpoint_deliverable/data/casia_interval_strips/S1036L01.png,/Users/hrishi/Desktop/dev/Milestone1 BSAI/checkpoint_deliverable/data/casia_interval_strips_gt/S1036L01.png,True,True,,
/Users/hrishi/Desktop/dev/Milestone1 BSAI/checkpoint_deliverable/data/CASIA-Iris-Interval/036/L/S1036L04.jpg,1036_L,1036,L,train,S1036L04,True,/Users/hrishi/Desktop/dev/Milestone1 BSAI/checkpoint_deliverable/data/casia_interval_strips/S1036L04.png,/Users/hrishi/Desktop/dev/Milestone1 BSAI/checkpoint_deliverable/data/casia_interval_strips_gt/S1036L04.png,True,True,,
/Users/hrishi/Desktop/dev/Milestone1 BSAI/checkpoint_deliverable/data/CASIA-Iris-Interval/036/L/S1036L10.jpg,1036_L,1036,L,train,S1036L10,True,/Users/hrishi/Desktop/dev/Milestone1 BSAI/checkpoint_deliverable/data/casia_interval_strips/S1036L10.png,/Users/hrishi/Desktop/dev/Milestone1 BSAI/checkpoint_deliverable/data/casia_interval_strips_gt/S1036L10.png,True,True,,
/Users/hrishi/Desktop/dev/Milestone1 BSAI/checkpoint_deliverable/data/CASIA-Iris-Interval/036/L/S1036L05.jpg,1036_L,1036,L,train,S1036L05,True,/Users/hrishi/Desktop/dev/Milestone1 BSAI/checkpoint_deliverable/data/casia_interval_strips/S1036L05.png,/Users/hrishi/Desktop/dev/Milestone1 BSAI/checkpoint_deliverable/data/casia_interval_strips_gt/S1036L05.png,True,True,,
/Users/hrishi/Desktop/dev/Milestone1 BSAI/checkpoint_deliverable/data/CASIA-Iris-Interval/036/L/S1036L07.jpg,1036_L,1036,L,train,S1036L07,True,/Users/hrishi/Desktop/dev/Milestone1 BSAI/checkpoint_deliverable/data/casia_interval_strips/S1036L07.png,/Users/hrishi/Desktop/dev/Milestone1 BSAI/checkpoint_deliverable/data/casia_interval_strips_gt/S1036L07.png,True,True,,
/Users/hrishi/Desktop/dev/Milestone1 BSAI/checkpoint_deliverable/data/CASIA-Iris-Interval/036/L/S1036L06.jpg,1036_L,1036,L,train,S1036L06,True,/Users/hrishi/Desktop/dev/Milestone1 BSAI/checkpoint_deliverable/data/casia_interval_strips/S1036L06.png,/Users/hrishi/Desktop/dev/Milestone1 BSAI/checkpoint_deliverable/data/casia_interval_strips_gt/S1036L06.png,True,True,,
/Users/hrishi/Desktop/dev/Milestone1 BSAI/checkpoint_deliverable/data/CASIA-Iris-Interval/031/L/S1031L02.jpg,1031_L,1031,L,test,S1031L02,True,/Users/hrishi/Desktop/dev/Milestone1 BSAI/checkpoint_deliverable/data/casia_interval_strips/S1031L02.png,/Users/hrishi/Desktop/dev/Milestone1 BSAI/checkpoint_deliverable/data/casia_interval_strips_gt/S1031L02.png,True,True,,
/Users/hrishi/Desktop/dev/Milestone1 BSAI/checkpoint_deliverable/data/CASIA-Iris-Interval/031/L/S1031L01.jpg,1031_L,1031,L,test,S1031L01,True,/Users/hrishi/Desktop/dev/Milestone1 BSAI/checkpoint_deliverable/data/casia_interval_strips/S1031L01.png,/Users/hrishi/Desktop/dev/Milestone1 BSAI/checkpoint_deliverable/data/casia_interval_strips_gt/S1031L01.png,True,True,,
/Users/hrishi/Desktop/dev/Milestone1 BSAI/checkpoint_deliverable/data/CASIA-Iris-Interval/203/R/S1203R01.jpg,1203_R,1203,R,train,S1203R01,True,/Users/hrishi/Desktop/dev/Milestone1 BSAI/checkpoint_deliverable/data/casia_interval_strips/S1203R01.png,/Users/hrishi/Desktop/dev/Milestone1 BSAI/checkpoint_deliverable/data/casia_interval_strips_gt/S1203R01.png,True,True,,
/Users/hrishi/Desktop/dev/Milestone1 BSAI/checkpoint_deliverable/data/CASIA-Iris-Interval/203/L/S1203L01.jpg,1203_L,1203,L,train,S1203L01,True,/Users/hrishi/Desktop/dev/Milestone1 BSAI/checkpoint_deliverable/data/casia_interval_strips/S1203L01.png,/Users/hrishi/Desktop/dev/Milestone1 BSAI/checkpoint_deliverable/data/casia_interval_strips_gt/S1203L01.png,True,True,,
/Users/hrishi/Desktop/dev/Milestone1 BSAI/checkpoint_deliverable/data/CASIA-Iris-Interval/203/L/S1203L02.jpg,1203_L,1203,L,train,S1203L02,True,/Users/hrishi/Desktop/dev/Milestone1 BSAI/checkpoint_deliverable/data/casia_interval_strips/S1203L02.png,/Users/hrishi/Desktop/dev/Milestone1 BSAI/checkpoint_deliverable/data/casia_interval_strips_gt/S1203L02.png,True,True,,
/Users/hrishi/Desktop/dev/Milestone1 BSAI/checkpoint_deliverable/data/CASIA-Iris-Interval/203/L/S1203L03.jpg,1203_L,1203,L,train,S1203L03,True,/Users/hrishi/Desktop/dev/Milestone1 BSAI/checkpoint_deliverable/data/casia_interval_strips/S1203L03.png,/Users/hrishi/Desktop/dev/Milestone1 BSAI/checkpoint_deliverable/data/casia_interval_strips_gt/S1203L03.png,True,True,,
/Users/hrishi/Desktop/dev/Milestone1 BSAI/checkpoint_deliverable/data/CASIA-Iris-Interval/203/L/S1203L04.jpg,1203_L,1203,L,train,S1203L04,True,/Users/hrishi/Desktop/dev/Milestone1 BSAI/checkpoint_deliverable/data/casia_interval_strips/S1203L04.png,/Users/hrishi/Desktop/dev/Milestone1 BSAI/checkpoint_deliverable/data/casia_interval_strips_gt/S1203L04.png,True,True,,
/Users/hrishi/Desktop/dev/Milestone1 BSAI/checkpoint_deliverable/data/CASIA-Iris-Interval/203/L/S1203L05.jpg,1203_L,1203,L,train,S1203L05,True,/Users/hrishi/Desktop/dev/Milestone1 BSAI/checkpoint_deliverable/data/casia_interval_strips/S1203L05.png,/Users/hrishi/Desktop/dev/Milestone1 BSAI/checkpoint_deliverable/data/casia_interval_strips_gt/S1203L05.png,True,True,,
/Users/hrishi/Desktop/dev/Milestone1 BSAI/checkpoint_deliverable/data/CASIA-Iris-Interval/052/L/S1052L02.jpg,1052_L,1052,L,train,S1052L02,True,/Users/hrishi/Desktop/dev/Milestone1 BSAI/checkpoint_deliverable/data/casia_interval_strips/S1052L02.png,/Users/hrishi/Desktop/dev/Milestone1 BSAI/checkpoint_deliverable/data/casia_interval_strips_gt/S1052L02.png,True,True,,
/Users/hrishi/Desktop/dev/Milestone1 BSAI/checkpoint_deliverable/data/CASIA-Iris-Interval/052/L/S1052L03.jpg,1052_L,1052,L,train,S1052L03,True,/Users/hrishi/Desktop/dev/Milestone1 BSAI/checkpoint_deliverable/data/casia_interval_strips/S1052L03.png,/Users/hrishi/Desktop/dev/Milestone1 BSAI/checkpoint_deliverable/data/casia_interval_strips_gt/S1052L03.png,True,True,,
/Users/hrishi/Desktop/dev/Milestone1 BSAI/checkpoint_deliverable/data/CASIA-Iris-Interval/052/L/S1052L01.jpg,1052_L,1052,L,train,S1052L01,True,/Users/hrishi/Desktop/dev/Milestone1 BSAI/checkpoint_deliverable/data/casia_interval_strips/S1052L01.png,/Users/hrishi/Desktop/dev/Milestone1 BSAI/checkpoint_deliverable/data/casia_interval_strips_gt/S1052L01.png,True,True,,
/Users/hrishi/Desktop/dev/Milestone1 BSAI/checkpoint_deliverable/data/CASIA-Iris-Interval/052/L/S1052L04.jpg,1052_L,1052,L,train,S1052L04,True,/Users/hrishi/Desktop/dev/Milestone1 BSAI/checkpoint_deliverable/data/casia_interval_strips/S1052L04.png,/Users/hrishi/Desktop/dev/Milestone1 BSAI/checkpoint_deliverable/data/casia_interval_strips_gt/S1052L04.png,True,True,,
/Users/hrishi/Desktop/dev/Milestone1 BSAI/checkpoint_deliverable/data/CASIA-Iris-Interval/052/L/S1052L05.jpg,1052_L,1052,L,train,S1052L05,True,/Users/hrishi/Desktop/dev/Milestone1 BSAI/checkpoint_deliverable/data/casia_interval_strips/S1052L05.png,/Users/hrishi/Desktop/dev/Milestone1 BSAI/checkpoint_deliverable/data/casia_interval_strips_gt/S1052L05.png,True,True,,
/Users/hrishi/Desktop/dev/Milestone1 BSAI/checkpoint_deliverable/data/CASIA-Iris-Interval/099/R/S1099R02.jpg,1099_R,1099,R,train,S1099R02,True,/Users/hrishi/Desktop/dev/Milestone1 BSAI/checkpoint_deliverable/data/casia_interval_strips/S1099R02.png,/Users/hrishi/Desktop/dev/Milestone1 BSAI/checkpoint_deliverable/data/casia_interval_strips_gt/S1099R02.png,True,True,,
/Users/hrishi/Desktop/dev/Milestone1 BSAI/checkpoint_deliverable/data/CASIA-Iris-Interval/099/R/S1099R03.jpg,1099_R,1099,R,train,S1099R03,True,/Users/hrishi/Desktop/dev/Milestone1 BSAI/checkpoint_deliverable/data/casia_interval_strips/S1099R03.png,/Users/hrishi/Desktop/dev/Milestone1 BSAI/checkpoint_deliverable/data/casia_interval_strips_gt/S1099R03.png,True,True,,
/Users/hrishi/Desktop/dev/Milestone1 BSAI/checkpoint_deliverable/data/CASIA-Iris-Interval/099/R/S1099R01.jpg,1099_R,1099,R,train,S1099R01,True,/Users/hrishi/Desktop/dev/Milestone1 BSAI/checkpoint_deliverable/data/casia_interval_strips/S1099R01.png,/Users/hrishi/Desktop/dev/Milestone1 BSAI/checkpoint_deliverable/data/casia_interval_strips_gt/S1099R01.png,True,True,,
/Users/hrishi/Desktop/dev/Milestone1 BSAI/checkpoint_deliverable/data/CASIA-Iris-Interval/099/R/S1099R04.jpg,1099_R,1099,R,train,S1099R04,True,/Users/hrishi/Desktop/dev/Milestone1 BSAI/checkpoint_deliverable/data/casia_interval_strips/S1099R04.png,/Users/hrishi/Desktop/dev/Milestone1 BSAI/checkpoint_deliverable/data/casia_interval_strips_gt/S1099R04.png,True,True,,
/Users/hrishi/Desktop/dev/Milestone1 BSAI/checkpoint_deliverable/data/CASIA-Iris-Interval/099/R/S1099R05.jpg,1099_R,1099,R,train,S1099R05,True,/Users/hrishi/Desktop/dev/Milestone1 BSAI/checkpoint_deliverable/data/casia_interval_strips/S1099R05.png,/Users/hrishi/Desktop/dev/Milestone1 BSAI/checkpoint_deliverable/data/casia_interval_strips_gt/S1099R05.png,True,True,,
/Users/hrishi/Desktop/dev/Milestone1 BSAI/checkpoint_deliverable/data/CASIA-Iris-Interval/099/R/S1099R07.jpg,1099_R,1099,R,train,S1099R07,True,/Users/hrishi/Desktop/dev/Milestone1 BSAI/checkpoint_deliverable/data/casia_interval_strips/S1099R07.png,/Users/hrishi/Desktop/dev/Milestone1 BSAI/checkpoint_deliverable/data/casia_interval_strips_gt/S1099R07.png,True,True,,
/Users/hrishi/Desktop/dev/Milestone1 BSAI/checkpoint_deliverable/data/CASIA-Iris-Interval/099/R/S1099R06.jpg,1099_R,1099,R,train,S1099R06,True,/Users/hrishi/Desktop/dev/Milestone1 BSAI/checkpoint_deliverable/data/casia_interval_strips/S1099R06.png,/Users/hrishi/Desktop/dev/Milestone1 BSAI/checkpoint_deliverable/data/casia_interval_strips_gt/S1099R06.png,True,True,,
/Users/hrishi/Desktop/dev/Milestone1 BSAI/checkpoint_deliverable/data/CASIA-Iris-Interval/099/L/S1099L04.jpg,1099_L,1099,L,train,S1099L04,True,/Users/hrishi/Desktop/dev/Milestone1 BSAI/checkpoint_deliverable/data/casia_interval_strips/S1099L04.png,/Users/hrishi/Desktop/dev/Milestone1 BSAI/checkpoint_deliverable/data/casia_interval_strips_gt/S1099L04.png,True,True,,
/Users/hrishi/Desktop/dev/Milestone1 BSAI/checkpoint_deliverable/data/CASIA-Iris-Interval/099/L/S1099L03.jpg,1099_L,1099,L,train,S1099L03,True,/Users/hrishi/Desktop/dev/Milestone1 BSAI/checkpoint_deliverable/data/casia_interval_strips/S1099L03.png,/Users/hrishi/Desktop/dev/Milestone1 BSAI/checkpoint_deliverable/data/casia_interval_strips_gt/S1099L03.png,True,True,,
/Users/hrishi/Desktop/dev/Milestone1 BSAI/checkpoint_deliverable/data/CASIA-Iris-Interval/099/L/S1099L02.jpg,1099_L,1099,L,train,S1099L02,True,/Users/hrishi/Desktop/dev/Milestone1 BSAI/checkpoint_deliverable/data/casia_interval_strips/S1099L02.png,/Users/hrishi/Desktop/dev/Milestone1 BSAI/checkpoint_deliverable/data/casia_interval_strips_gt/S1099L02.png,True,True,,
/Users/hrishi/Desktop/dev/Milestone1 BSAI/checkpoint_deliverable/data/CASIA-Iris-Interval/099/L/S1099L01.jpg,1099_L,1099,L,train,S1099L01,True,/Users/hrishi/Desktop/dev/Milestone1 BSAI/checkpoint_deliverable/data/casia_interval_strips/S1099L01.png,/Users/hrishi/Desktop/dev/Milestone1 BSAI/checkpoint_deliverable/data/casia_interval_strips_gt/S1099L01.png,True,True,,
/Users/hrishi/Desktop/dev/Milestone1 BSAI/checkpoint_deliverable/data/CASIA-Iris-Interval/055/L/S1055L02.jpg,1055_L,1055,L,val,S1055L02,True,/Users/hrishi/Desktop/dev/Milestone1 BSAI/checkpoint_deliverable/data/casia_interval_strips/S1055L02.png,/Users/hrishi/Desktop/dev/Milestone1 BSAI/checkpoint_deliverable/data/casia_interval_strips_gt/S1055L02.png,True,True,,
/Users/hrishi/Desktop/dev/Milestone1 BSAI/checkpoint_deliverable/data/CASIA-Iris-Interval/055/L/S1055L03.jpg,1055_L,1055,L,val,S1055L03,True,/Users/hrishi/Desktop/dev/Milestone1 BSAI/checkpoint_deliverable/data/casia_interval_strips/S1055L03.png,/Users/hrishi/Desktop/dev/Milestone1 BSAI/checkpoint_deliverable/data/casia_interval_strips_gt/S1055L03.png,True,True,,
/Users/hrishi/Desktop/dev/Milestone1 BSAI/checkpoint_deliverable/data/CASIA-Iris-Interval/055/L/S1055L01.jpg,1055_L,1055,L,val,S1055L01,True,/Users/hrishi/Desktop/dev/Milestone1 BSAI/checkpoint_deliverable/data/casia_interval_strips/S1055L01.png,/Users/hrishi/Desktop/dev/Milestone1 BSAI/checkpoint_deliverable/data/casia_interval_strips_gt/S1055L01.png,True,True,,
/Users/hrishi/Desktop/dev/Milestone1 BSAI/checkpoint_deliverable/data/CASIA-Iris-Interval/055/L/S1055L04.jpg,1055_L,1055,L,val,S1055L04,True,/Users/hrishi/Desktop/dev/Milestone1 BSAI/checkpoint_deliverable/data/casia_interval_strips/S1055L04.png,/Users/hrishi/Desktop/dev/Milestone1 BSAI/checkpoint_deliverable/data/casia_interval_strips_gt/S1055L04.png,True,True,,
/Users/hrishi/Desktop/dev/Milestone1 BSAI/checkpoint_deliverable/data/CASIA-Iris-Interval/055/L/S1055L05.jpg,1055_L,1055,L,val,S1055L05,True,/Users/hrishi/Desktop/dev/Milestone1 BSAI/checkpoint_deliverable/data/casia_interval_strips/S1055L05.png,/Users/hrishi/Desktop/dev/Milestone1 BSAI/checkpoint_deliverable/data/casia_interval_strips_gt/S1055L05.png,True,True,,
/Users/hrishi/Desktop/dev/Milestone1 BSAI/checkpoint_deliverable/data/CASIA-Iris-Interval/063/R/S1063R04.jpg,1063_R,1063,R,train,S1063R04,True,/Users/hrishi/Desktop/dev/Milestone1 BSAI/checkpoint_deliverable/data/casia_interval_strips/S1063R04.png,/Users/hrishi/Desktop/dev/Milestone1 BSAI/checkpoint_deliverable/data/casia_interval_strips_gt/S1063R04.png,True,True,,
/Users/hrishi/Desktop/dev/Milestone1 BSAI/checkpoint_deliverable/data/CASIA-Iris-Interval/063/R/S1063R05.jpg,1063_R,1063,R,train,S1063R05,True,/Users/hrishi/Desktop/dev/Milestone1 BSAI/checkpoint_deliverable/data/casia_interval_strips/S1063R05.png,/Users/hrishi/Desktop/dev/Milestone1 BSAI/checkpoint_deliverable/data/casia_interval_strips_gt/S1063R05.png,True,True,,
/Users/hrishi/Desktop/dev/Milestone1 BSAI/checkpoint_deliverable/data/CASIA-Iris-Interval/063/R/S1063R07.jpg,1063_R,1063,R,train,S1063R07,True,/Users/hrishi/Desktop/dev/Milestone1 BSAI/checkpoint_deliverable/data/casia_interval_strips/S1063R07.png,/Users/hrishi/Desktop/dev/Milestone1 BSAI/checkpoint_deliverable/data/casia_interval_strips_gt/S1063R07.png,True,True,,
/Users/hrishi/Desktop/dev/Milestone1 BSAI/checkpoint_deliverable/data/CASIA-Iris-Interval/063/R/S1063R06.jpg,1063_R,1063,R,train,S1063R06,True,/Users/hrishi/Desktop/dev/Milestone1 BSAI/checkpoint_deliverable/data/casia_interval_strips/S1063R06.png,/Users/hrishi/Desktop/dev/Milestone1 BSAI/checkpoint_deliverable/data/casia_interval_strips_gt/S1063R06.png,True,True,,
/Users/hrishi/Desktop/dev/Milestone1 BSAI/checkpoint_deliverable/data/CASIA-Iris-Interval/063/R/S1063R02.jpg,1063_R,1063,R,train,S1063R02,True,/Users/hrishi/Desktop/dev/Milestone1 BSAI/checkpoint_deliverable/data/casia_interval_strips/S1063R02.png,/Users/hrishi/Desktop/dev/Milestone1 BSAI/checkpoint_deliverable/data/casia_interval_strips_gt/S1063R02.png,True,True,,
/Users/hrishi/Desktop/dev/Milestone1 BSAI/checkpoint_deliverable/data/CASIA-Iris-Interval/063/R/S1063R03.jpg,1063_R,1063,R,train,S1063R03,True,/Users/hrishi/Desktop/dev/Milestone1 BSAI/checkpoint_deliverable/data/casia_interval_strips/S1063R03.png,/Users/hrishi/Desktop/dev/Milestone1 BSAI/checkpoint_deliverable/data/casia_interval_strips_gt/S1063R03.png,True,True,,
/Users/hrishi/Desktop/dev/Milestone1 BSAI/checkpoint_deliverable/data/CASIA-Iris-Interval/063/R/S1063R01.jpg,1063_R,1063,R,train,S1063R01,True,/Users/hrishi/Desktop/dev/Milestone1 BSAI/checkpoint_deliverable/data/casia_interval_strips/S1063R01.png,/Users/hrishi/Desktop/dev/Milestone1 BSAI/checkpoint_deliverable/data/casia_interval_strips_gt/S1063R01.png,True,True,,
/Users/hrishi/Desktop/dev/Milestone1 BSAI/checkpoint_deliverable/data/CASIA-Iris-Interval/063/L/S1063L03.jpg,1063_L,1063,L,train,S1063L03,True,/Users/hrishi/Desktop/dev/Milestone1 BSAI/checkpoint_deliverable/data/casia_interval_strips/S1063L03.png,/Users/hrishi/Desktop/dev/Milestone1 BSAI/checkpoint_deliverable/data/casia_interval_strips_gt/S1063L03.png,True,True,,
/Users/hrishi/Desktop/dev/Milestone1 BSAI/checkpoint_deliverable/data/CASIA-Iris-Interval/063/L/S1063L02.jpg,1063_L,1063,L,train,S1063L02,True,/Users/hrishi/Desktop/dev/Milestone1 BSAI/checkpoint_deliverable/data/casia_interval_strips/S1063L02.png,/Users/hrishi/Desktop/dev/Milestone1 BSAI/checkpoint_deliverable/data/casia_interval_strips_gt/S1063L02.png,True,True,,
/Users/hrishi/Desktop/dev/Milestone1 BSAI/checkpoint_deliverable/data/CASIA-Iris-Interval/063/L/S1063L01.jpg,1063_L,1063,L,train,S1063L01,True,/Users/hrishi/Desktop/dev/Milestone1 BSAI/checkpoint_deliverable/data/casia_interval_strips/S1063L01.png,/Users/hrishi/Desktop/dev/Milestone1 BSAI/checkpoint_deliverable/data/casia_interval_strips_gt/S1063L01.png,True,True,,
/Users/hrishi/Desktop/dev/Milestone1 BSAI/checkpoint_deliverable/data/CASIA-Iris-Interval/063/L/S1063L05.jpg,1063_L,1063,L,train,S1063L05,True,/Users/hrishi/Desktop/dev/Milestone1 BSAI/checkpoint_deliverable/data/casia_interval_strips/S1063L05.png,/Users/hrishi/Desktop/dev/Milestone1 BSAI/checkpoint_deliverable/data/casia_interval_strips_gt/S1063L05.png,True,True,,
/Users/hrishi/Desktop/dev/Milestone1 BSAI/checkpoint_deliverable/data/CASIA-Iris-Interval/063/L/S1063L04.jpg,1063_L,1063,L,train,S1063L04,True,/Users/hrishi/Desktop/dev/Milestone1 BSAI/checkpoint_deliverable/data/casia_interval_strips/S1063L04.png,/Users/hrishi/Desktop/dev/Milestone1 BSAI/checkpoint_deliverable/data/casia_interval_strips_gt/S1063L04.png,True,True,,
/Users/hrishi/Desktop/dev/Milestone1 BSAI/checkpoint_deliverable/data/CASIA-Iris-Interval/063/L/S1063L06.jpg,1063_L,1063,L,train,S1063L06,True,/Users/hrishi/Desktop/dev/Milestone1 BSAI/checkpoint_deliverable/data/casia_interval_strips/S1063L06.png,/Users/hrishi/Desktop/dev/Milestone1 BSAI/checkpoint_deliverable/data/casia_interval_strips_gt/S1063L06.png,True,True,,
/Users/hrishi/Desktop/dev/Milestone1 BSAI/checkpoint_deliverable/data/CASIA-Iris-Interval/097/R/S1097R07.jpg,1097_R,1097,R,train,S1097R07,True,/Users/hrishi/Desktop/dev/Milestone1 BSAI/checkpoint_deliverable/data/casia_interval_strips/S1097R07.png,/Users/hrishi/Desktop/dev/Milestone1 BSAI/checkpoint_deliverable/data/casia_interval_strips_gt/S1097R07.png,True,True,,
/Users/hrishi/Desktop/dev/Milestone1 BSAI/checkpoint_deliverable/data/CASIA-Iris-Interval/097/R/S1097R06.jpg,1097_R,1097,R,train,S1097R06,True,/Users/hrishi/Desktop/dev/Milestone1 BSAI/checkpoint_deliverable/data/casia_interval_strips/S1097R06.png,/Users/hrishi/Desktop/dev/Milestone1 BSAI/checkpoint_deliverable/data/casia_interval_strips_gt/S1097R06.png,True,True,,
/Users/hrishi/Desktop/dev/Milestone1 BSAI/checkpoint_deliverable/data/CASIA-Iris-Interval/097/R/S1097R04.jpg,1097_R,1097,R,train,S1097R04,True,/Users/hrishi/Desktop/dev/Milestone1 BSAI/checkpoint_deliverable/data/casia_interval_strips/S1097R04.png,/Users/hrishi/Desktop/dev/Milestone1 BSAI/checkpoint_deliverable/data/casia_interval_strips_gt/S1097R04.png,True,True,,
/Users/hrishi/Desktop/dev/Milestone1 BSAI/checkpoint_deliverable/data/CASIA-Iris-Interval/097/R/S1097R05.jpg,1097_R,1097,R,train,S1097R05,True,/Users/hrishi/Desktop/dev/Milestone1 BSAI/checkpoint_deliverable/data/casia_interval_strips/S1097R05.png,/Users/hrishi/Desktop/dev/Milestone1 BSAI/checkpoint_deliverable/data/casia_interval_strips_gt/S1097R05.png,True,True,,
/Users/hrishi/Desktop/dev/Milestone1 BSAI/checkpoint_deliverable/data/CASIA-Iris-Interval/097/R/S1097R01.jpg,1097_R,1097,R,train,S1097R01,True,/Users/hrishi/Desktop/dev/Milestone1 BSAI/checkpoint_deliverable/data/casia_interval_strips/S1097R01.png,/Users/hrishi/Desktop/dev/Milestone1 BSAI/checkpoint_deliverable/data/casia_interval_strips_gt/S1097R01.png,True,True,,
/Users/hrishi/Desktop/dev/Milestone1 BSAI/checkpoint_deliverable/data/CASIA-Iris-Interval/097/R/S1097R02.jpg,1097_R,1097,R,train,S1097R02,True,/Users/hrishi/Desktop/dev/Milestone1 BSAI/checkpoint_deliverable/data/casia_interval_strips/S1097R02.png,/Users/hrishi/Desktop/dev/Milestone1 BSAI/checkpoint_deliverable/data/casia_interval_strips_gt/S1097R02.png,True,True,,
/Users/hrishi/Desktop/dev/Milestone1 BSAI/checkpoint_deliverable/data/CASIA-Iris-Interval/097/R/S1097R03.jpg,1097_R,1097,R,train,S1097R03,True,/Users/hrishi/Desktop/dev/Milestone1 BSAI/checkpoint_deliverable/data/casia_interval_strips/S1097R03.png,/Users/hrishi/Desktop/dev/Milestone1 BSAI/checkpoint_deliverable/data/casia_interval_strips_gt/S1097R03.png,True,True,,
/Users/hrishi/Desktop/dev/Milestone1 BSAI/checkpoint_deliverable/data/CASIA-Iris-Interval/097/L/S1097L01.jpg,1097_L,1097,L,train,S1097L01,True,/Users/hrishi/Desktop/dev/Milestone1 BSAI/checkpoint_deliverable/data/casia_interval_strips/S1097L01.png,/Users/hrishi/Desktop/dev/Milestone1 BSAI/checkpoint_deliverable/data/casia_interval_strips_gt/S1097L01.png,True,True,,
/Users/hrishi/Desktop/dev/Milestone1 BSAI/checkpoint_deliverable/data/CASIA-Iris-Interval/097/L/S1097L03.jpg,1097_L,1097,L,train,S1097L03,True,/Users/hrishi/Desktop/dev/Milestone1 BSAI/checkpoint_deliverable/data/casia_interval_strips/S1097L03.png,/Users/hrishi/Desktop/dev/Milestone1 BSAI/checkpoint_deliverable/data/casia_interval_strips_gt/S1097L03.png,True,True,,
/Users/hrishi/Desktop/dev/Milestone1 BSAI/checkpoint_deliverable/data/CASIA-Iris-Interval/097/L/S1097L02.jpg,1097_L,1097,L,train,S1097L02,True,/Users/hrishi/Desktop/dev/Milestone1 BSAI/checkpoint_deliverable/data/casia_interval_strips/S1097L02.png,/Users/hrishi/Desktop/dev/Milestone1 BSAI/checkpoint_deliverable/data/casia_interval_strips_gt/S1097L02.png,True,True,,
/Users/hrishi/Desktop/dev/Milestone1 BSAI/checkpoint_deliverable/data/CASIA-Iris-Interval/097/L/S1097L06.jpg,1097_L,1097,L,train,S1097L06,True,/Users/hrishi/Desktop/dev/Milestone1 BSAI/checkpoint_deliverable/data/casia_interval_strips/S1097L06.png,/Users/hrishi/Desktop/dev/Milestone1 BSAI/checkpoint_deliverable/data/casia_interval_strips_gt/S1097L06.png,True,True,,
/Users/hrishi/Desktop/dev/Milestone1 BSAI/checkpoint_deliverable/data/CASIA-Iris-Interval/097/L/S1097L07.jpg,1097_L,1097,L,train,S1097L07,True,/Users/hrishi/Desktop/dev/Milestone1 BSAI/checkpoint_deliverable/data/casia_interval_strips/S1097L07.png,/Users/hrishi/Desktop/dev/Milestone1 BSAI/checkpoint_deliverable/data/casia_interval_strips_gt/S1097L07.png,True,True,,
/Users/hrishi/Desktop/dev/Milestone1 BSAI/checkpoint_deliverable/data/CASIA-Iris-Interval/097/L/S1097L05.jpg,1097_L,1097,L,train,S1097L05,True,/Users/hrishi/Desktop/dev/Milestone1 BSAI/checkpoint_deliverable/data/casia_interval_strips/S1097L05.png,/Users/hrishi/Desktop/dev/Milestone1 BSAI/checkpoint_deliverable/data/casia_interval_strips_gt/S1097L05.png,True,True,,
/Users/hrishi/Desktop/dev/Milestone1 BSAI/checkpoint_deliverable/data/CASIA-Iris-Interval/097/L/S1097L04.jpg,1097_L,1097,L,train,S1097L04,True,/Users/hrishi/Desktop/dev/Milestone1 BSAI/checkpoint_deliverable/data/casia_interval_strips/S1097L04.png,/Users/hrishi/Desktop/dev/Milestone1 BSAI/checkpoint_deliverable/data/casia_interval_strips_gt/S1097L04.png,True,True,,
/Users/hrishi/Desktop/dev/Milestone1 BSAI/checkpoint_deliverable/data/CASIA-Iris-Interval/090/R/S1090R07.jpg,1090_R,1090,R,test,S1090R07,True,/Users/hrishi/Desktop/dev/Milestone1 BSAI/checkpoint_deliverable/data/casia_interval_strips/S1090R07.png,/Users/hrishi/Desktop/dev/Milestone1 BSAI/checkpoint_deliverable/data/casia_interval_strips_gt/S1090R07.png,True,True,,
/Users/hrishi/Desktop/dev/Milestone1 BSAI/checkpoint_deliverable/data/CASIA-Iris-Interval/090/R/S1090R06.jpg,1090_R,1090,R,test,S1090R06,True,/Users/hrishi/Desktop/dev/Milestone1 BSAI/checkpoint_deliverable/data/casia_interval_strips/S1090R06.png,/Users/hrishi/Desktop/dev/Milestone1 BSAI/checkpoint_deliverable/data/casia_interval_strips_gt/S1090R06.png,True,True,,
/Users/hrishi/Desktop/dev/Milestone1 BSAI/checkpoint_deliverable/data/CASIA-Iris-Interval/090/R/S1090R04.jpg,1090_R,1090,R,test,S1090R04,True,/Users/hrishi/Desktop/dev/Milestone1 BSAI/checkpoint_deliverable/data/casia_interval_strips/S1090R04.png,/Users/hrishi/Desktop/dev/Milestone1 BSAI/checkpoint_deliverable/data/casia_interval_strips_gt/S1090R04.png,True,True,,
/Users/hrishi/Desktop/dev/Milestone1 BSAI/checkpoint_deliverable/data/CASIA-Iris-Interval/090/R/S1090R05.jpg,1090_R,1090,R,test,S1090R05,True,/Users/hrishi/Desktop/dev/Milestone1 BSAI/checkpoint_deliverable/data/casia_interval_strips/S1090R05.png,/Users/hrishi/Desktop/dev/Milestone1 BSAI/checkpoint_deliverable/data/casia_interval_strips_gt/S1090R05.png,True,True,,
/Users/hrishi/Desktop/dev/Milestone1 BSAI/checkpoint_deliverable/data/CASIA-Iris-Interval/090/R/S1090R01.jpg,1090_R,1090,R,test,S1090R01,True,/Users/hrishi/Desktop/dev/Milestone1 BSAI/checkpoint_deliverable/data/casia_interval_strips/S1090R01.png,/Users/hrishi/Desktop/dev/Milestone1 BSAI/checkpoint_deliverable/data/casia_interval_strips_gt/S1090R01.png,True,True,,
/Users/hrishi/Desktop/dev/Milestone1 BSAI/checkpoint_deliverable/data/CASIA-Iris-Interval/090/R/S1090R02.jpg,1090_R,1090,R,test,S1090R02,True,/Users/hrishi/Desktop/dev/Milestone1 BSAI/checkpoint_deliverable/data/casia_interval_strips/S1090R02.png,/Users/hrishi/Desktop/dev/Milestone1 BSAI/checkpoint_deliverable/data/casia_interval_strips_gt/S1090R02.png,True,True,,
/Users/hrishi/Desktop/dev/Milestone1 BSAI/checkpoint_deliverable/data/CASIA-Iris-Interval/090/R/S1090R03.jpg,1090_R,1090,R,test,S1090R03,True,/Users/hrishi/Desktop/dev/Milestone1 BSAI/checkpoint_deliverable/data/casia_interval_strips/S1090R03.png,/Users/hrishi/Desktop/dev/Milestone1 BSAI/checkpoint_deliverable/data/casia_interval_strips_gt/S1090R03.png,True,True,,
/Users/hrishi/Desktop/dev/Milestone1 BSAI/checkpoint_deliverable/data/CASIA-Iris-Interval/090/L/S1090L01.jpg,1090_L,1090,L,test,S1090L01,True,/Users/hrishi/Desktop/dev/Milestone1 BSAI/checkpoint_deliverable/data/casia_interval_strips/S1090L01.png,/Users/hrishi/Desktop/dev/Milestone1 BSAI/checkpoint_deliverable/data/casia_interval_strips_gt/S1090L01.png,True,True,,
/Users/hrishi/Desktop/dev/Milestone1 BSAI/checkpoint_deliverable/data/CASIA-Iris-Interval/090/L/S1090L03.jpg,1090_L,1090,L,test,S1090L03,True,/Users/hrishi/Desktop/dev/Milestone1 BSAI/checkpoint_deliverable/data/casia_interval_strips/S1090L03.png,/Users/hrishi/Desktop/dev/Milestone1 BSAI/checkpoint_deliverable/data/casia_interval_strips_gt/S1090L03.png,True,True,,
/Users/hrishi/Desktop/dev/Milestone1 BSAI/checkpoint_deliverable/data/CASIA-Iris-Interval/090/L/S1090L02.jpg,1090_L,1090,L,test,S1090L02,True,/Users/hrishi/Desktop/dev/Milestone1 BSAI/checkpoint_deliverable/data/casia_interval_strips/S1090L02.png,/Users/hrishi/Desktop/dev/Milestone1 BSAI/checkpoint_deliverable/data/casia_interval_strips_gt/S1090L02.png,True,True,,
/Users/hrishi/Desktop/dev/Milestone1 BSAI/checkpoint_deliverable/data/CASIA-Iris-Interval/090/L/S1090L06.jpg,1090_L,1090,L,test,S1090L06,True,/Users/hrishi/Desktop/dev/Milestone1 BSAI/checkpoint_deliverable/data/casia_interval_strips/S1090L06.png,/Users/hrishi/Desktop/dev/Milestone1 BSAI/checkpoint_deliverable/data/casia_interval_strips_gt/S1090L06.png,True,True,,
/Users/hrishi/Desktop/dev/Milestone1 BSAI/checkpoint_deliverable/data/CASIA-Iris-Interval/090/L/S1090L07.jpg,1090_L,1090,L,test,S1090L07,True,/Users/hrishi/Desktop/dev/Milestone1 BSAI/checkpoint_deliverable/data/casia_interval_strips/S1090L07.png,/Users/hrishi/Desktop/dev/Milestone1 BSAI/checkpoint_deliverable/data/casia_interval_strips_gt/S1090L07.png,True,True,,
/Users/hrishi/Desktop/dev/Milestone1 BSAI/checkpoint_deliverable/data/CASIA-Iris-Interval/090/L/S1090L05.jpg,1090_L,1090,L,test,S1090L05,True,/Users/hrishi/Desktop/dev/Milestone1 BSAI/checkpoint_deliverable/data/casia_interval_strips/S1090L05.png,/Users/hrishi/Desktop/dev/Milestone1 BSAI/checkpoint_deliverable/data/casia_interval_strips_gt/S1090L05.png,True,True,,
/Users/hrishi/Desktop/dev/Milestone1 BSAI/checkpoint_deliverable/data/CASIA-Iris-Interval/090/L/S1090L04.jpg,1090_L,1090,L,test,S1090L04,True,/Users/hrishi/Desktop/dev/Milestone1 BSAI/checkpoint_deliverable/data/casia_interval_strips/S1090L04.png,/Users/hrishi/Desktop/dev/Milestone1 BSAI/checkpoint_deliverable/data/casia_interval_strips_gt/S1090L04.png,True,True,,
/Users/hrishi/Desktop/dev/Milestone1 BSAI/checkpoint_deliverable/data/CASIA-Iris-Interval/064/R/S1064R04.jpg,1064_R,1064,R,train,S1064R04,True,/Users/hrishi/Desktop/dev/Milestone1 BSAI/checkpoint_deliverable/data/casia_interval_strips/S1064R04.png,/Users/hrishi/Desktop/dev/Milestone1 BSAI/checkpoint_deliverable/data/casia_interval_strips_gt/S1064R04.png,True,True,,
/Users/hrishi/Desktop/dev/Milestone1 BSAI/checkpoint_deliverable/data/CASIA-Iris-Interval/064/R/S1064R05.jpg,1064_R,1064,R,train,S1064R05,True,/Users/hrishi/Desktop/dev/Milestone1 BSAI/checkpoint_deliverable/data/casia_interval_strips/S1064R05.png,/Users/hrishi/Desktop/dev/Milestone1 BSAI/checkpoint_deliverable/data/casia_interval_strips_gt/S1064R05.png,True,True,,
/Users/hrishi/Desktop/dev/Milestone1 BSAI/checkpoint_deliverable/data/CASIA-Iris-Interval/064/R/S1064R07.jpg,1064_R,1064,R,train,S1064R07,True,/Users/hrishi/Desktop/dev/Milestone1 BSAI/checkpoint_deliverable/data/casia_interval_strips/S1064R07.png,/Users/hrishi/Desktop/dev/Milestone1 BSAI/checkpoint_deliverable/data/casia_interval_strips_gt/S1064R07.png,True,True,,
/Users/hrishi/Desktop/dev/Milestone1 BSAI/checkpoint_deliverable/data/CASIA-Iris-Interval/064/R/S1064R06.jpg,1064_R,1064,R,train,S1064R06,True,/Users/hrishi/Desktop/dev/Milestone1 BSAI/checkpoint_deliverable/data/casia_interval_strips/S1064R06.png,/Users/hrishi/Desktop/dev/Milestone1 BSAI/checkpoint_deliverable/data/casia_interval_strips_gt/S1064R06.png,True,True,,
/Users/hrishi/Desktop/dev/Milestone1 BSAI/checkpoint_deliverable/data/CASIA-Iris-Interval/064/R/S1064R02.jpg,1064_R,1064,R,train,S1064R02,True,/Users/hrishi/Desktop/dev/Milestone1 BSAI/checkpoint_deliverable/data/casia_interval_strips/S1064R02.png,/Users/hrishi/Desktop/dev/Milestone1 BSAI/checkpoint_deliverable/data/casia_interval_strips_gt/S1064R02.png,True,True,,
/Users/hrishi/Desktop/dev/Milestone1 BSAI/checkpoint_deliverable/data/CASIA-Iris-Interval/064/R/S1064R03.jpg,1064_R,1064,R,train,S1064R03,True,/Users/hrishi/Desktop/dev/Milestone1 BSAI/checkpoint_deliverable/data/casia_interval_strips/S1064R03.png,/Users/hrishi/Desktop/dev/Milestone1 BSAI/checkpoint_deliverable/data/casia_interval_strips_gt/S1064R03.png,True,True,,
/Users/hrishi/Desktop/dev/Milestone1 BSAI/checkpoint_deliverable/data/CASIA-Iris-Interval/064/R/S1064R01.jpg,1064_R,1064,R,train,S1064R01,True,/Users/hrishi/Desktop/dev/Milestone1 BSAI/checkpoint_deliverable/data/casia_interval_strips/S1064R01.png,/Users/hrishi/Desktop/dev/Milestone1 BSAI/checkpoint_deliverable/data/casia_interval_strips_gt/S1064R01.png,True,True,,
/Users/hrishi/Desktop/dev/Milestone1 BSAI/checkpoint_deliverable/data/CASIA-Iris-Interval/064/L/S1064L03.jpg,1064_L,1064,L,val,S1064L03,True,/Users/hrishi/Desktop/dev/Milestone1 BSAI/checkpoint_deliverable/data/casia_interval_strips/S1064L03.png,/Users/hrishi/Desktop/dev/Milestone1 BSAI/checkpoint_deliverable/data/casia_interval_strips_gt/S1064L03.png,True,True,,
/Users/hrishi/Desktop/dev/Milestone1 BSAI/checkpoint_deliverable/data/CASIA-Iris-Interval/064/L/S1064L02.jpg,1064_L,1064,L,val,S1064L02,True,/Users/hrishi/Desktop/dev/Milestone1 BSAI/checkpoint_deliverable/data/casia_interval_strips/S1064L02.png,/Users/hrishi/Desktop/dev/Milestone1 BSAI/checkpoint_deliverable/data/casia_interval_strips_gt/S1064L02.png,True,True,,
/Users/hrishi/Desktop/dev/Milestone1 BSAI/checkpoint_deliverable/data/CASIA-Iris-Interval/064/L/S1064L01.jpg,1064_L,1064,L,val,S1064L01,True,/Users/hrishi/Desktop/dev/Milestone1 BSAI/checkpoint_deliverable/data/casia_interval_strips/S1064L01.png,/Users/hrishi/Desktop/dev/Milestone1 BSAI/checkpoint_deliverable/data/casia_interval_strips_gt/S1064L01.png,True,True,,
/Users/hrishi/Desktop/dev/Milestone1 BSAI/checkpoint_deliverable/data/CASIA-Iris-Interval/064/L/S1064L05.jpg,1064_L,1064,L,val,S1064L05,True,/Users/hrishi/Desktop/dev/Milestone1 BSAI/checkpoint_deliverable/data/casia_interval_strips/S1064L05.png,/Users/hrishi/Desktop/dev/Milestone1 BSAI/checkpoint_deliverable/data/casia_interval_strips_gt/S1064L05.png,True,True,,
/Users/hrishi/Desktop/dev/Milestone1 BSAI/checkpoint_deliverable/data/CASIA-Iris-Interval/064/L/S1064L04.jpg,1064_L,1064,L,val,S1064L04,True,/Users/hrishi/Desktop/dev/Milestone1 BSAI/checkpoint_deliverable/data/casia_interval_strips/S1064L04.png,/Users/hrishi/Desktop/dev/Milestone1 BSAI/checkpoint_deliverable/data/casia_interval_strips_gt/S1064L04.png,True,True,,
/Users/hrishi/Desktop/dev/Milestone1 BSAI/checkpoint_deliverable/data/CASIA-Iris-Interval/064/L/S1064L06.jpg,1064_L,1064,L,val,S1064L06,True,/Users/hrishi/Desktop/dev/Milestone1 BSAI/checkpoint_deliverable/data/casia_interval_strips/S1064L06.png,/Users/hrishi/Desktop/dev/Milestone1 BSAI/checkpoint_deliverable/data/casia_interval_strips_gt/S1064L06.png,True,True,,
/Users/hrishi/Desktop/dev/Milestone1 BSAI/checkpoint_deliverable/data/CASIA-Iris-Interval/064/L/S1064L07.jpg,1064_L,1064,L,val,S1064L07,True,/Users/hrishi/Desktop/dev/Milestone1 BSAI/checkpoint_deliverable/data/casia_interval_strips/S1064L07.png,/Users/hrishi/Desktop/dev/Milestone1 BSAI/checkpoint_deliverable/data/casia_interval_strips_gt/S1064L07.png,True,True,,
/Users/hrishi/Desktop/dev/Milestone1 BSAI/checkpoint_deliverable/data/CASIA-Iris-Interval/202/R/S1202R04.jpg,1202_R,1202,R,train,S1202R04,True,/Users/hrishi/Desktop/dev/Milestone1 BSAI/checkpoint_deliverable/data/casia_interval_strips/S1202R04.png,/Users/hrishi/Desktop/dev/Milestone1 BSAI/checkpoint_deliverable/data/casia_interval_strips_gt/S1202R04.png,True,True,,
/Users/hrishi/Desktop/dev/Milestone1 BSAI/checkpoint_deliverable/data/CASIA-Iris-Interval/202/R/S1202R05.jpg,1202_R,1202,R,train,S1202R05,True,/Users/hrishi/Desktop/dev/Milestone1 BSAI/checkpoint_deliverable/data/casia_interval_strips/S1202R05.png,/Users/hrishi/Desktop/dev/Milestone1 BSAI/checkpoint_deliverable/data/casia_interval_strips_gt/S1202R05.png,True,True,,
/Users/hrishi/Desktop/dev/Milestone1 BSAI/checkpoint_deliverable/data/CASIA-Iris-Interval/202/R/S1202R02.jpg,1202_R,1202,R,train,S1202R02,True,/Users/hrishi/Desktop/dev/Milestone1 BSAI/checkpoint_deliverable/data/casia_interval_strips/S1202R02.png,/Users/hrishi/Desktop/dev/Milestone1 BSAI/checkpoint_deliverable/data/casia_interval_strips_gt/S1202R02.png,True,True,,
/Users/hrishi/Desktop/dev/Milestone1 BSAI/checkpoint_deliverable/data/CASIA-Iris-Interval/202/R/S1202R03.jpg,1202_R,1202,R,train,S1202R03,True,/Users/hrishi/Desktop/dev/Milestone1 BSAI/checkpoint_deliverable/data/casia_interval_strips/S1202R03.png,/Users/hrishi/Desktop/dev/Milestone1 BSAI/checkpoint_deliverable/data/casia_interval_strips_gt/S1202R03.png,True,True,,
/Users/hrishi/Desktop/dev/Milestone1 BSAI/checkpoint_deliverable/data/CASIA-Iris-Interval/202/R/S1202R01.jpg,1202_R,1202,R,train,S1202R01,True,/Users/hrishi/Desktop/dev/Milestone1 BSAI/checkpoint_deliverable/data/casia_interval_strips/S1202R01.png,/Users/hrishi/Desktop/dev/Milestone1 BSAI/checkpoint_deliverable/data/casia_interval_strips_gt/S1202R01.png,True,True,,
/Users/hrishi/Desktop/dev/Milestone1 BSAI/checkpoint_deliverable/data/CASIA-Iris-Interval/202/L/S1202L01.jpg,1202_L,1202,L,train,S1202L01,True,/Users/hrishi/Desktop/dev/Milestone1 BSAI/checkpoint_deliverable/data/casia_interval_strips/S1202L01.png,/Users/hrishi/Desktop/dev/Milestone1 BSAI/checkpoint_deliverable/data/casia_interval_strips_gt/S1202L01.png,True,True,,
/Users/hrishi/Desktop/dev/Milestone1 BSAI/checkpoint_deliverable/data/CASIA-Iris-Interval/030/R/S1030R08.jpg,1030_R,1030,R,val,S1030R08,True,/Users/hrishi/Desktop/dev/Milestone1 BSAI/checkpoint_deliverable/data/casia_interval_strips/S1030R08.png,/Users/hrishi/Desktop/dev/Milestone1 BSAI/checkpoint_deliverable/data/casia_interval_strips_gt/S1030R08.png,True,True,,
/Users/hrishi/Desktop/dev/Milestone1 BSAI/checkpoint_deliverable/data/CASIA-Iris-Interval/030/R/S1030R09.jpg,1030_R,1030,R,val,S1030R09,True,/Users/hrishi/Desktop/dev/Milestone1 BSAI/checkpoint_deliverable/data/casia_interval_strips/S1030R09.png,/Users/hrishi/Desktop/dev/Milestone1 BSAI/checkpoint_deliverable/data/casia_interval_strips_gt/S1030R09.png,True,True,,
/Users/hrishi/Desktop/dev/Milestone1 BSAI/checkpoint_deliverable/data/CASIA-Iris-Interval/030/R/S1030R07.jpg,1030_R,1030,R,val,S1030R07,True,/Users/hrishi/Desktop/dev/Milestone1 BSAI/checkpoint_deliverable/data/casia_interval_strips/S1030R07.png,/Users/hrishi/Desktop/dev/Milestone1 BSAI/checkpoint_deliverable/data/casia_interval_strips_gt/S1030R07.png,True,True,,
/Users/hrishi/Desktop/dev/Milestone1 BSAI/checkpoint_deliverable/data/CASIA-Iris-Interval/030/R/S1030R06.jpg,1030_R,1030,R,val,S1030R06,True,/Users/hrishi/Desktop/dev/Milestone1 BSAI/checkpoint_deliverable/data/casia_interval_strips/S1030R06.png,/Users/hrishi/Desktop/dev/Milestone1 BSAI/checkpoint_deliverable/data/casia_interval_strips_gt/S1030R06.png,True,True,,
/Users/hrishi/Desktop/dev/Milestone1 BSAI/checkpoint_deliverable/data/CASIA-Iris-Interval/030/R/S1030R10.jpg,1030_R,1030,R,val,S1030R10,True,/Users/hrishi/Desktop/dev/Milestone1 BSAI/checkpoint_deliverable/data/casia_interval_strips/S1030R10.png,/Users/hrishi/Desktop/dev/Milestone1 BSAI/checkpoint_deliverable/data/casia_interval_strips_gt/S1030R10.png,True,True,,
/Users/hrishi/Desktop/dev/Milestone1 BSAI/checkpoint_deliverable/data/CASIA-Iris-Interval/030/R/S1030R04.jpg,1030_R,1030,R,val,S1030R04,True,/Users/hrishi/Desktop/dev/Milestone1 BSAI/checkpoint_deliverable/data/casia_interval_strips/S1030R04.png,/Users/hrishi/Desktop/dev/Milestone1 BSAI/checkpoint_deliverable/data/casia_interval_strips_gt/S1030R04.png,True,True,,
/Users/hrishi/Desktop/dev/Milestone1 BSAI/checkpoint_deliverable/data/CASIA-Iris-Interval/030/R/S1030R05.jpg,1030_R,1030,R,val,S1030R05,True,/Users/hrishi/Desktop/dev/Milestone1 BSAI/checkpoint_deliverable/data/casia_interval_strips/S1030R05.png,/Users/hrishi/Desktop/dev/Milestone1 BSAI/checkpoint_deliverable/data/casia_interval_strips_gt/S1030R05.png,True,True,,
/Users/hrishi/Desktop/dev/Milestone1 BSAI/checkpoint_deliverable/data/CASIA-Iris-Interval/030/R/S1030R01.jpg,1030_R,1030,R,val,S1030R01,True,/Users/hrishi/Desktop/dev/Milestone1 BSAI/checkpoint_deliverable/data/casia_interval_strips/S1030R01.png,/Users/hrishi/Desktop/dev/Milestone1 BSAI/checkpoint_deliverable/data/casia_interval_strips_gt/S1030R01.png,True,True,,
/Users/hrishi/Desktop/dev/Milestone1 BSAI/checkpoint_deliverable/data/CASIA-Iris-Interval/030/R/S1030R02.jpg,1030_R,1030,R,val,S1030R02,True,/Users/hrishi/Desktop/dev/Milestone1 BSAI/checkpoint_deliverable/data/casia_interval_strips/S1030R02.png,/Users/hrishi/Desktop/dev/Milestone1 BSAI/checkpoint_deliverable/data/casia_interval_strips_gt/S1030R02.png,True,True,,
/Users/hrishi/Desktop/dev/Milestone1 BSAI/checkpoint_deliverable/data/CASIA-Iris-Interval/030/R/S1030R03.jpg,1030_R,1030,R,val,S1030R03,True,/Users/hrishi/Desktop/dev/Milestone1 BSAI/checkpoint_deliverable/data/casia_interval_strips/S1030R03.png,/Users/hrishi/Desktop/dev/Milestone1 BSAI/checkpoint_deliverable/data/casia_interval_strips_gt/S1030R03.png,True,True,,
/Users/hrishi/Desktop/dev/Milestone1 BSAI/checkpoint_deliverable/data/CASIA-Iris-Interval/030/L/S1030L09.jpg,1030_L,1030,L,test,S1030L09,True,/Users/hrishi/Desktop/dev/Milestone1 BSAI/checkpoint_deliverable/data/casia_interval_strips/S1030L09.png,/Users/hrishi/Desktop/dev/Milestone1 BSAI/checkpoint_deliverable/data/casia_interval_strips_gt/S1030L09.png,True,True,,
/Users/hrishi/Desktop/dev/Milestone1 BSAI/checkpoint_deliverable/data/CASIA-Iris-Interval/030/L/S1030L08.jpg,1030_L,1030,L,test,S1030L08,True,/Users/hrishi/Desktop/dev/Milestone1 BSAI/checkpoint_deliverable/data/casia_interval_strips/S1030L08.png,/Users/hrishi/Desktop/dev/Milestone1 BSAI/checkpoint_deliverable/data/casia_interval_strips_gt/S1030L08.png,True,True,,
/Users/hrishi/Desktop/dev/Milestone1 BSAI/checkpoint_deliverable/data/CASIA-Iris-Interval/030/L/S1030L01.jpg,1030_L,1030,L,test,S1030L01,True,/Users/hrishi/Desktop/dev/Milestone1 BSAI/checkpoint_deliverable/data/casia_interval_strips/S1030L01.png,/Users/hrishi/Desktop/dev/Milestone1 BSAI/checkpoint_deliverable/data/casia_interval_strips_gt/S1030L01.png,True,True,,
/Users/hrishi/Desktop/dev/Milestone1 BSAI/checkpoint_deliverable/data/CASIA-Iris-Interval/030/L/S1030L03.jpg,1030_L,1030,L,test,S1030L03,True,/Users/hrishi/Desktop/dev/Milestone1 BSAI/checkpoint_deliverable/data/casia_interval_strips/S1030L03.png,/Users/hrishi/Desktop/dev/Milestone1 BSAI/checkpoint_deliverable/data/casia_interval_strips_gt/S1030L03.png,True,True,,
/Users/hrishi/Desktop/dev/Milestone1 BSAI/checkpoint_deliverable/data/CASIA-Iris-Interval/030/L/S1030L02.jpg,1030_L,1030,L,test,S1030L02,True,/Users/hrishi/Desktop/dev/Milestone1 BSAI/checkpoint_deliverable/data/casia_interval_strips/S1030L02.png,/Users/hrishi/Desktop/dev/Milestone1 BSAI/checkpoint_deliverable/data/casia_interval_strips_gt/S1030L02.png,True,True,,
/Users/hrishi/Desktop/dev/Milestone1 BSAI/checkpoint_deliverable/data/CASIA-Iris-Interval/030/L/S1030L06.jpg,1030_L,1030,L,test,S1030L06,True,/Users/hrishi/Desktop/dev/Milestone1 BSAI/checkpoint_deliverable/data/casia_interval_strips/S1030L06.png,/Users/hrishi/Desktop/dev/Milestone1 BSAI/checkpoint_deliverable/data/casia_interval_strips_gt/S1030L06.png,True,True,,
/Users/hrishi/Desktop/dev/Milestone1 BSAI/checkpoint_deliverable/data/CASIA-Iris-Interval/030/L/S1030L07.jpg,1030_L,1030,L,test,S1030L07,True,/Users/hrishi/Desktop/dev/Milestone1 BSAI/checkpoint_deliverable/data/casia_interval_strips/S1030L07.png,/Users/hrishi/Desktop/dev/Milestone1 BSAI/checkpoint_deliverable/data/casia_interval_strips_gt/S1030L07.png,True,True,,
/Users/hrishi/Desktop/dev/Milestone1 BSAI/checkpoint_deliverable/data/CASIA-Iris-Interval/030/L/S1030L05.jpg,1030_L,1030,L,test,S1030L05,True,/Users/hrishi/Desktop/dev/Milestone1 BSAI/checkpoint_deliverable/data/casia_interval_strips/S1030L05.png,/Users/hrishi/Desktop/dev/Milestone1 BSAI/checkpoint_deliverable/data/casia_interval_strips_gt/S1030L05.png,True,True,,
/Users/hrishi/Desktop/dev/Milestone1 BSAI/checkpoint_deliverable/data/CASIA-Iris-Interval/030/L/S1030L04.jpg,1030_L,1030,L,test,S1030L04,True,/Users/hrishi/Desktop/dev/Milestone1 BSAI/checkpoint_deliverable/data/casia_interval_strips/S1030L04.png,/Users/hrishi/Desktop/dev/Milestone1 BSAI/checkpoint_deliverable/data/casia_interval_strips_gt/S1030L04.png,True,True,,
/Users/hrishi/Desktop/dev/Milestone1 BSAI/checkpoint_deliverable/data/CASIA-Iris-Interval/030/L/S1030L10.jpg,1030_L,1030,L,test,S1030L10,True,/Users/hrishi/Desktop/dev/Milestone1 BSAI/checkpoint_deliverable/data/casia_interval_strips/S1030L10.png,/Users/hrishi/Desktop/dev/Milestone1 BSAI/checkpoint_deliverable/data/casia_interval_strips_gt/S1030L10.png,True,True,,
/Users/hrishi/Desktop/dev/Milestone1 BSAI/checkpoint_deliverable/data/CASIA-Iris-Interval/008/R/S1008R08.jpg,1008_R,1008,R,train,S1008R08,True,/Users/hrishi/Desktop/dev/Milestone1 BSAI/checkpoint_deliverable/data/casia_interval_strips/S1008R08.png,/Users/hrishi/Desktop/dev/Milestone1 BSAI/checkpoint_deliverable/data/casia_interval_strips_gt/S1008R08.png,True,True,,
/Users/hrishi/Desktop/dev/Milestone1 BSAI/checkpoint_deliverable/data/CASIA-Iris-Interval/008/R/S1008R03.jpg,1008_R,1008,R,train,S1008R03,True,/Users/hrishi/Desktop/dev/Milestone1 BSAI/checkpoint_deliverable/data/casia_interval_strips/S1008R03.png,/Users/hrishi/Desktop/dev/Milestone1 BSAI/checkpoint_deliverable/data/casia_interval_strips_gt/S1008R03.png,True,True,,
/Users/hrishi/Desktop/dev/Milestone1 BSAI/checkpoint_deliverable/data/CASIA-Iris-Interval/008/R/S1008R02.jpg,1008_R,1008,R,train,S1008R02,True,/Users/hrishi/Desktop/dev/Milestone1 BSAI/checkpoint_deliverable/data/casia_interval_strips/S1008R02.png,/Users/hrishi/Desktop/dev/Milestone1 BSAI/checkpoint_deliverable/data/casia_interval_strips_gt/S1008R02.png,True,True,,
/Users/hrishi/Desktop/dev/Milestone1 BSAI/checkpoint_deliverable/data/CASIA-Iris-Interval/008/R/S1008R01.jpg,1008_R,1008,R,train,S1008R01,True,/Users/hrishi/Desktop/dev/Milestone1 BSAI/checkpoint_deliverable/data/casia_interval_strips/S1008R01.png,/Users/hrishi/Desktop/dev/Milestone1 BSAI/checkpoint_deliverable/data/casia_interval_strips_gt/S1008R01.png,True,True,,
/Users/hrishi/Desktop/dev/Milestone1 BSAI/checkpoint_deliverable/data/CASIA-Iris-Interval/008/R/S1008R05.jpg,1008_R,1008,R,train,S1008R05,True,/Users/hrishi/Desktop/dev/Milestone1 BSAI/checkpoint_deliverable/data/casia_interval_strips/S1008R05.png,/Users/hrishi/Desktop/dev/Milestone1 BSAI/checkpoint_deliverable/data/casia_interval_strips_gt/S1008R05.png,True,True,,
/Users/hrishi/Desktop/dev/Milestone1 BSAI/checkpoint_deliverable/data/CASIA-Iris-Interval/008/R/S1008R04.jpg,1008_R,1008,R,train,S1008R04,True,/Users/hrishi/Desktop/dev/Milestone1 BSAI/checkpoint_deliverable/data/casia_interval_strips/S1008R04.png,/Users/hrishi/Desktop/dev/Milestone1 BSAI/checkpoint_deliverable/data/casia_interval_strips_gt/S1008R04.png,True,True,,
/Users/hrishi/Desktop/dev/Milestone1 BSAI/checkpoint_deliverable/data/CASIA-Iris-Interval/008/R/S1008R06.jpg,1008_R,1008,R,train,S1008R06,True,/Users/hrishi/Desktop/dev/Milestone1 BSAI/checkpoint_deliverable/data/casia_interval_strips/S1008R06.png,/Users/hrishi/Desktop/dev/Milestone1 BSAI/checkpoint_deliverable/data/casia_interval_strips_gt/S1008R06.png,True,True,,
/Users/hrishi/Desktop/dev/Milestone1 BSAI/checkpoint_deliverable/data/CASIA-Iris-Interval/008/R/S1008R07.jpg,1008_R,1008,R,train,S1008R07,True,/Users/hrishi/Desktop/dev/Milestone1 BSAI/checkpoint_deliverable/data/casia_interval_strips/S1008R07.png,/Users/hrishi/Desktop/dev/Milestone1 BSAI/checkpoint_deliverable/data/casia_interval_strips_gt/S1008R07.png,True,True,,
/Users/hrishi/Desktop/dev/Milestone1 BSAI/checkpoint_deliverable/data/CASIA-Iris-Interval/008/L/S1008L08.jpg,1008_L,1008,L,train,S1008L08,True,/Users/hrishi/Desktop/dev/Milestone1 BSAI/checkpoint_deliverable/data/casia_interval_strips/S1008L08.png,/Users/hrishi/Desktop/dev/Milestone1 BSAI/checkpoint_deliverable/data/casia_interval_strips_gt/S1008L08.png,True,True,,
/Users/hrishi/Desktop/dev/Milestone1 BSAI/checkpoint_deliverable/data/CASIA-Iris-Interval/008/L/S1008L09.jpg,1008_L,1008,L,train,S1008L09,True,/Users/hrishi/Desktop/dev/Milestone1 BSAI/checkpoint_deliverable/data/casia_interval_strips/S1008L09.png,/Users/hrishi/Desktop/dev/Milestone1 BSAI/checkpoint_deliverable/data/casia_interval_strips_gt/S1008L09.png,True,True,,
/Users/hrishi/Desktop/dev/Milestone1 BSAI/checkpoint_deliverable/data/CASIA-Iris-Interval/008/L/S1008L10.jpg,1008_L,1008,L,train,S1008L10,True,/Users/hrishi/Desktop/dev/Milestone1 BSAI/checkpoint_deliverable/data/casia_interval_strips/S1008L10.png,/Users/hrishi/Desktop/dev/Milestone1 BSAI/checkpoint_deliverable/data/casia_interval_strips_gt/S1008L10.png,True,True,,
/Users/hrishi/Desktop/dev/Milestone1 BSAI/checkpoint_deliverable/data/CASIA-Iris-Interval/008/L/S1008L04.jpg,1008_L,1008,L,train,S1008L04,True,/Users/hrishi/Desktop/dev/Milestone1 BSAI/checkpoint_deliverable/data/casia_interval_strips/S1008L04.png,/Users/hrishi/Desktop/dev/Milestone1 BSAI/checkpoint_deliverable/data/casia_interval_strips_gt/S1008L04.png,True,True,,
/Users/hrishi/Desktop/dev/Milestone1 BSAI/checkpoint_deliverable/data/CASIA-Iris-Interval/008/L/S1008L05.jpg,1008_L,1008,L,train,S1008L05,True,/Users/hrishi/Desktop/dev/Milestone1 BSAI/checkpoint_deliverable/data/casia_interval_strips/S1008L05.png,/Users/hrishi/Desktop/dev/Milestone1 BSAI/checkpoint_deliverable/data/casia_interval_strips_gt/S1008L05.png,True,True,,
/Users/hrishi/Desktop/dev/Milestone1 BSAI/checkpoint_deliverable/data/CASIA-Iris-Interval/008/L/S1008L11.jpg,1008_L,1008,L,train,S1008L11,False,/Users/hrishi/Desktop/dev/Milestone1 BSAI/checkpoint_deliverable/data/casia_interval_strips/S1008L11.png,,True,False,,no_gt
/Users/hrishi/Desktop/dev/Milestone1 BSAI/checkpoint_deliverable/data/CASIA-Iris-Interval/008/L/S1008L07.jpg,1008_L,1008,L,train,S1008L07,True,/Users/hrishi/Desktop/dev/Milestone1 BSAI/checkpoint_deliverable/data/casia_interval_strips/S1008L07.png,/Users/hrishi/Desktop/dev/Milestone1 BSAI/checkpoint_deliverable/data/casia_interval_strips_gt/S1008L07.png,True,True,,
/Users/hrishi/Desktop/dev/Milestone1 BSAI/checkpoint_deliverable/data/CASIA-Iris-Interval/008/L/S1008L06.jpg,1008_L,1008,L,train,S1008L06,True,/Users/hrishi/Desktop/dev/Milestone1 BSAI/checkpoint_deliverable/data/casia_interval_strips/S1008L06.png,/Users/hrishi/Desktop/dev/Milestone1 BSAI/checkpoint_deliverable/data/casia_interval_strips_gt/S1008L06.png,True,True,,
/Users/hrishi/Desktop/dev/Milestone1 BSAI/checkpoint_deliverable/data/CASIA-Iris-Interval/008/L/S1008L02.jpg,1008_L,1008,L,train,S1008L02,True,/Users/hrishi/Desktop/dev/Milestone1 BSAI/checkpoint_deliverable/data/casia_interval_strips/S1008L02.png,/Users/hrishi/Desktop/dev/Milestone1 BSAI/checkpoint_deliverable/data/casia_interval_strips_gt/S1008L02.png,True,True,,
/Users/hrishi/Desktop/dev/Milestone1 BSAI/checkpoint_deliverable/data/CASIA-Iris-Interval/008/L/S1008L03.jpg,1008_L,1008,L,train,S1008L03,True,/Users/hrishi/Desktop/dev/Milestone1 BSAI/checkpoint_deliverable/data/casia_interval_strips/S1008L03.png,/Users/hrishi/Desktop/dev/Milestone1 BSAI/checkpoint_deliverable/data/casia_interval_strips_gt/S1008L03.png,True,True,,
/Users/hrishi/Desktop/dev/Milestone1 BSAI/checkpoint_deliverable/data/CASIA-Iris-Interval/008/L/S1008L01.jpg,1008_L,1008,L,train,S1008L01,True,/Users/hrishi/Desktop/dev/Milestone1 BSAI/checkpoint_deliverable/data/casia_interval_strips/S1008L01.png,/Users/hrishi/Desktop/dev/Milestone1 BSAI/checkpoint_deliverable/data/casia_interval_strips_gt/S1008L01.png,True,True,,
/Users/hrishi/Desktop/dev/Milestone1 BSAI/checkpoint_deliverable/data/CASIA-Iris-Interval/037/R/S1037R01.jpg,1037_R,1037,R,train,S1037R01,True,/Users/hrishi/Desktop/dev/Milestone1 BSAI/checkpoint_deliverable/data/casia_interval_strips/S1037R01.png,/Users/hrishi/Desktop/dev/Milestone1 BSAI/checkpoint_deliverable/data/casia_interval_strips_gt/S1037R01.png,True,True,,
/Users/hrishi/Desktop/dev/Milestone1 BSAI/checkpoint_deliverable/data/CASIA-Iris-Interval/037/R/S1037R02.jpg,1037_R,1037,R,train,S1037R02,True,/Users/hrishi/Desktop/dev/Milestone1 BSAI/checkpoint_deliverable/data/casia_interval_strips/S1037R02.png,/Users/hrishi/Desktop/dev/Milestone1 BSAI/checkpoint_deliverable/data/casia_interval_strips_gt/S1037R02.png,True,True,,
/Users/hrishi/Desktop/dev/Milestone1 BSAI/checkpoint_deliverable/data/CASIA-Iris-Interval/037/R/S1037R03.jpg,1037_R,1037,R,train,S1037R03,True,/Users/hrishi/Desktop/dev/Milestone1 BSAI/checkpoint_deliverable/data/casia_interval_strips/S1037R03.png,/Users/hrishi/Desktop/dev/Milestone1 BSAI/checkpoint_deliverable/data/casia_interval_strips_gt/S1037R03.png,True,True,,
/Users/hrishi/Desktop/dev/Milestone1 BSAI/checkpoint_deliverable/data/CASIA-Iris-Interval/205/R/S1205R04.jpg,1205_R,1205,R,train,S1205R04,True,/Users/hrishi/Desktop/dev/Milestone1 BSAI/checkpoint_deliverable/data/casia_interval_strips/S1205R04.png,/Users/hrishi/Desktop/dev/Milestone1 BSAI/checkpoint_deliverable/data/casia_interval_strips_gt/S1205R04.png,True,True,,
/Users/hrishi/Desktop/dev/Milestone1 BSAI/checkpoint_deliverable/data/CASIA-Iris-Interval/205/R/S1205R05.jpg,1205_R,1205,R,train,S1205R05,True,/Users/hrishi/Desktop/dev/Milestone1 BSAI/checkpoint_deliverable/data/casia_interval_strips/S1205R05.png,/Users/hrishi/Desktop/dev/Milestone1 BSAI/checkpoint_deliverable/data/casia_interval_strips_gt/S1205R05.png,True,True,,
/Users/hrishi/Desktop/dev/Milestone1 BSAI/checkpoint_deliverable/data/CASIA-Iris-Interval/205/R/S1205R07.jpg,1205_R,1205,R,train,S1205R07,True,/Users/hrishi/Desktop/dev/Milestone1 BSAI/checkpoint_deliverable/data/casia_interval_strips/S1205R07.png,/Users/hrishi/Desktop/dev/Milestone1 BSAI/checkpoint_deliverable/data/casia_interval_strips_gt/S1205R07.png,True,True,,
/Users/hrishi/Desktop/dev/Milestone1 BSAI/checkpoint_deliverable/data/CASIA-Iris-Interval/205/R/S1205R06.jpg,1205_R,1205,R,train,S1205R06,True,/Users/hrishi/Desktop/dev/Milestone1 BSAI/checkpoint_deliverable/data/casia_interval_strips/S1205R06.png,/Users/hrishi/Desktop/dev/Milestone1 BSAI/checkpoint_deliverable/data/casia_interval_strips_gt/S1205R06.png,True,True,,
/Users/hrishi/Desktop/dev/Milestone1 BSAI/checkpoint_deliverable/data/CASIA-Iris-Interval/205/R/S1205R02.jpg,1205_R,1205,R,train,S1205R02,True,/Users/hrishi/Desktop/dev/Milestone1 BSAI/checkpoint_deliverable/data/casia_interval_strips/S1205R02.png,/Users/hrishi/Desktop/dev/Milestone1 BSAI/checkpoint_deliverable/data/casia_interval_strips_gt/S1205R02.png,True,True,,
/Users/hrishi/Desktop/dev/Milestone1 BSAI/checkpoint_deliverable/data/CASIA-Iris-Interval/205/R/S1205R03.jpg,1205_R,1205,R,train,S1205R03,True,/Users/hrishi/Desktop/dev/Milestone1 BSAI/checkpoint_deliverable/data/casia_interval_strips/S1205R03.png,/Users/hrishi/Desktop/dev/Milestone1 BSAI/checkpoint_deliverable/data/casia_interval_strips_gt/S1205R03.png,True,True,,
/Users/hrishi/Desktop/dev/Milestone1 BSAI/checkpoint_deliverable/data/CASIA-Iris-Interval/205/R/S1205R01.jpg,1205_R,1205,R,train,S1205R01,True,/Users/hrishi/Desktop/dev/Milestone1 BSAI/checkpoint_deliverable/data/casia_interval_strips/S1205R01.png,/Users/hrishi/Desktop/dev/Milestone1 BSAI/checkpoint_deliverable/data/casia_interval_strips_gt/S1205R01.png,True,True,,
/Users/hrishi/Desktop/dev/Milestone1 BSAI/checkpoint_deliverable/data/CASIA-Iris-Interval/205/L/S1205L02.jpg,1205_L,1205,L,train,S1205L02,True,/Users/hrishi/Desktop/dev/Milestone1 BSAI/checkpoint_deliverable/data/casia_interval_strips/S1205L02.png,/Users/hrishi/Desktop/dev/Milestone1 BSAI/checkpoint_deliverable/data/casia_interval_strips_gt/S1205L02.png,True,True,,
/Users/hrishi/Desktop/dev/Milestone1 BSAI/checkpoint_deliverable/data/CASIA-Iris-Interval/205/L/S1205L01.jpg,1205_L,1205,L,train,S1205L01,True,/Users/hrishi/Desktop/dev/Milestone1 BSAI/checkpoint_deliverable/data/casia_interval_strips/S1205L01.png,/Users/hrishi/Desktop/dev/Milestone1 BSAI/checkpoint_deliverable/data/casia_interval_strips_gt/S1205L01.png,True,True,,
/Users/hrishi/Desktop/dev/Milestone1 BSAI/checkpoint_deliverable/data/CASIA-Iris-Interval/001/R/S1001R06.jpg,1001_R,1001,R,val,S1001R06,True,/Users/hrishi/Desktop/dev/Milestone1 BSAI/checkpoint_deliverable/data/casia_interval_strips/S1001R06.png,/Users/hrishi/Desktop/dev/Milestone1 BSAI/checkpoint_deliverable/data/casia_interval_strips_gt/S1001R06.png,True,True,,
/Users/hrishi/Desktop/dev/Milestone1 BSAI/checkpoint_deliverable/data/CASIA-Iris-Interval/001/R/S1001R07.jpg,1001_R,1001,R,val,S1001R07,True,/Users/hrishi/Desktop/dev/Milestone1 BSAI/checkpoint_deliverable/data/casia_interval_strips/S1001R07.png,/Users/hrishi/Desktop/dev/Milestone1 BSAI/checkpoint_deliverable/data/casia_interval_strips_gt/S1001R07.png,True,True,,
/Users/hrishi/Desktop/dev/Milestone1 BSAI/checkpoint_deliverable/data/CASIA-Iris-Interval/001/R/S1001R05.jpg,1001_R,1001,R,val,S1001R05,True,/Users/hrishi/Desktop/dev/Milestone1 BSAI/checkpoint_deliverable/data/casia_interval_strips/S1001R05.png,/Users/hrishi/Desktop/dev/Milestone1 BSAI/checkpoint_deliverable/data/casia_interval_strips_gt/S1001R05.png,True,True,,
/Users/hrishi/Desktop/dev/Milestone1 BSAI/checkpoint_deliverable/data/CASIA-Iris-Interval/001/R/S1001R04.jpg,1001_R,1001,R,val,S1001R04,True,/Users/hrishi/Desktop/dev/Milestone1 BSAI/checkpoint_deliverable/data/casia_interval_strips/S1001R04.png,/Users/hrishi/Desktop/dev/Milestone1 BSAI/checkpoint_deliverable/data/casia_interval_strips_gt/S1001R04.png,True,True,,
/Users/hrishi/Desktop/dev/Milestone1 BSAI/checkpoint_deliverable/data/CASIA-Iris-Interval/001/R/S1001R10.jpg,1001_R,1001,R,val,S1001R10,True,/Users/hrishi/Desktop/dev/Milestone1 BSAI/checkpoint_deliverable/data/casia_interval_strips/S1001R10.png,/Users/hrishi/Desktop/dev/Milestone1 BSAI/checkpoint_deliverable/data/casia_interval_strips_gt/S1001R10.png,True,True,,
/Users/hrishi/Desktop/dev/Milestone1 BSAI/checkpoint_deliverable/data/CASIA-Iris-Interval/001/R/S1001R01.jpg,1001_R,1001,R,val,S1001R01,True,/Users/hrishi/Desktop/dev/Milestone1 BSAI/checkpoint_deliverable/data/casia_interval_strips/S1001R01.png,/Users/hrishi/Desktop/dev/Milestone1 BSAI/checkpoint_deliverable/data/casia_interval_strips_gt/S1001R01.png,True,True,,
/Users/hrishi/Desktop/dev/Milestone1 BSAI/checkpoint_deliverable/data/CASIA-Iris-Interval/001/R/S1001R03.jpg,1001_R,1001,R,val,S1001R03,True,/Users/hrishi/Desktop/dev/Milestone1 BSAI/checkpoint_deliverable/data/casia_interval_strips/S1001R03.png,/Users/hrishi/Desktop/dev/Milestone1 BSAI/checkpoint_deliverable/data/casia_interval_strips_gt/S1001R03.png,True,True,,
/Users/hrishi/Desktop/dev/Milestone1 BSAI/checkpoint_deliverable/data/CASIA-Iris-Interval/001/R/S1001R02.jpg,1001_R,1001,R,val,S1001R02,True,/Users/hrishi/Desktop/dev/Milestone1 BSAI/checkpoint_deliverable/data/casia_interval_strips/S1001R02.png,/Users/hrishi/Desktop/dev/Milestone1 BSAI/checkpoint_deliverable/data/casia_interval_strips_gt/S1001R02.png,True,True,,
/Users/hrishi/Desktop/dev/Milestone1 BSAI/checkpoint_deliverable/data/CASIA-Iris-Interval/001/R/S1001R09.jpg,1001_R,1001,R,val,S1001R09,True,/Users/hrishi/Desktop/dev/Milestone1 BSAI/checkpoint_deliverable/data/casia_interval_strips/S1001R09.png,/Users/hrishi/Desktop/dev/Milestone1 BSAI/checkpoint_deliverable/data/casia_interval_strips_gt/S1001R09.png,True,True,,
/Users/hrishi/Desktop/dev/Milestone1 BSAI/checkpoint_deliverable/data/CASIA-Iris-Interval/001/R/S1001R08.jpg,1001_R,1001,R,val,S1001R08,True,/Users/hrishi/Desktop/dev/Milestone1 BSAI/checkpoint_deliverable/data/casia_interval_strips/S1001R08.png,/Users/hrishi/Desktop/dev/Milestone1 BSAI/checkpoint_deliverable/data/casia_interval_strips_gt/S1001R08.png,True,True,,
/Users/hrishi/Desktop/dev/Milestone1 BSAI/checkpoint_deliverable/data/CASIA-Iris-Interval/001/L/S1001L01.jpg,1001_L,1001,L,train,S1001L01,True,/Users/hrishi/Desktop/dev/Milestone1 BSAI/checkpoint_deliverable/data/casia_interval_strips/S1001L01.png,/Users/hrishi/Desktop/dev/Milestone1 BSAI/checkpoint_deliverable/data/casia_interval_strips_gt/S1001L01.png,True,True,,
/Users/hrishi/Desktop/dev/Milestone1 BSAI/checkpoint_deliverable/data/CASIA-Iris-Interval/001/L/S1001L02.jpg,1001_L,1001,L,train,S1001L02,True,/Users/hrishi/Desktop/dev/Milestone1 BSAI/checkpoint_deliverable/data/casia_interval_strips/S1001L02.png,/Users/hrishi/Desktop/dev/Milestone1 BSAI/checkpoint_deliverable/data/casia_interval_strips_gt/S1001L02.png,True,True,,
/Users/hrishi/Desktop/dev/Milestone1 BSAI/checkpoint_deliverable/data/CASIA-Iris-Interval/001/L/S1001L03.jpg,1001_L,1001,L,train,S1001L03,True,/Users/hrishi/Desktop/dev/Milestone1 BSAI/checkpoint_deliverable/data/casia_interval_strips/S1001L03.png,/Users/hrishi/Desktop/dev/Milestone1 BSAI/checkpoint_deliverable/data/casia_interval_strips_gt/S1001L03.png,True,True,,
/Users/hrishi/Desktop/dev/Milestone1 BSAI/checkpoint_deliverable/data/CASIA-Iris-Interval/001/L/S1001L07.jpg,1001_L,1001,L,train,S1001L07,True,/Users/hrishi/Desktop/dev/Milestone1 BSAI/checkpoint_deliverable/data/casia_interval_strips/S1001L07.png,/Users/hrishi/Desktop/dev/Milestone1 BSAI/checkpoint_deliverable/data/casia_interval_strips_gt/S1001L07.png,True,True,,
/Users/hrishi/Desktop/dev/Milestone1 BSAI/checkpoint_deliverable/data/CASIA-Iris-Interval/001/L/S1001L06.jpg,1001_L,1001,L,train,S1001L06,True,/Users/hrishi/Desktop/dev/Milestone1 BSAI/checkpoint_deliverable/data/casia_interval_strips/S1001L06.png,/Users/hrishi/Desktop/dev/Milestone1 BSAI/checkpoint_deliverable/data/casia_interval_strips_gt/S1001L06.png,True,True,,
/Users/hrishi/Desktop/dev/Milestone1 BSAI/checkpoint_deliverable/data/CASIA-Iris-Interval/001/L/S1001L10.jpg,1001_L,1001,L,train,S1001L10,True,/Users/hrishi/Desktop/dev/Milestone1 BSAI/checkpoint_deliverable/data/casia_interval_strips/S1001L10.png,/Users/hrishi/Desktop/dev/Milestone1 BSAI/checkpoint_deliverable/data/casia_interval_strips_gt/S1001L10.png,True,True,,
/Users/hrishi/Desktop/dev/Milestone1 BSAI/checkpoint_deliverable/data/CASIA-Iris-Interval/001/L/S1001L04.jpg,1001_L,1001,L,train,S1001L04,True,/Users/hrishi/Desktop/dev/Milestone1 BSAI/checkpoint_deliverable/data/casia_interval_strips/S1001L04.png,/Users/hrishi/Desktop/dev/Milestone1 BSAI/checkpoint_deliverable/data/casia_interval_strips_gt/S1001L04.png,True,True,,
/Users/hrishi/Desktop/dev/Milestone1 BSAI/checkpoint_deliverable/data/CASIA-Iris-Interval/001/L/S1001L05.jpg,1001_L,1001,L,train,S1001L05,True,/Users/hrishi/Desktop/dev/Milestone1 BSAI/checkpoint_deliverable/data/casia_interval_strips/S1001L05.png,/Users/hrishi/Desktop/dev/Milestone1 BSAI/checkpoint_deliverable/data/casia_interval_strips_gt/S1001L05.png,True,True,,
/Users/hrishi/Desktop/dev/Milestone1 BSAI/checkpoint_deliverable/data/CASIA-Iris-Interval/001/L/S1001L08.jpg,1001_L,1001,L,train,S1001L08,True,/Users/hrishi/Desktop/dev/Milestone1 BSAI/checkpoint_deliverable/data/casia_interval_strips/S1001L08.png,/Users/hrishi/Desktop/dev/Milestone1 BSAI/checkpoint_deliverable/data/casia_interval_strips_gt/S1001L08.png,True,True,,
/Users/hrishi/Desktop/dev/Milestone1 BSAI/checkpoint_deliverable/data/CASIA-Iris-Interval/001/L/S1001L09.jpg,1001_L,1001,L,train,S1001L09,True,/Users/hrishi/Desktop/dev/Milestone1 BSAI/checkpoint_deliverable/data/casia_interval_strips/S1001L09.png,/Users/hrishi/Desktop/dev/Milestone1 BSAI/checkpoint_deliverable/data/casia_interval_strips_gt/S1001L09.png,True,True,,
/Users/hrishi/Desktop/dev/Milestone1 BSAI/checkpoint_deliverable/data/CASIA-Iris-Interval/233/R/S1233R04.jpg,1233_R,1233,R,train,S1233R04,True,/Users/hrishi/Desktop/dev/Milestone1 BSAI/checkpoint_deliverable/data/casia_interval_strips/S1233R04.png,/Users/hrishi/Desktop/dev/Milestone1 BSAI/checkpoint_deliverable/data/casia_interval_strips_gt/S1233R04.png,True,True,,
/Users/hrishi/Desktop/dev/Milestone1 BSAI/checkpoint_deliverable/data/CASIA-Iris-Interval/233/R/S1233R03.jpg,1233_R,1233,R,train,S1233R03,True,/Users/hrishi/Desktop/dev/Milestone1 BSAI/checkpoint_deliverable/data/casia_interval_strips/S1233R03.png,/Users/hrishi/Desktop/dev/Milestone1 BSAI/checkpoint_deliverable/data/casia_interval_strips_gt/S1233R03.png,True,True,,
/Users/hrishi/Desktop/dev/Milestone1 BSAI/checkpoint_deliverable/data/CASIA-Iris-Interval/233/R/S1233R02.jpg,1233_R,1233,R,train,S1233R02,True,/Users/hrishi/Desktop/dev/Milestone1 BSAI/checkpoint_deliverable/data/casia_interval_strips/S1233R02.png,/Users/hrishi/Desktop/dev/Milestone1 BSAI/checkpoint_deliverable/data/casia_interval_strips_gt/S1233R02.png,True,True,,
/Users/hrishi/Desktop/dev/Milestone1 BSAI/checkpoint_deliverable/data/CASIA-Iris-Interval/233/R/S1233R01.jpg,1233_R,1233,R,train,S1233R01,True,/Users/hrishi/Desktop/dev/Milestone1 BSAI/checkpoint_deliverable/data/casia_interval_strips/S1233R01.png,/Users/hrishi/Desktop/dev/Milestone1 BSAI/checkpoint_deliverable/data/casia_interval_strips_gt/S1233R01.png,True,True,,
/Users/hrishi/Desktop/dev/Milestone1 BSAI/checkpoint_deliverable/data/CASIA-Iris-Interval/039/L/S1039L05.jpg,1039_L,1039,L,train,S1039L05,True,/Users/hrishi/Desktop/dev/Milestone1 BSAI/checkpoint_deliverable/data/casia_interval_strips/S1039L05.png,/Users/hrishi/Desktop/dev/Milestone1 BSAI/checkpoint_deliverable/data/casia_interval_strips_gt/S1039L05.png,True,True,,
/Users/hrishi/Desktop/dev/Milestone1 BSAI/checkpoint_deliverable/data/CASIA-Iris-Interval/039/L/S1039L04.jpg,1039_L,1039,L,train,S1039L04,True,/Users/hrishi/Desktop/dev/Milestone1 BSAI/checkpoint_deliverable/data/casia_interval_strips/S1039L04.png,/Users/hrishi/Desktop/dev/Milestone1 BSAI/checkpoint_deliverable/data/casia_interval_strips_gt/S1039L04.png,True,True,,
/Users/hrishi/Desktop/dev/Milestone1 BSAI/checkpoint_deliverable/data/CASIA-Iris-Interval/039/L/S1039L03.jpg,1039_L,1039,L,train,S1039L03,True,/Users/hrishi/Desktop/dev/Milestone1 BSAI/checkpoint_deliverable/data/casia_interval_strips/S1039L03.png,/Users/hrishi/Desktop/dev/Milestone1 BSAI/checkpoint_deliverable/data/casia_interval_strips_gt/S1039L03.png,True,True,,
/Users/hrishi/Desktop/dev/Milestone1 BSAI/checkpoint_deliverable/data/CASIA-Iris-Interval/039/L/S1039L02.jpg,1039_L,1039,L,train,S1039L02,True,/Users/hrishi/Desktop/dev/Milestone1 BSAI/checkpoint_deliverable/data/casia_interval_strips/S1039L02.png,/Users/hrishi/Desktop/dev/Milestone1 BSAI/checkpoint_deliverable/data/casia_interval_strips_gt/S1039L02.png,True,True,,
/Users/hrishi/Desktop/dev/Milestone1 BSAI/checkpoint_deliverable/data/CASIA-Iris-Interval/039/L/S1039L01.jpg,1039_L,1039,L,train,S1039L01,True,/Users/hrishi/Desktop/dev/Milestone1 BSAI/checkpoint_deliverable/data/casia_interval_strips/S1039L01.png,/Users/hrishi/Desktop/dev/Milestone1 BSAI/checkpoint_deliverable/data/casia_interval_strips_gt/S1039L01.png,True,True,,
/Users/hrishi/Desktop/dev/Milestone1 BSAI/checkpoint_deliverable/data/CASIA-Iris-Interval/234/R/S1234R05.jpg,1234_R,1234,R,train,S1234R05,True,/Users/hrishi/Desktop/dev/Milestone1 BSAI/checkpoint_deliverable/data/casia_interval_strips/S1234R05.png,/Users/hrishi/Desktop/dev/Milestone1 BSAI/checkpoint_deliverable/data/casia_interval_strips_gt/S1234R05.png,True,True,,
/Users/hrishi/Desktop/dev/Milestone1 BSAI/checkpoint_deliverable/data/CASIA-Iris-Interval/234/R/S1234R04.jpg,1234_R,1234,R,train,S1234R04,True,/Users/hrishi/Desktop/dev/Milestone1 BSAI/checkpoint_deliverable/data/casia_interval_strips/S1234R04.png,/Users/hrishi/Desktop/dev/Milestone1 BSAI/checkpoint_deliverable/data/casia_interval_strips_gt/S1234R04.png,True,True,,
/Users/hrishi/Desktop/dev/Milestone1 BSAI/checkpoint_deliverable/data/CASIA-Iris-Interval/234/R/S1234R06.jpg,1234_R,1234,R,train,S1234R06,True,/Users/hrishi/Desktop/dev/Milestone1 BSAI/checkpoint_deliverable/data/casia_interval_strips/S1234R06.png,/Users/hrishi/Desktop/dev/Milestone1 BSAI/checkpoint_deliverable/data/casia_interval_strips_gt/S1234R06.png,True,True,,
/Users/hrishi/Desktop/dev/Milestone1 BSAI/checkpoint_deliverable/data/CASIA-Iris-Interval/234/R/S1234R03.jpg,1234_R,1234,R,train,S1234R03,True,/Users/hrishi/Desktop/dev/Milestone1 BSAI/checkpoint_deliverable/data/casia_interval_strips/S1234R03.png,/Users/hrishi/Desktop/dev/Milestone1 BSAI/checkpoint_deliverable/data/casia_interval_strips_gt/S1234R03.png,True,True,,
/Users/hrishi/Desktop/dev/Milestone1 BSAI/checkpoint_deliverable/data/CASIA-Iris-Interval/234/R/S1234R02.jpg,1234_R,1234,R,train,S1234R02,True,/Users/hrishi/Desktop/dev/Milestone1 BSAI/checkpoint_deliverable/data/casia_interval_strips/S1234R02.png,/Users/hrishi/Desktop/dev/Milestone1 BSAI/checkpoint_deliverable/data/casia_interval_strips_gt/S1234R02.png,True,True,,
/Users/hrishi/Desktop/dev/Milestone1 BSAI/checkpoint_deliverable/data/CASIA-Iris-Interval/234/R/S1234R01.jpg,1234_R,1234,R,train,S1234R01,True,/Users/hrishi/Desktop/dev/Milestone1 BSAI/checkpoint_deliverable/data/casia_interval_strips/S1234R01.png,/Users/hrishi/Desktop/dev/Milestone1 BSAI/checkpoint_deliverable/data/casia_interval_strips_gt/S1234R01.png,True,True,,
/Users/hrishi/Desktop/dev/Milestone1 BSAI/checkpoint_deliverable/data/CASIA-Iris-Interval/006/R/S1006R06.jpg,1006_R,1006,R,train,S1006R06,True,/Users/hrishi/Desktop/dev/Milestone1 BSAI/checkpoint_deliverable/data/casia_interval_strips/S1006R06.png,/Users/hrishi/Desktop/dev/Milestone1 BSAI/checkpoint_deliverable/data/casia_interval_strips_gt/S1006R06.png,True,True,,
/Users/hrishi/Desktop/dev/Milestone1 BSAI/checkpoint_deliverable/data/CASIA-Iris-Interval/006/R/S1006R07.jpg,1006_R,1006,R,train,S1006R07,True,/Users/hrishi/Desktop/dev/Milestone1 BSAI/checkpoint_deliverable/data/casia_interval_strips/S1006R07.png,/Users/hrishi/Desktop/dev/Milestone1 BSAI/checkpoint_deliverable/data/casia_interval_strips_gt/S1006R07.png,True,True,,
/Users/hrishi/Desktop/dev/Milestone1 BSAI/checkpoint_deliverable/data/CASIA-Iris-Interval/006/R/S1006R05.jpg,1006_R,1006,R,train,S1006R05,True,/Users/hrishi/Desktop/dev/Milestone1 BSAI/checkpoint_deliverable/data/casia_interval_strips/S1006R05.png,/Users/hrishi/Desktop/dev/Milestone1 BSAI/checkpoint_deliverable/data/casia_interval_strips_gt/S1006R05.png,True,True,,
/Users/hrishi/Desktop/dev/Milestone1 BSAI/checkpoint_deliverable/data/CASIA-Iris-Interval/006/R/S1006R04.jpg,1006_R,1006,R,train,S1006R04,True,/Users/hrishi/Desktop/dev/Milestone1 BSAI/checkpoint_deliverable/data/casia_interval_strips/S1006R04.png,/Users/hrishi/Desktop/dev/Milestone1 BSAI/checkpoint_deliverable/data/casia_interval_strips_gt/S1006R04.png,True,True,,
/Users/hrishi/Desktop/dev/Milestone1 BSAI/checkpoint_deliverable/data/CASIA-Iris-Interval/006/R/S1006R01.jpg,1006_R,1006,R,train,S1006R01,True,/Users/hrishi/Desktop/dev/Milestone1 BSAI/checkpoint_deliverable/data/casia_interval_strips/S1006R01.png,/Users/hrishi/Desktop/dev/Milestone1 BSAI/checkpoint_deliverable/data/casia_interval_strips_gt/S1006R01.png,True,True,,
/Users/hrishi/Desktop/dev/Milestone1 BSAI/checkpoint_deliverable/data/CASIA-Iris-Interval/006/R/S1006R03.jpg,1006_R,1006,R,train,S1006R03,True,/Users/hrishi/Desktop/dev/Milestone1 BSAI/checkpoint_deliverable/data/casia_interval_strips/S1006R03.png,/Users/hrishi/Desktop/dev/Milestone1 BSAI/checkpoint_deliverable/data/casia_interval_strips_gt/S1006R03.png,True,True,,
/Users/hrishi/Desktop/dev/Milestone1 BSAI/checkpoint_deliverable/data/CASIA-Iris-Interval/006/R/S1006R02.jpg,1006_R,1006,R,train,S1006R02,True,/Users/hrishi/Desktop/dev/Milestone1 BSAI/checkpoint_deliverable/data/casia_interval_strips/S1006R02.png,/Users/hrishi/Desktop/dev/Milestone1 BSAI/checkpoint_deliverable/data/casia_interval_strips_gt/S1006R02.png,True,True,,
/Users/hrishi/Desktop/dev/Milestone1 BSAI/checkpoint_deliverable/data/CASIA-Iris-Interval/174/L/S1174L06.jpg,1174_L,1174,L,train,S1174L06,True,/Users/hrishi/Desktop/dev/Milestone1 BSAI/checkpoint_deliverable/data/casia_interval_strips/S1174L06.png,/Users/hrishi/Desktop/dev/Milestone1 BSAI/checkpoint_deliverable/data/casia_interval_strips_gt/S1174L06.png,True,True,,
/Users/hrishi/Desktop/dev/Milestone1 BSAI/checkpoint_deliverable/data/CASIA-Iris-Interval/174/L/S1174L05.jpg,1174_L,1174,L,train,S1174L05,True,/Users/hrishi/Desktop/dev/Milestone1 BSAI/checkpoint_deliverable/data/casia_interval_strips/S1174L05.png,/Users/hrishi/Desktop/dev/Milestone1 BSAI/checkpoint_deliverable/data/casia_interval_strips_gt/S1174L05.png,True,True,,
/Users/hrishi/Desktop/dev/Milestone1 BSAI/checkpoint_deliverable/data/CASIA-Iris-Interval/174/L/S1174L04.jpg,1174_L,1174,L,train,S1174L04,True,/Users/hrishi/Desktop/dev/Milestone1 BSAI/checkpoint_deliverable/data/casia_interval_strips/S1174L04.png,/Users/hrishi/Desktop/dev/Milestone1 BSAI/checkpoint_deliverable/data/casia_interval_strips_gt/S1174L04.png,True,True,,
/Users/hrishi/Desktop/dev/Milestone1 BSAI/checkpoint_deliverable/data/CASIA-Iris-Interval/174/L/S1174L01.jpg,1174_L,1174,L,train,S1174L01,True,/Users/hrishi/Desktop/dev/Milestone1 BSAI/checkpoint_deliverable/data/casia_interval_strips/S1174L01.png,/Users/hrishi/Desktop/dev/Milestone1 BSAI/checkpoint_deliverable/data/casia_interval_strips_gt/S1174L01.png,True,True,,
/Users/hrishi/Desktop/dev/Milestone1 BSAI/checkpoint_deliverable/data/CASIA-Iris-Interval/174/L/S1174L03.jpg,1174_L,1174,L,train,S1174L03,True,/Users/hrishi/Desktop/dev/Milestone1 BSAI/checkpoint_deliverable/data/casia_interval_strips/S1174L03.png,/Users/hrishi/Desktop/dev/Milestone1 BSAI/checkpoint_deliverable/data/casia_interval_strips_gt/S1174L03.png,True,True,,
/Users/hrishi/Desktop/dev/Milestone1 BSAI/checkpoint_deliverable/data/CASIA-Iris-Interval/174/L/S1174L02.jpg,1174_L,1174,L,train,S1174L02,True,/Users/hrishi/Desktop/dev/Milestone1 BSAI/checkpoint_deliverable/data/casia_interval_strips/S1174L02.png,/Users/hrishi/Desktop/dev/Milestone1 BSAI/checkpoint_deliverable/data/casia_interval_strips_gt/S1174L02.png,True,True,,
/Users/hrishi/Desktop/dev/Milestone1 BSAI/checkpoint_deliverable/data/CASIA-Iris-Interval/180/R/S1180R02.jpg,1180_R,1180,R,test,S1180R02,True,/Users/hrishi/Desktop/dev/Milestone1 BSAI/checkpoint_deliverable/data/casia_interval_strips/S1180R02.png,/Users/hrishi/Desktop/dev/Milestone1 BSAI/checkpoint_deliverable/data/casia_interval_strips_gt/S1180R02.png,True,True,,
/Users/hrishi/Desktop/dev/Milestone1 BSAI/checkpoint_deliverable/data/CASIA-Iris-Interval/180/R/S1180R03.jpg,1180_R,1180,R,test,S1180R03,True,/Users/hrishi/Desktop/dev/Milestone1 BSAI/checkpoint_deliverable/data/casia_interval_strips/S1180R03.png,/Users/hrishi/Desktop/dev/Milestone1 BSAI/checkpoint_deliverable/data/casia_interval_strips_gt/S1180R03.png,True,True,,
/Users/hrishi/Desktop/dev/Milestone1 BSAI/checkpoint_deliverable/data/CASIA-Iris-Interval/180/R/S1180R01.jpg,1180_R,1180,R,test,S1180R01,True,/Users/hrishi/Desktop/dev/Milestone1 BSAI/checkpoint_deliverable/data/casia_interval_strips/S1180R01.png,/Users/hrishi/Desktop/dev/Milestone1 BSAI/checkpoint_deliverable/data/casia_interval_strips_gt/S1180R01.png,True,True,,
/Users/hrishi/Desktop/dev/Milestone1 BSAI/checkpoint_deliverable/data/CASIA-Iris-Interval/180/R/S1180R04.jpg,1180_R,1180,R,test,S1180R04,True,/Users/hrishi/Desktop/dev/Milestone1 BSAI/checkpoint_deliverable/data/casia_interval_strips/S1180R04.png,/Users/hrishi/Desktop/dev/Milestone1 BSAI/checkpoint_deliverable/data/casia_interval_strips_gt/S1180R04.png,True,True,,
/Users/hrishi/Desktop/dev/Milestone1 BSAI/checkpoint_deliverable/data/CASIA-Iris-Interval/180/R/S1180R05.jpg,1180_R,1180,R,test,S1180R05,True,/Users/hrishi/Desktop/dev/Milestone1 BSAI/checkpoint_deliverable/data/casia_interval_strips/S1180R05.png,/Users/hrishi/Desktop/dev/Milestone1 BSAI/checkpoint_deliverable/data/casia_interval_strips_gt/S1180R05.png,True,True,,
/Users/hrishi/Desktop/dev/Milestone1 BSAI/checkpoint_deliverable/data/CASIA-Iris-Interval/180/R/S1180R06.jpg,1180_R,1180,R,test,S1180R06,True,/Users/hrishi/Desktop/dev/Milestone1 BSAI/checkpoint_deliverable/data/casia_interval_strips/S1180R06.png,/Users/hrishi/Desktop/dev/Milestone1 BSAI/checkpoint_deliverable/data/casia_interval_strips_gt/S1180R06.png,True,True,,
/Users/hrishi/Desktop/dev/Milestone1 BSAI/checkpoint_deliverable/data/CASIA-Iris-Interval/187/R/S1187R02.jpg,1187_R,1187,R,test,S1187R02,True,/Users/hrishi/Desktop/dev/Milestone1 BSAI/checkpoint_deliverable/data/casia_interval_strips/S1187R02.png,/Users/hrishi/Desktop/dev/Milestone1 BSAI/checkpoint_deliverable/data/casia_interval_strips_gt/S1187R02.png,True,True,,
/Users/hrishi/Desktop/dev/Milestone1 BSAI/checkpoint_deliverable/data/CASIA-Iris-Interval/187/R/S1187R03.jpg,1187_R,1187,R,test,S1187R03,True,/Users/hrishi/Desktop/dev/Milestone1 BSAI/checkpoint_deliverable/data/casia_interval_strips/S1187R03.png,/Users/hrishi/Desktop/dev/Milestone1 BSAI/checkpoint_deliverable/data/casia_interval_strips_gt/S1187R03.png,True,True,,
/Users/hrishi/Desktop/dev/Milestone1 BSAI/checkpoint_deliverable/data/CASIA-Iris-Interval/187/R/S1187R01.jpg,1187_R,1187,R,test,S1187R01,True,/Users/hrishi/Desktop/dev/Milestone1 BSAI/checkpoint_deliverable/data/casia_interval_strips/S1187R01.png,/Users/hrishi/Desktop/dev/Milestone1 BSAI/checkpoint_deliverable/data/casia_interval_strips_gt/S1187R01.png,True,True,,
/Users/hrishi/Desktop/dev/Milestone1 BSAI/checkpoint_deliverable/data/CASIA-Iris-Interval/187/R/S1187R04.jpg,1187_R,1187,R,test,S1187R04,True,/Users/hrishi/Desktop/dev/Milestone1 BSAI/checkpoint_deliverable/data/casia_interval_strips/S1187R04.png,/Users/hrishi/Desktop/dev/Milestone1 BSAI/checkpoint_deliverable/data/casia_interval_strips_gt/S1187R04.png,True,True,,
/Users/hrishi/Desktop/dev/Milestone1 BSAI/checkpoint_deliverable/data/CASIA-Iris-Interval/187/R/S1187R05.jpg,1187_R,1187,R,test,S1187R05,True,/Users/hrishi/Desktop/dev/Milestone1 BSAI/checkpoint_deliverable/data/casia_interval_strips/S1187R05.png,/Users/hrishi/Desktop/dev/Milestone1 BSAI/checkpoint_deliverable/data/casia_interval_strips_gt/S1187R05.png,True,True,,
/Users/hrishi/Desktop/dev/Milestone1 BSAI/checkpoint_deliverable/data/CASIA-Iris-Interval/187/R/S1187R07.jpg,1187_R,1187,R,test,S1187R07,True,/Users/hrishi/Desktop/dev/Milestone1 BSAI/checkpoint_deliverable/data/casia_interval_strips/S1187R07.png,/Users/hrishi/Desktop/dev/Milestone1 BSAI/checkpoint_deliverable/data/casia_interval_strips_gt/S1187R07.png,True,True,,
/Users/hrishi/Desktop/dev/Milestone1 BSAI/checkpoint_deliverable/data/CASIA-Iris-Interval/187/R/S1187R06.jpg,1187_R,1187,R,test,S1187R06,True,/Users/hrishi/Desktop/dev/Milestone1 BSAI/checkpoint_deliverable/data/casia_interval_strips/S1187R06.png,/Users/hrishi/Desktop/dev/Milestone1 BSAI/checkpoint_deliverable/data/casia_interval_strips_gt/S1187R06.png,True,True,,
/Users/hrishi/Desktop/dev/Milestone1 BSAI/checkpoint_deliverable/data/CASIA-Iris-Interval/173/R/S1173R01.jpg,1173_R,1173,R,train,S1173R01,True,/Users/hrishi/Desktop/dev/Milestone1 BSAI/checkpoint_deliverable/data/casia_interval_strips/S1173R01.png,/Users/hrishi/Desktop/dev/Milestone1 BSAI/checkpoint_deliverable/data/casia_interval_strips_gt/S1173R01.png,True,True,,
/Users/hrishi/Desktop/dev/Milestone1 BSAI/checkpoint_deliverable/data/CASIA-Iris-Interval/173/R/S1173R02.jpg,1173_R,1173,R,train,S1173R02,True,/Users/hrishi/Desktop/dev/Milestone1 BSAI/checkpoint_deliverable/data/casia_interval_strips/S1173R02.png,/Users/hrishi/Desktop/dev/Milestone1 BSAI/checkpoint_deliverable/data/casia_interval_strips_gt/S1173R02.png,True,True,,
/Users/hrishi/Desktop/dev/Milestone1 BSAI/checkpoint_deliverable/data/CASIA-Iris-Interval/173/R/S1173R03.jpg,1173_R,1173,R,train,S1173R03,True,/Users/hrishi/Desktop/dev/Milestone1 BSAI/checkpoint_deliverable/data/casia_interval_strips/S1173R03.png,/Users/hrishi/Desktop/dev/Milestone1 BSAI/checkpoint_deliverable/data/casia_interval_strips_gt/S1173R03.png,True,True,,
/Users/hrishi/Desktop/dev/Milestone1 BSAI/checkpoint_deliverable/data/CASIA-Iris-Interval/173/R/S1173R07.jpg,1173_R,1173,R,train,S1173R07,True,/Users/hrishi/Desktop/dev/Milestone1 BSAI/checkpoint_deliverable/data/casia_interval_strips/S1173R07.png,/Users/hrishi/Desktop/dev/Milestone1 BSAI/checkpoint_deliverable/data/casia_interval_strips_gt/S1173R07.png,True,True,,
/Users/hrishi/Desktop/dev/Milestone1 BSAI/checkpoint_deliverable/data/CASIA-Iris-Interval/173/R/S1173R06.jpg,1173_R,1173,R,train,S1173R06,True,/Users/hrishi/Desktop/dev/Milestone1 BSAI/checkpoint_deliverable/data/casia_interval_strips/S1173R06.png,/Users/hrishi/Desktop/dev/Milestone1 BSAI/checkpoint_deliverable/data/casia_interval_strips_gt/S1173R06.png,True,True,,
/Users/hrishi/Desktop/dev/Milestone1 BSAI/checkpoint_deliverable/data/CASIA-Iris-Interval/173/R/S1173R04.jpg,1173_R,1173,R,train,S1173R04,True,/Users/hrishi/Desktop/dev/Milestone1 BSAI/checkpoint_deliverable/data/casia_interval_strips/S1173R04.png,/Users/hrishi/Desktop/dev/Milestone1 BSAI/checkpoint_deliverable/data/casia_interval_strips_gt/S1173R04.png,True,True,,
/Users/hrishi/Desktop/dev/Milestone1 BSAI/checkpoint_deliverable/data/CASIA-Iris-Interval/173/R/S1173R05.jpg,1173_R,1173,R,train,S1173R05,True,/Users/hrishi/Desktop/dev/Milestone1 BSAI/checkpoint_deliverable/data/casia_interval_strips/S1173R05.png,/Users/hrishi/Desktop/dev/Milestone1 BSAI/checkpoint_deliverable/data/casia_interval_strips_gt/S1173R05.png,True,True,,
/Users/hrishi/Desktop/dev/Milestone1 BSAI/checkpoint_deliverable/data/CASIA-Iris-Interval/145/R/S1145R01.jpg,1145_R,1145,R,train,S1145R01,True,/Users/hrishi/Desktop/dev/Milestone1 BSAI/checkpoint_deliverable/data/casia_interval_strips/S1145R01.png,/Users/hrishi/Desktop/dev/Milestone1 BSAI/checkpoint_deliverable/data/casia_interval_strips_gt/S1145R01.png,True,True,,
/Users/hrishi/Desktop/dev/Milestone1 BSAI/checkpoint_deliverable/data/CASIA-Iris-Interval/145/R/S1145R03.jpg,1145_R,1145,R,train,S1145R03,True,/Users/hrishi/Desktop/dev/Milestone1 BSAI/checkpoint_deliverable/data/casia_interval_strips/S1145R03.png,/Users/hrishi/Desktop/dev/Milestone1 BSAI/checkpoint_deliverable/data/casia_interval_strips_gt/S1145R03.png,True,True,,
/Users/hrishi/Desktop/dev/Milestone1 BSAI/checkpoint_deliverable/data/CASIA-Iris-Interval/145/R/S1145R02.jpg,1145_R,1145,R,train,S1145R02,True,/Users/hrishi/Desktop/dev/Milestone1 BSAI/checkpoint_deliverable/data/casia_interval_strips/S1145R02.png,/Users/hrishi/Desktop/dev/Milestone1 BSAI/checkpoint_deliverable/data/casia_interval_strips_gt/S1145R02.png,True,True,,
/Users/hrishi/Desktop/dev/Milestone1 BSAI/checkpoint_deliverable/data/CASIA-Iris-Interval/145/R/S1145R06.jpg,1145_R,1145,R,train,S1145R06,True,/Users/hrishi/Desktop/dev/Milestone1 BSAI/checkpoint_deliverable/data/casia_interval_strips/S1145R06.png,/Users/hrishi/Desktop/dev/Milestone1 BSAI/checkpoint_deliverable/data/casia_interval_strips_gt/S1145R06.png,True,True,,
/Users/hrishi/Desktop/dev/Milestone1 BSAI/checkpoint_deliverable/data/CASIA-Iris-Interval/145/R/S1145R07.jpg,1145_R,1145,R,train,S1145R07,True,/Users/hrishi/Desktop/dev/Milestone1 BSAI/checkpoint_deliverable/data/casia_interval_strips/S1145R07.png,/Users/hrishi/Desktop/dev/Milestone1 BSAI/checkpoint_deliverable/data/casia_interval_strips_gt/S1145R07.png,True,True,,
/Users/hrishi/Desktop/dev/Milestone1 BSAI/checkpoint_deliverable/data/CASIA-Iris-Interval/145/R/S1145R05.jpg,1145_R,1145,R,train,S1145R05,True,/Users/hrishi/Desktop/dev/Milestone1 BSAI/checkpoint_deliverable/data/casia_interval_strips/S1145R05.png,/Users/hrishi/Desktop/dev/Milestone1 BSAI/checkpoint_deliverable/data/casia_interval_strips_gt/S1145R05.png,True,True,,
/Users/hrishi/Desktop/dev/Milestone1 BSAI/checkpoint_deliverable/data/CASIA-Iris-Interval/145/R/S1145R04.jpg,1145_R,1145,R,train,S1145R04,True,/Users/hrishi/Desktop/dev/Milestone1 BSAI/checkpoint_deliverable/data/casia_interval_strips/S1145R04.png,/Users/hrishi/Desktop/dev/Milestone1 BSAI/checkpoint_deliverable/data/casia_interval_strips_gt/S1145R04.png,True,True,,
/Users/hrishi/Desktop/dev/Milestone1 BSAI/checkpoint_deliverable/data/CASIA-Iris-Interval/145/L/S1145L07.jpg,1145_L,1145,L,train,S1145L07,True,/Users/hrishi/Desktop/dev/Milestone1 BSAI/checkpoint_deliverable/data/casia_interval_strips/S1145L07.png,/Users/hrishi/Desktop/dev/Milestone1 BSAI/checkpoint_deliverable/data/casia_interval_strips_gt/S1145L07.png,True,True,,
/Users/hrishi/Desktop/dev/Milestone1 BSAI/checkpoint_deliverable/data/CASIA-Iris-Interval/145/L/S1145L06.jpg,1145_L,1145,L,train,S1145L06,True,/Users/hrishi/Desktop/dev/Milestone1 BSAI/checkpoint_deliverable/data/casia_interval_strips/S1145L06.png,/Users/hrishi/Desktop/dev/Milestone1 BSAI/checkpoint_deliverable/data/casia_interval_strips_gt/S1145L06.png,True,True,,
/Users/hrishi/Desktop/dev/Milestone1 BSAI/checkpoint_deliverable/data/CASIA-Iris-Interval/145/L/S1145L04.jpg,1145_L,1145,L,train,S1145L04,True,/Users/hrishi/Desktop/dev/Milestone1 BSAI/checkpoint_deliverable/data/casia_interval_strips/S1145L04.png,/Users/hrishi/Desktop/dev/Milestone1 BSAI/checkpoint_deliverable/data/casia_interval_strips_gt/S1145L04.png,True,True,,
/Users/hrishi/Desktop/dev/Milestone1 BSAI/checkpoint_deliverable/data/CASIA-Iris-Interval/145/L/S1145L05.jpg,1145_L,1145,L,train,S1145L05,True,/Users/hrishi/Desktop/dev/Milestone1 BSAI/checkpoint_deliverable/data/casia_interval_strips/S1145L05.png,/Users/hrishi/Desktop/dev/Milestone1 BSAI/checkpoint_deliverable/data/casia_interval_strips_gt/S1145L05.png,True,True,,
/Users/hrishi/Desktop/dev/Milestone1 BSAI/checkpoint_deliverable/data/CASIA-Iris-Interval/145/L/S1145L01.jpg,1145_L,1145,L,train,S1145L01,True,/Users/hrishi/Desktop/dev/Milestone1 BSAI/checkpoint_deliverable/data/casia_interval_strips/S1145L01.png,/Users/hrishi/Desktop/dev/Milestone1 BSAI/checkpoint_deliverable/data/casia_interval_strips_gt/S1145L01.png,True,True,,
/Users/hrishi/Desktop/dev/Milestone1 BSAI/checkpoint_deliverable/data/CASIA-Iris-Interval/145/L/S1145L02.jpg,1145_L,1145,L,train,S1145L02,True,/Users/hrishi/Desktop/dev/Milestone1 BSAI/checkpoint_deliverable/data/casia_interval_strips/S1145L02.png,/Users/hrishi/Desktop/dev/Milestone1 BSAI/checkpoint_deliverable/data/casia_interval_strips_gt/S1145L02.png,True,True,,
/Users/hrishi/Desktop/dev/Milestone1 BSAI/checkpoint_deliverable/data/CASIA-Iris-Interval/145/L/S1145L03.jpg,1145_L,1145,L,train,S1145L03,True,/Users/hrishi/Desktop/dev/Milestone1 BSAI/checkpoint_deliverable/data/casia_interval_strips/S1145L03.png,/Users/hrishi/Desktop/dev/Milestone1 BSAI/checkpoint_deliverable/data/casia_interval_strips_gt/S1145L03.png,True,True,,
/Users/hrishi/Desktop/dev/Milestone1 BSAI/checkpoint_deliverable/data/CASIA-Iris-Interval/142/R/S1142R01.jpg,1142_R,1142,R,train,S1142R01,True,/Users/hrishi/Desktop/dev/Milestone1 BSAI/checkpoint_deliverable/data/casia_interval_strips/S1142R01.png,/Users/hrishi/Desktop/dev/Milestone1 BSAI/checkpoint_deliverable/data/casia_interval_strips_gt/S1142R01.png,True,True,,
/Users/hrishi/Desktop/dev/Milestone1 BSAI/checkpoint_deliverable/data/CASIA-Iris-Interval/142/R/S1142R03.jpg,1142_R,1142,R,train,S1142R03,True,/Users/hrishi/Desktop/dev/Milestone1 BSAI/checkpoint_deliverable/data/casia_interval_strips/S1142R03.png,/Users/hrishi/Desktop/dev/Milestone1 BSAI/checkpoint_deliverable/data/casia_interval_strips_gt/S1142R03.png,True,True,,
/Users/hrishi/Desktop/dev/Milestone1 BSAI/checkpoint_deliverable/data/CASIA-Iris-Interval/142/R/S1142R02.jpg,1142_R,1142,R,train,S1142R02,True,/Users/hrishi/Desktop/dev/Milestone1 BSAI/checkpoint_deliverable/data/casia_interval_strips/S1142R02.png,/Users/hrishi/Desktop/dev/Milestone1 BSAI/checkpoint_deliverable/data/casia_interval_strips_gt/S1142R02.png,True,True,,
/Users/hrishi/Desktop/dev/Milestone1 BSAI/checkpoint_deliverable/data/CASIA-Iris-Interval/142/R/S1142R06.jpg,1142_R,1142,R,train,S1142R06,True,/Users/hrishi/Desktop/dev/Milestone1 BSAI/checkpoint_deliverable/data/casia_interval_strips/S1142R06.png,/Users/hrishi/Desktop/dev/Milestone1 BSAI/checkpoint_deliverable/data/casia_interval_strips_gt/S1142R06.png,True,True,,
/Users/hrishi/Desktop/dev/Milestone1 BSAI/checkpoint_deliverable/data/CASIA-Iris-Interval/142/R/S1142R07.jpg,1142_R,1142,R,train,S1142R07,True,/Users/hrishi/Desktop/dev/Milestone1 BSAI/checkpoint_deliverable/data/casia_interval_strips/S1142R07.png,/Users/hrishi/Desktop/dev/Milestone1 BSAI/checkpoint_deliverable/data/casia_interval_strips_gt/S1142R07.png,True,True,,
/Users/hrishi/Desktop/dev/Milestone1 BSAI/checkpoint_deliverable/data/CASIA-Iris-Interval/142/R/S1142R05.jpg,1142_R,1142,R,train,S1142R05,True,/Users/hrishi/Desktop/dev/Milestone1 BSAI/checkpoint_deliverable/data/casia_interval_strips/S1142R05.png,/Users/hrishi/Desktop/dev/Milestone1 BSAI/checkpoint_deliverable/data/casia_interval_strips_gt/S1142R05.png,True,True,,
/Users/hrishi/Desktop/dev/Milestone1 BSAI/checkpoint_deliverable/data/CASIA-Iris-Interval/142/R/S1142R04.jpg,1142_R,1142,R,train,S1142R04,True,/Users/hrishi/Desktop/dev/Milestone1 BSAI/checkpoint_deliverable/data/casia_interval_strips/S1142R04.png,/Users/hrishi/Desktop/dev/Milestone1 BSAI/checkpoint_deliverable/data/casia_interval_strips_gt/S1142R04.png,True,True,,
/Users/hrishi/Desktop/dev/Milestone1 BSAI/checkpoint_deliverable/data/CASIA-Iris-Interval/142/L/S1142L07.jpg,1142_L,1142,L,test,S1142L07,True,/Users/hrishi/Desktop/dev/Milestone1 BSAI/checkpoint_deliverable/data/casia_interval_strips/S1142L07.png,/Users/hrishi/Desktop/dev/Milestone1 BSAI/checkpoint_deliverable/data/casia_interval_strips_gt/S1142L07.png,True,True,,
/Users/hrishi/Desktop/dev/Milestone1 BSAI/checkpoint_deliverable/data/CASIA-Iris-Interval/142/L/S1142L06.jpg,1142_L,1142,L,test,S1142L06,True,/Users/hrishi/Desktop/dev/Milestone1 BSAI/checkpoint_deliverable/data/casia_interval_strips/S1142L06.png,/Users/hrishi/Desktop/dev/Milestone1 BSAI/checkpoint_deliverable/data/casia_interval_strips_gt/S1142L06.png,True,True,,
/Users/hrishi/Desktop/dev/Milestone1 BSAI/checkpoint_deliverable/data/CASIA-Iris-Interval/142/L/S1142L04.jpg,1142_L,1142,L,test,S1142L04,True,/Users/hrishi/Desktop/dev/Milestone1 BSAI/checkpoint_deliverable/data/casia_interval_strips/S1142L04.png,/Users/hrishi/Desktop/dev/Milestone1 BSAI/checkpoint_deliverable/data/casia_interval_strips_gt/S1142L04.png,True,True,,
/Users/hrishi/Desktop/dev/Milestone1 BSAI/checkpoint_deliverable/data/CASIA-Iris-Interval/142/L/S1142L05.jpg,1142_L,1142,L,test,S1142L05,True,/Users/hrishi/Desktop/dev/Milestone1 BSAI/checkpoint_deliverable/data/casia_interval_strips/S1142L05.png,/Users/hrishi/Desktop/dev/Milestone1 BSAI/checkpoint_deliverable/data/casia_interval_strips_gt/S1142L05.png,True,True,,
/Users/hrishi/Desktop/dev/Milestone1 BSAI/checkpoint_deliverable/data/CASIA-Iris-Interval/142/L/S1142L01.jpg,1142_L,1142,L,test,S1142L01,True,/Users/hrishi/Desktop/dev/Milestone1 BSAI/checkpoint_deliverable/data/casia_interval_strips/S1142L01.png,/Users/hrishi/Desktop/dev/Milestone1 BSAI/checkpoint_deliverable/data/casia_interval_strips_gt/S1142L01.png,True,True,,
/Users/hrishi/Desktop/dev/Milestone1 BSAI/checkpoint_deliverable/data/CASIA-Iris-Interval/142/L/S1142L02.jpg,1142_L,1142,L,test,S1142L02,True,/Users/hrishi/Desktop/dev/Milestone1 BSAI/checkpoint_deliverable/data/casia_interval_strips/S1142L02.png,/Users/hrishi/Desktop/dev/Milestone1 BSAI/checkpoint_deliverable/data/casia_interval_strips_gt/S1142L02.png,True,True,,
/Users/hrishi/Desktop/dev/Milestone1 BSAI/checkpoint_deliverable/data/CASIA-Iris-Interval/142/L/S1142L03.jpg,1142_L,1142,L,test,S1142L03,True,/Users/hrishi/Desktop/dev/Milestone1 BSAI/checkpoint_deliverable/data/casia_interval_strips/S1142L03.png,/Users/hrishi/Desktop/dev/Milestone1 BSAI/checkpoint_deliverable/data/casia_interval_strips_gt/S1142L03.png,True,True,,
/Users/hrishi/Desktop/dev/Milestone1 BSAI/checkpoint_deliverable/data/CASIA-Iris-Interval/189/L/S1189L01.jpg,1189_L,1189,L,train,S1189L01,True,/Users/hrishi/Desktop/dev/Milestone1 BSAI/checkpoint_deliverable/data/casia_interval_strips/S1189L01.png,/Users/hrishi/Desktop/dev/Milestone1 BSAI/checkpoint_deliverable/data/casia_interval_strips_gt/S1189L01.png,True,True,,
/Users/hrishi/Desktop/dev/Milestone1 BSAI/checkpoint_deliverable/data/CASIA-Iris-Interval/129/R/S1129R07.jpg,1129_R,1129,R,train,S1129R07,True,/Users/hrishi/Desktop/dev/Milestone1 BSAI/checkpoint_deliverable/data/casia_interval_strips/S1129R07.png,/Users/hrishi/Desktop/dev/Milestone1 BSAI/checkpoint_deliverable/data/casia_interval_strips_gt/S1129R07.png,True,True,,
/Users/hrishi/Desktop/dev/Milestone1 BSAI/checkpoint_deliverable/data/CASIA-Iris-Interval/129/R/S1129R06.jpg,1129_R,1129,R,train,S1129R06,True,/Users/hrishi/Desktop/dev/Milestone1 BSAI/checkpoint_deliverable/data/casia_interval_strips/S1129R06.png,/Users/hrishi/Desktop/dev/Milestone1 BSAI/checkpoint_deliverable/data/casia_interval_strips_gt/S1129R06.png,True,True,,
/Users/hrishi/Desktop/dev/Milestone1 BSAI/checkpoint_deliverable/data/CASIA-Iris-Interval/129/R/S1129R04.jpg,1129_R,1129,R,train,S1129R04,True,/Users/hrishi/Desktop/dev/Milestone1 BSAI/checkpoint_deliverable/data/casia_interval_strips/S1129R04.png,/Users/hrishi/Desktop/dev/Milestone1 BSAI/checkpoint_deliverable/data/casia_interval_strips_gt/S1129R04.png,True,True,,
/Users/hrishi/Desktop/dev/Milestone1 BSAI/checkpoint_deliverable/data/CASIA-Iris-Interval/129/R/S1129R05.jpg,1129_R,1129,R,train,S1129R05,True,/Users/hrishi/Desktop/dev/Milestone1 BSAI/checkpoint_deliverable/data/casia_interval_strips/S1129R05.png,/Users/hrishi/Desktop/dev/Milestone1 BSAI/checkpoint_deliverable/data/casia_interval_strips_gt/S1129R05.png,True,True,,
/Users/hrishi/Desktop/dev/Milestone1 BSAI/checkpoint_deliverable/data/CASIA-Iris-Interval/129/R/S1129R01.jpg,1129_R,1129,R,train,S1129R01,True,/Users/hrishi/Desktop/dev/Milestone1 BSAI/checkpoint_deliverable/data/casia_interval_strips/S1129R01.png,/Users/hrishi/Desktop/dev/Milestone1 BSAI/checkpoint_deliverable/data/casia_interval_strips_gt/S1129R01.png,True,True,,
/Users/hrishi/Desktop/dev/Milestone1 BSAI/checkpoint_deliverable/data/CASIA-Iris-Interval/129/R/S1129R02.jpg,1129_R,1129,R,train,S1129R02,True,/Users/hrishi/Desktop/dev/Milestone1 BSAI/checkpoint_deliverable/data/casia_interval_strips/S1129R02.png,/Users/hrishi/Desktop/dev/Milestone1 BSAI/checkpoint_deliverable/data/casia_interval_strips_gt/S1129R02.png,True,True,,
/Users/hrishi/Desktop/dev/Milestone1 BSAI/checkpoint_deliverable/data/CASIA-Iris-Interval/129/R/S1129R03.jpg,1129_R,1129,R,train,S1129R03,True,/Users/hrishi/Desktop/dev/Milestone1 BSAI/checkpoint_deliverable/data/casia_interval_strips/S1129R03.png,/Users/hrishi/Desktop/dev/Milestone1 BSAI/checkpoint_deliverable/data/casia_interval_strips_gt/S1129R03.png,True,True,,
/Users/hrishi/Desktop/dev/Milestone1 BSAI/checkpoint_deliverable/data/CASIA-Iris-Interval/129/L/S1129L01.jpg,1129_L,1129,L,train,S1129L01,True,/Users/hrishi/Desktop/dev/Milestone1 BSAI/checkpoint_deliverable/data/casia_interval_strips/S1129L01.png,/Users/hrishi/Desktop/dev/Milestone1 BSAI/checkpoint_deliverable/data/casia_interval_strips_gt/S1129L01.png,True,True,,
/Users/hrishi/Desktop/dev/Milestone1 BSAI/checkpoint_deliverable/data/CASIA-Iris-Interval/129/L/S1129L03.jpg,1129_L,1129,L,train,S1129L03,True,/Users/hrishi/Desktop/dev/Milestone1 BSAI/checkpoint_deliverable/data/casia_interval_strips/S1129L03.png,/Users/hrishi/Desktop/dev/Milestone1 BSAI/checkpoint_deliverable/data/casia_interval_strips_gt/S1129L03.png,True,True,,
/Users/hrishi/Desktop/dev/Milestone1 BSAI/checkpoint_deliverable/data/CASIA-Iris-Interval/129/L/S1129L02.jpg,1129_L,1129,L,train,S1129L02,True,/Users/hrishi/Desktop/dev/Milestone1 BSAI/checkpoint_deliverable/data/casia_interval_strips/S1129L02.png,/Users/hrishi/Desktop/dev/Milestone1 BSAI/checkpoint_deliverable/data/casia_interval_strips_gt/S1129L02.png,True,True,,
/Users/hrishi/Desktop/dev/Milestone1 BSAI/checkpoint_deliverable/data/CASIA-Iris-Interval/129/L/S1129L06.jpg,1129_L,1129,L,train,S1129L06,True,/Users/hrishi/Desktop/dev/Milestone1 BSAI/checkpoint_deliverable/data/casia_interval_strips/S1129L06.png,/Users/hrishi/Desktop/dev/Milestone1 BSAI/checkpoint_deliverable/data/casia_interval_strips_gt/S1129L06.png,True,True,,
/Users/hrishi/Desktop/dev/Milestone1 BSAI/checkpoint_deliverable/data/CASIA-Iris-Interval/129/L/S1129L07.jpg,1129_L,1129,L,train,S1129L07,True,/Users/hrishi/Desktop/dev/Milestone1 BSAI/checkpoint_deliverable/data/casia_interval_strips/S1129L07.png,/Users/hrishi/Desktop/dev/Milestone1 BSAI/checkpoint_deliverable/data/casia_interval_strips_gt/S1129L07.png,True,True,,
/Users/hrishi/Desktop/dev/Milestone1 BSAI/checkpoint_deliverable/data/CASIA-Iris-Interval/129/L/S1129L05.jpg,1129_L,1129,L,train,S1129L05,True,/Users/hrishi/Desktop/dev/Milestone1 BSAI/checkpoint_deliverable/data/casia_interval_strips/S1129L05.png,/Users/hrishi/Desktop/dev/Milestone1 BSAI/checkpoint_deliverable/data/casia_interval_strips_gt/S1129L05.png,True,True,,
/Users/hrishi/Desktop/dev/Milestone1 BSAI/checkpoint_deliverable/data/CASIA-Iris-Interval/129/L/S1129L04.jpg,1129_L,1129,L,train,S1129L04,True,/Users/hrishi/Desktop/dev/Milestone1 BSAI/checkpoint_deliverable/data/casia_interval_strips/S1129L04.png,/Users/hrishi/Desktop/dev/Milestone1 BSAI/checkpoint_deliverable/data/casia_interval_strips_gt/S1129L04.png,True,True,,
/Users/hrishi/Desktop/dev/Milestone1 BSAI/checkpoint_deliverable/data/CASIA-Iris-Interval/116/R/S1116R03.jpg,1116_R,1116,R,val,S1116R03,True,/Users/hrishi/Desktop/dev/Milestone1 BSAI/checkpoint_deliverable/data/casia_interval_strips/S1116R03.png,/Users/hrishi/Desktop/dev/Milestone1 BSAI/checkpoint_deliverable/data/casia_interval_strips_gt/S1116R03.png,True,True,,
/Users/hrishi/Desktop/dev/Milestone1 BSAI/checkpoint_deliverable/data/CASIA-Iris-Interval/116/R/S1116R02.jpg,1116_R,1116,R,val,S1116R02,True,/Users/hrishi/Desktop/dev/Milestone1 BSAI/checkpoint_deliverable/data/casia_interval_strips/S1116R02.png,/Users/hrishi/Desktop/dev/Milestone1 BSAI/checkpoint_deliverable/data/casia_interval_strips_gt/S1116R02.png,True,True,,
/Users/hrishi/Desktop/dev/Milestone1 BSAI/checkpoint_deliverable/data/CASIA-Iris-Interval/116/R/S1116R01.jpg,1116_R,1116,R,val,S1116R01,True,/Users/hrishi/Desktop/dev/Milestone1 BSAI/checkpoint_deliverable/data/casia_interval_strips/S1116R01.png,/Users/hrishi/Desktop/dev/Milestone1 BSAI/checkpoint_deliverable/data/casia_interval_strips_gt/S1116R01.png,True,True,,
/Users/hrishi/Desktop/dev/Milestone1 BSAI/checkpoint_deliverable/data/CASIA-Iris-Interval/116/R/S1116R05.jpg,1116_R,1116,R,val,S1116R05,True,/Users/hrishi/Desktop/dev/Milestone1 BSAI/checkpoint_deliverable/data/casia_interval_strips/S1116R05.png,/Users/hrishi/Desktop/dev/Milestone1 BSAI/checkpoint_deliverable/data/casia_interval_strips_gt/S1116R05.png,True,True,,
/Users/hrishi/Desktop/dev/Milestone1 BSAI/checkpoint_deliverable/data/CASIA-Iris-Interval/116/R/S1116R04.jpg,1116_R,1116,R,val,S1116R04,True,/Users/hrishi/Desktop/dev/Milestone1 BSAI/checkpoint_deliverable/data/casia_interval_strips/S1116R04.png,/Users/hrishi/Desktop/dev/Milestone1 BSAI/checkpoint_deliverable/data/casia_interval_strips_gt/S1116R04.png,True,True,,
/Users/hrishi/Desktop/dev/Milestone1 BSAI/checkpoint_deliverable/data/CASIA-Iris-Interval/116/R/S1116R06.jpg,1116_R,1116,R,val,S1116R06,True,/Users/hrishi/Desktop/dev/Milestone1 BSAI/checkpoint_deliverable/data/casia_interval_strips/S1116R06.png,/Users/hrishi/Desktop/dev/Milestone1 BSAI/checkpoint_deliverable/data/casia_interval_strips_gt/S1116R06.png,True,True,,
/Users/hrishi/Desktop/dev/Milestone1 BSAI/checkpoint_deliverable/data/CASIA-Iris-Interval/116/R/S1116R07.jpg,1116_R,1116,R,val,S1116R07,True,/Users/hrishi/Desktop/dev/Milestone1 BSAI/checkpoint_deliverable/data/casia_interval_strips/S1116R07.png,/Users/hrishi/Desktop/dev/Milestone1 BSAI/checkpoint_deliverable/data/casia_interval_strips_gt/S1116R07.png,True,True,,
/Users/hrishi/Desktop/dev/Milestone1 BSAI/checkpoint_deliverable/data/CASIA-Iris-Interval/116/L/S1116L04.jpg,1116_L,1116,L,val,S1116L04,True,/Users/hrishi/Desktop/dev/Milestone1 BSAI/checkpoint_deliverable/data/casia_interval_strips/S1116L04.png,/Users/hrishi/Desktop/dev/Milestone1 BSAI/checkpoint_deliverable/data/casia_interval_strips_gt/S1116L04.png,True,True,,
/Users/hrishi/Desktop/dev/Milestone1 BSAI/checkpoint_deliverable/data/CASIA-Iris-Interval/116/L/S1116L05.jpg,1116_L,1116,L,val,S1116L05,True,/Users/hrishi/Desktop/dev/Milestone1 BSAI/checkpoint_deliverable/data/casia_interval_strips/S1116L05.png,/Users/hrishi/Desktop/dev/Milestone1 BSAI/checkpoint_deliverable/data/casia_interval_strips_gt/S1116L05.png,True,True,,
/Users/hrishi/Desktop/dev/Milestone1 BSAI/checkpoint_deliverable/data/CASIA-Iris-Interval/116/L/S1116L07.jpg,1116_L,1116,L,val,S1116L07,True,/Users/hrishi/Desktop/dev/Milestone1 BSAI/checkpoint_deliverable/data/casia_interval_strips/S1116L07.png,/Users/hrishi/Desktop/dev/Milestone1 BSAI/checkpoint_deliverable/data/casia_interval_strips_gt/S1116L07.png,True,True,,
/Users/hrishi/Desktop/dev/Milestone1 BSAI/checkpoint_deliverable/data/CASIA-Iris-Interval/116/L/S1116L06.jpg,1116_L,1116,L,val,S1116L06,True,/Users/hrishi/Desktop/dev/Milestone1 BSAI/checkpoint_deliverable/data/casia_interval_strips/S1116L06.png,/Users/hrishi/Desktop/dev/Milestone1 BSAI/checkpoint_deliverable/data/casia_interval_strips_gt/S1116L06.png,True,True,,
/Users/hrishi/Desktop/dev/Milestone1 BSAI/checkpoint_deliverable/data/CASIA-Iris-Interval/116/L/S1116L02.jpg,1116_L,1116,L,val,S1116L02,True,/Users/hrishi/Desktop/dev/Milestone1 BSAI/checkpoint_deliverable/data/casia_interval_strips/S1116L02.png,/Users/hrishi/Desktop/dev/Milestone1 BSAI/checkpoint_deliverable/data/casia_interval_strips_gt/S1116L02.png,True,True,,
/Users/hrishi/Desktop/dev/Milestone1 BSAI/checkpoint_deliverable/data/CASIA-Iris-Interval/116/L/S1116L03.jpg,1116_L,1116,L,val,S1116L03,True,/Users/hrishi/Desktop/dev/Milestone1 BSAI/checkpoint_deliverable/data/casia_interval_strips/S1116L03.png,/Users/hrishi/Desktop/dev/Milestone1 BSAI/checkpoint_deliverable/data/casia_interval_strips_gt/S1116L03.png,True,True,,
/Users/hrishi/Desktop/dev/Milestone1 BSAI/checkpoint_deliverable/data/CASIA-Iris-Interval/116/L/S1116L01.jpg,1116_L,1116,L,val,S1116L01,True,/Users/hrishi/Desktop/dev/Milestone1 BSAI/checkpoint_deliverable/data/casia_interval_strips/S1116L01.png,/Users/hrishi/Desktop/dev/Milestone1 BSAI/checkpoint_deliverable/data/casia_interval_strips_gt/S1116L01.png,True,True,,
/Users/hrishi/Desktop/dev/Milestone1 BSAI/checkpoint_deliverable/data/CASIA-Iris-Interval/111/R/S1111R03.jpg,1111_R,1111,R,train,S1111R03,True,/Users/hrishi/Desktop/dev/Milestone1 BSAI/checkpoint_deliverable/data/casia_interval_strips/S1111R03.png,/Users/hrishi/Desktop/dev/Milestone1 BSAI/checkpoint_deliverable/data/casia_interval_strips_gt/S1111R03.png,True,True,,
/Users/hrishi/Desktop/dev/Milestone1 BSAI/checkpoint_deliverable/data/CASIA-Iris-Interval/111/R/S1111R02.jpg,1111_R,1111,R,train,S1111R02,True,/Users/hrishi/Desktop/dev/Milestone1 BSAI/checkpoint_deliverable/data/casia_interval_strips/S1111R02.png,/Users/hrishi/Desktop/dev/Milestone1 BSAI/checkpoint_deliverable/data/casia_interval_strips_gt/S1111R02.png,True,True,,
/Users/hrishi/Desktop/dev/Milestone1 BSAI/checkpoint_deliverable/data/CASIA-Iris-Interval/111/R/S1111R01.jpg,1111_R,1111,R,train,S1111R01,True,/Users/hrishi/Desktop/dev/Milestone1 BSAI/checkpoint_deliverable/data/casia_interval_strips/S1111R01.png,/Users/hrishi/Desktop/dev/Milestone1 BSAI/checkpoint_deliverable/data/casia_interval_strips_gt/S1111R01.png,True,True,,
/Users/hrishi/Desktop/dev/Milestone1 BSAI/checkpoint_deliverable/data/CASIA-Iris-Interval/111/R/S1111R05.jpg,1111_R,1111,R,train,S1111R05,True,/Users/hrishi/Desktop/dev/Milestone1 BSAI/checkpoint_deliverable/data/casia_interval_strips/S1111R05.png,/Users/hrishi/Desktop/dev/Milestone1 BSAI/checkpoint_deliverable/data/casia_interval_strips_gt/S1111R05.png,True,True,,
/Users/hrishi/Desktop/dev/Milestone1 BSAI/checkpoint_deliverable/data/CASIA-Iris-Interval/111/R/S1111R04.jpg,1111_R,1111,R,train,S1111R04,True,/Users/hrishi/Desktop/dev/Milestone1 BSAI/checkpoint_deliverable/data/casia_interval_strips/S1111R04.png,/Users/hrishi/Desktop/dev/Milestone1 BSAI/checkpoint_deliverable/data/casia_interval_strips_gt/S1111R04.png,True,True,,
/Users/hrishi/Desktop/dev/Milestone1 BSAI/checkpoint_deliverable/data/CASIA-Iris-Interval/111/R/S1111R06.jpg,1111_R,1111,R,train,S1111R06,True,/Users/hrishi/Desktop/dev/Milestone1 BSAI/checkpoint_deliverable/data/casia_interval_strips/S1111R06.png,/Users/hrishi/Desktop/dev/Milestone1 BSAI/checkpoint_deliverable/data/casia_interval_strips_gt/S1111R06.png,True,True,,
/Users/hrishi/Desktop/dev/Milestone1 BSAI/checkpoint_deliverable/data/CASIA-Iris-Interval/111/R/S1111R07.jpg,1111_R,1111,R,train,S1111R07,True,/Users/hrishi/Desktop/dev/Milestone1 BSAI/checkpoint_deliverable/data/casia_interval_strips/S1111R07.png,/Users/hrishi/Desktop/dev/Milestone1 BSAI/checkpoint_deliverable/data/casia_interval_strips_gt/S1111R07.png,True,True,,
/Users/hrishi/Desktop/dev/Milestone1 BSAI/checkpoint_deliverable/data/CASIA-Iris-Interval/111/L/S1111L04.jpg,1111_L,1111,L,train,S1111L04,True,/Users/hrishi/Desktop/dev/Milestone1 BSAI/checkpoint_deliverable/data/casia_interval_strips/S1111L04.png,/Users/hrishi/Desktop/dev/Milestone1 BSAI/checkpoint_deliverable/data/casia_interval_strips_gt/S1111L04.png,True,True,,
/Users/hrishi/Desktop/dev/Milestone1 BSAI/checkpoint_deliverable/data/CASIA-Iris-Interval/111/L/S1111L05.jpg,1111_L,1111,L,train,S1111L05,True,/Users/hrishi/Desktop/dev/Milestone1 BSAI/checkpoint_deliverable/data/casia_interval_strips/S1111L05.png,/Users/hrishi/Desktop/dev/Milestone1 BSAI/checkpoint_deliverable/data/casia_interval_strips_gt/S1111L05.png,True,True,,
/Users/hrishi/Desktop/dev/Milestone1 BSAI/checkpoint_deliverable/data/CASIA-Iris-Interval/111/L/S1111L07.jpg,1111_L,1111,L,train,S1111L07,True,/Users/hrishi/Desktop/dev/Milestone1 BSAI/checkpoint_deliverable/data/casia_interval_strips/S1111L07.png,/Users/hrishi/Desktop/dev/Milestone1 BSAI/checkpoint_deliverable/data/casia_interval_strips_gt/S1111L07.png,True,True,,
/Users/hrishi/Desktop/dev/Milestone1 BSAI/checkpoint_deliverable/data/CASIA-Iris-Interval/111/L/S1111L06.jpg,1111_L,1111,L,train,S1111L06,True,/Users/hrishi/Desktop/dev/Milestone1 BSAI/checkpoint_deliverable/data/casia_interval_strips/S1111L06.png,/Users/hrishi/Desktop/dev/Milestone1 BSAI/checkpoint_deliverable/data/casia_interval_strips_gt/S1111L06.png,True,True,,
/Users/hrishi/Desktop/dev/Milestone1 BSAI/checkpoint_deliverable/data/CASIA-Iris-Interval/111/L/S1111L02.jpg,1111_L,1111,L,train,S1111L02,True,/Users/hrishi/Desktop/dev/Milestone1 BSAI/checkpoint_deliverable/data/casia_interval_strips/S1111L02.png,/Users/hrishi/Desktop/dev/Milestone1 BSAI/checkpoint_deliverable/data/casia_interval_strips_gt/S1111L02.png,True,True,,
/Users/hrishi/Desktop/dev/Milestone1 BSAI/checkpoint_deliverable/data/CASIA-Iris-Interval/111/L/S1111L03.jpg,1111_L,1111,L,train,S1111L03,True,/Users/hrishi/Desktop/dev/Milestone1 BSAI/checkpoint_deliverable/data/casia_interval_strips/S1111L03.png,/Users/hrishi/Desktop/dev/Milestone1 BSAI/checkpoint_deliverable/data/casia_interval_strips_gt/S1111L03.png,True,True,,
/Users/hrishi/Desktop/dev/Milestone1 BSAI/checkpoint_deliverable/data/CASIA-Iris-Interval/111/L/S1111L01.jpg,1111_L,1111,L,train,S1111L01,True,/Users/hrishi/Desktop/dev/Milestone1 BSAI/checkpoint_deliverable/data/casia_interval_strips/S1111L01.png,/Users/hrishi/Desktop/dev/Milestone1 BSAI/checkpoint_deliverable/data/casia_interval_strips_gt/S1111L01.png,True,True,,
/Users/hrishi/Desktop/dev/Milestone1 BSAI/checkpoint_deliverable/data/CASIA-Iris-Interval/118/R/S1118R06.jpg,1118_R,1118,R,train,S1118R06,True,/Users/hrishi/Desktop/dev/Milestone1 BSAI/checkpoint_deliverable/data/casia_interval_strips/S1118R06.png,/Users/hrishi/Desktop/dev/Milestone1 BSAI/checkpoint_deliverable/data/casia_interval_strips_gt/S1118R06.png,True,True,,
/Users/hrishi/Desktop/dev/Milestone1 BSAI/checkpoint_deliverable/data/CASIA-Iris-Interval/118/R/S1118R07.jpg,1118_R,1118,R,train,S1118R07,True,/Users/hrishi/Desktop/dev/Milestone1 BSAI/checkpoint_deliverable/data/casia_interval_strips/S1118R07.png,/Users/hrishi/Desktop/dev/Milestone1 BSAI/checkpoint_deliverable/data/casia_interval_strips_gt/S1118R07.png,True,True,,
/Users/hrishi/Desktop/dev/Milestone1 BSAI/checkpoint_deliverable/data/CASIA-Iris-Interval/118/R/S1118R05.jpg,1118_R,1118,R,train,S1118R05,True,/Users/hrishi/Desktop/dev/Milestone1 BSAI/checkpoint_deliverable/data/casia_interval_strips/S1118R05.png,/Users/hrishi/Desktop/dev/Milestone1 BSAI/checkpoint_deliverable/data/casia_interval_strips_gt/S1118R05.png,True,True,,
/Users/hrishi/Desktop/dev/Milestone1 BSAI/checkpoint_deliverable/data/CASIA-Iris-Interval/118/R/S1118R04.jpg,1118_R,1118,R,train,S1118R04,True,/Users/hrishi/Desktop/dev/Milestone1 BSAI/checkpoint_deliverable/data/casia_interval_strips/S1118R04.png,/Users/hrishi/Desktop/dev/Milestone1 BSAI/checkpoint_deliverable/data/casia_interval_strips_gt/S1118R04.png,True,True,,
/Users/hrishi/Desktop/dev/Milestone1 BSAI/checkpoint_deliverable/data/CASIA-Iris-Interval/118/R/S1118R01.jpg,1118_R,1118,R,train,S1118R01,True,/Users/hrishi/Desktop/dev/Milestone1 BSAI/checkpoint_deliverable/data/casia_interval_strips/S1118R01.png,/Users/hrishi/Desktop/dev/Milestone1 BSAI/checkpoint_deliverable/data/casia_interval_strips_gt/S1118R01.png,True,True,,
/Users/hrishi/Desktop/dev/Milestone1 BSAI/checkpoint_deliverable/data/CASIA-Iris-Interval/118/R/S1118R03.jpg,1118_R,1118,R,train,S1118R03,True,/Users/hrishi/Desktop/dev/Milestone1 BSAI/checkpoint_deliverable/data/casia_interval_strips/S1118R03.png,/Users/hrishi/Desktop/dev/Milestone1 BSAI/checkpoint_deliverable/data/casia_interval_strips_gt/S1118R03.png,True,True,,
/Users/hrishi/Desktop/dev/Milestone1 BSAI/checkpoint_deliverable/data/CASIA-Iris-Interval/118/R/S1118R02.jpg,1118_R,1118,R,train,S1118R02,True,/Users/hrishi/Desktop/dev/Milestone1 BSAI/checkpoint_deliverable/data/casia_interval_strips/S1118R02.png,/Users/hrishi/Desktop/dev/Milestone1 BSAI/checkpoint_deliverable/data/casia_interval_strips_gt/S1118R02.png,True,True,,
/Users/hrishi/Desktop/dev/Milestone1 BSAI/checkpoint_deliverable/data/CASIA-Iris-Interval/118/L/S1118L01.jpg,1118_L,1118,L,train,S1118L01,True,/Users/hrishi/Desktop/dev/Milestone1 BSAI/checkpoint_deliverable/data/casia_interval_strips/S1118L01.png,/Users/hrishi/Desktop/dev/Milestone1 BSAI/checkpoint_deliverable/data/casia_interval_strips_gt/S1118L01.png,True,True,,
/Users/hrishi/Desktop/dev/Milestone1 BSAI/checkpoint_deliverable/data/CASIA-Iris-Interval/118/L/S1118L02.jpg,1118_L,1118,L,train,S1118L02,True,/Users/hrishi/Desktop/dev/Milestone1 BSAI/checkpoint_deliverable/data/casia_interval_strips/S1118L02.png,/Users/hrishi/Desktop/dev/Milestone1 BSAI/checkpoint_deliverable/data/casia_interval_strips_gt/S1118L02.png,True,True,,
/Users/hrishi/Desktop/dev/Milestone1 BSAI/checkpoint_deliverable/data/CASIA-Iris-Interval/118/L/S1118L03.jpg,1118_L,1118,L,train,S1118L03,True,/Users/hrishi/Desktop/dev/Milestone1 BSAI/checkpoint_deliverable/data/casia_interval_strips/S1118L03.png,/Users/hrishi/Desktop/dev/Milestone1 BSAI/checkpoint_deliverable/data/casia_interval_strips_gt/S1118L03.png,True,True,,
/Users/hrishi/Desktop/dev/Milestone1 BSAI/checkpoint_deliverable/data/CASIA-Iris-Interval/118/L/S1118L07.jpg,1118_L,1118,L,train,S1118L07,True,/Users/hrishi/Desktop/dev/Milestone1 BSAI/checkpoint_deliverable/data/casia_interval_strips/S1118L07.png,/Users/hrishi/Desktop/dev/Milestone1 BSAI/checkpoint_deliverable/data/casia_interval_strips_gt/S1118L07.png,True,True,,
/Users/hrishi/Desktop/dev/Milestone1 BSAI/checkpoint_deliverable/data/CASIA-Iris-Interval/118/L/S1118L06.jpg,1118_L,1118,L,train,S1118L06,True,/Users/hrishi/Desktop/dev/Milestone1 BSAI/checkpoint_deliverable/data/casia_interval_strips/S1118L06.png,/Users/hrishi/Desktop/dev/Milestone1 BSAI/checkpoint_deliverable/data/casia_interval_strips_gt/S1118L06.png,True,True,,
/Users/hrishi/Desktop/dev/Milestone1 BSAI/checkpoint_deliverable/data/CASIA-Iris-Interval/118/L/S1118L04.jpg,1118_L,1118,L,train,S1118L04,True,/Users/hrishi/Desktop/dev/Milestone1 BSAI/checkpoint_deliverable/data/casia_interval_strips/S1118L04.png,/Users/hrishi/Desktop/dev/Milestone1 BSAI/checkpoint_deliverable/data/casia_interval_strips_gt/S1118L04.png,True,True,,
/Users/hrishi/Desktop/dev/Milestone1 BSAI/checkpoint_deliverable/data/CASIA-Iris-Interval/118/L/S1118L05.jpg,1118_L,1118,L,train,S1118L05,True,/Users/hrishi/Desktop/dev/Milestone1 BSAI/checkpoint_deliverable/data/casia_interval_strips/S1118L05.png,/Users/hrishi/Desktop/dev/Milestone1 BSAI/checkpoint_deliverable/data/casia_interval_strips_gt/S1118L05.png,True,True,,
/Users/hrishi/Desktop/dev/Milestone1 BSAI/checkpoint_deliverable/data/CASIA-Iris-Interval/127/R/S1127R02.jpg,1127_R,1127,R,train,S1127R02,True,/Users/hrishi/Desktop/dev/Milestone1 BSAI/checkpoint_deliverable/data/casia_interval_strips/S1127R02.png,/Users/hrishi/Desktop/dev/Milestone1 BSAI/checkpoint_deliverable/data/casia_interval_strips_gt/S1127R02.png,True,True,,
/Users/hrishi/Desktop/dev/Milestone1 BSAI/checkpoint_deliverable/data/CASIA-Iris-Interval/127/R/S1127R03.jpg,1127_R,1127,R,train,S1127R03,True,/Users/hrishi/Desktop/dev/Milestone1 BSAI/checkpoint_deliverable/data/casia_interval_strips/S1127R03.png,/Users/hrishi/Desktop/dev/Milestone1 BSAI/checkpoint_deliverable/data/casia_interval_strips_gt/S1127R03.png,True,True,,
/Users/hrishi/Desktop/dev/Milestone1 BSAI/checkpoint_deliverable/data/CASIA-Iris-Interval/127/R/S1127R01.jpg,1127_R,1127,R,train,S1127R01,True,/Users/hrishi/Desktop/dev/Milestone1 BSAI/checkpoint_deliverable/data/casia_interval_strips/S1127R01.png,/Users/hrishi/Desktop/dev/Milestone1 BSAI/checkpoint_deliverable/data/casia_interval_strips_gt/S1127R01.png,True,True,,
/Users/hrishi/Desktop/dev/Milestone1 BSAI/checkpoint_deliverable/data/CASIA-Iris-Interval/127/R/S1127R04.jpg,1127_R,1127,R,train,S1127R04,True,/Users/hrishi/Desktop/dev/Milestone1 BSAI/checkpoint_deliverable/data/casia_interval_strips/S1127R04.png,/Users/hrishi/Desktop/dev/Milestone1 BSAI/checkpoint_deliverable/data/casia_interval_strips_gt/S1127R04.png,True,True,,
/Users/hrishi/Desktop/dev/Milestone1 BSAI/checkpoint_deliverable/data/CASIA-Iris-Interval/127/R/S1127R05.jpg,1127_R,1127,R,train,S1127R05,True,/Users/hrishi/Desktop/dev/Milestone1 BSAI/checkpoint_deliverable/data/casia_interval_strips/S1127R05.png,/Users/hrishi/Desktop/dev/Milestone1 BSAI/checkpoint_deliverable/data/casia_interval_strips_gt/S1127R05.png,True,True,,
/Users/hrishi/Desktop/dev/Milestone1 BSAI/checkpoint_deliverable/data/CASIA-Iris-Interval/127/R/S1127R07.jpg,1127_R,1127,R,train,S1127R07,True,/Users/hrishi/Desktop/dev/Milestone1 BSAI/checkpoint_deliverable/data/casia_interval_strips/S1127R07.png,/Users/hrishi/Desktop/dev/Milestone1 BSAI/checkpoint_deliverable/data/casia_interval_strips_gt/S1127R07.png,True,True,,
/Users/hrishi/Desktop/dev/Milestone1 BSAI/checkpoint_deliverable/data/CASIA-Iris-Interval/127/R/S1127R06.jpg,1127_R,1127,R,train,S1127R06,True,/Users/hrishi/Desktop/dev/Milestone1 BSAI/checkpoint_deliverable/data/casia_interval_strips/S1127R06.png,/Users/hrishi/Desktop/dev/Milestone1 BSAI/checkpoint_deliverable/data/casia_interval_strips_gt/S1127R06.png,True,True,,
/Users/hrishi/Desktop/dev/Milestone1 BSAI/checkpoint_deliverable/data/CASIA-Iris-Interval/127/L/S1127L05.jpg,1127_L,1127,L,train,S1127L05,True,/Users/hrishi/Desktop/dev/Milestone1 BSAI/checkpoint_deliverable/data/casia_interval_strips/S1127L05.png,/Users/hrishi/Desktop/dev/Milestone1 BSAI/checkpoint_deliverable/data/casia_interval_strips_gt/S1127L05.png,True,True,,
/Users/hrishi/Desktop/dev/Milestone1 BSAI/checkpoint_deliverable/data/CASIA-Iris-Interval/127/L/S1127L04.jpg,1127_L,1127,L,train,S1127L04,True,/Users/hrishi/Desktop/dev/Milestone1 BSAI/checkpoint_deliverable/data/casia_interval_strips/S1127L04.png,/Users/hrishi/Desktop/dev/Milestone1 BSAI/checkpoint_deliverable/data/casia_interval_strips_gt/S1127L04.png,True,True,,
/Users/hrishi/Desktop/dev/Milestone1 BSAI/checkpoint_deliverable/data/CASIA-Iris-Interval/127/L/S1127L06.jpg,1127_L,1127,L,train,S1127L06,True,/Users/hrishi/Desktop/dev/Milestone1 BSAI/checkpoint_deliverable/data/casia_interval_strips/S1127L06.png,/Users/hrishi/Desktop/dev/Milestone1 BSAI/checkpoint_deliverable/data/casia_interval_strips_gt/S1127L06.png,True,True,,
/Users/hrishi/Desktop/dev/Milestone1 BSAI/checkpoint_deliverable/data/CASIA-Iris-Interval/127/L/S1127L03.jpg,1127_L,1127,L,train,S1127L03,True,/Users/hrishi/Desktop/dev/Milestone1 BSAI/checkpoint_deliverable/data/casia_interval_strips/S1127L03.png,/Users/hrishi/Desktop/dev/Milestone1 BSAI/checkpoint_deliverable/data/casia_interval_strips_gt/S1127L03.png,True,True,,
/Users/hrishi/Desktop/dev/Milestone1 BSAI/checkpoint_deliverable/data/CASIA-Iris-Interval/127/L/S1127L02.jpg,1127_L,1127,L,train,S1127L02,True,/Users/hrishi/Desktop/dev/Milestone1 BSAI/checkpoint_deliverable/data/casia_interval_strips/S1127L02.png,/Users/hrishi/Desktop/dev/Milestone1 BSAI/checkpoint_deliverable/data/casia_interval_strips_gt/S1127L02.png,True,True,,
/Users/hrishi/Desktop/dev/Milestone1 BSAI/checkpoint_deliverable/data/CASIA-Iris-Interval/127/L/S1127L01.jpg,1127_L,1127,L,train,S1127L01,True,/Users/hrishi/Desktop/dev/Milestone1 BSAI/checkpoint_deliverable/data/casia_interval_strips/S1127L01.png,/Users/hrishi/Desktop/dev/Milestone1 BSAI/checkpoint_deliverable/data/casia_interval_strips_gt/S1127L01.png,True,True,,
/Users/hrishi/Desktop/dev/Milestone1 BSAI/checkpoint_deliverable/data/CASIA-Iris-Interval/120/R/S1120R02.jpg,1120_R,1120,R,train,S1120R02,True,/Users/hrishi/Desktop/dev/Milestone1 BSAI/checkpoint_deliverable/data/casia_interval_strips/S1120R02.png,/Users/hrishi/Desktop/dev/Milestone1 BSAI/checkpoint_deliverable/data/casia_interval_strips_gt/S1120R02.png,True,True,,
/Users/hrishi/Desktop/dev/Milestone1 BSAI/checkpoint_deliverable/data/CASIA-Iris-Interval/120/R/S1120R03.jpg,1120_R,1120,R,train,S1120R03,True,/Users/hrishi/Desktop/dev/Milestone1 BSAI/checkpoint_deliverable/data/casia_interval_strips/S1120R03.png,/Users/hrishi/Desktop/dev/Milestone1 BSAI/checkpoint_deliverable/data/casia_interval_strips_gt/S1120R03.png,True,True,,
/Users/hrishi/Desktop/dev/Milestone1 BSAI/checkpoint_deliverable/data/CASIA-Iris-Interval/120/R/S1120R01.jpg,1120_R,1120,R,train,S1120R01,True,/Users/hrishi/Desktop/dev/Milestone1 BSAI/checkpoint_deliverable/data/casia_interval_strips/S1120R01.png,/Users/hrishi/Desktop/dev/Milestone1 BSAI/checkpoint_deliverable/data/casia_interval_strips_gt/S1120R01.png,True,True,,
/Users/hrishi/Desktop/dev/Milestone1 BSAI/checkpoint_deliverable/data/CASIA-Iris-Interval/120/R/S1120R04.jpg,1120_R,1120,R,train,S1120R04,True,/Users/hrishi/Desktop/dev/Milestone1 BSAI/checkpoint_deliverable/data/casia_interval_strips/S1120R04.png,/Users/hrishi/Desktop/dev/Milestone1 BSAI/checkpoint_deliverable/data/casia_interval_strips_gt/S1120R04.png,True,True,,
/Users/hrishi/Desktop/dev/Milestone1 BSAI/checkpoint_deliverable/data/CASIA-Iris-Interval/120/R/S1120R05.jpg,1120_R,1120,R,train,S1120R05,True,/Users/hrishi/Desktop/dev/Milestone1 BSAI/checkpoint_deliverable/data/casia_interval_strips/S1120R05.png,/Users/hrishi/Desktop/dev/Milestone1 BSAI/checkpoint_deliverable/data/casia_interval_strips_gt/S1120R05.png,True,True,,
/Users/hrishi/Desktop/dev/Milestone1 BSAI/checkpoint_deliverable/data/CASIA-Iris-Interval/120/R/S1120R07.jpg,1120_R,1120,R,train,S1120R07,True,/Users/hrishi/Desktop/dev/Milestone1 BSAI/checkpoint_deliverable/data/casia_interval_strips/S1120R07.png,/Users/hrishi/Desktop/dev/Milestone1 BSAI/checkpoint_deliverable/data/casia_interval_strips_gt/S1120R07.png,True,True,,
/Users/hrishi/Desktop/dev/Milestone1 BSAI/checkpoint_deliverable/data/CASIA-Iris-Interval/120/R/S1120R06.jpg,1120_R,1120,R,train,S1120R06,True,/Users/hrishi/Desktop/dev/Milestone1 BSAI/checkpoint_deliverable/data/casia_interval_strips/S1120R06.png,/Users/hrishi/Desktop/dev/Milestone1 BSAI/checkpoint_deliverable/data/casia_interval_strips_gt/S1120R06.png,True,True,,
/Users/hrishi/Desktop/dev/Milestone1 BSAI/checkpoint_deliverable/data/CASIA-Iris-Interval/120/L/S1120L05.jpg,1120_L,1120,L,train,S1120L05,True,/Users/hrishi/Desktop/dev/Milestone1 BSAI/checkpoint_deliverable/data/casia_interval_strips/S1120L05.png,/Users/hrishi/Desktop/dev/Milestone1 BSAI/checkpoint_deliverable/data/casia_interval_strips_gt/S1120L05.png,True,True,,
/Users/hrishi/Desktop/dev/Milestone1 BSAI/checkpoint_deliverable/data/CASIA-Iris-Interval/120/L/S1120L04.jpg,1120_L,1120,L,train,S1120L04,True,/Users/hrishi/Desktop/dev/Milestone1 BSAI/checkpoint_deliverable/data/casia_interval_strips/S1120L04.png,/Users/hrishi/Desktop/dev/Milestone1 BSAI/checkpoint_deliverable/data/casia_interval_strips_gt/S1120L04.png,True,True,,
/Users/hrishi/Desktop/dev/Milestone1 BSAI/checkpoint_deliverable/data/CASIA-Iris-Interval/120/L/S1120L06.jpg,1120_L,1120,L,train,S1120L06,True,/Users/hrishi/Desktop/dev/Milestone1 BSAI/checkpoint_deliverable/data/casia_interval_strips/S1120L06.png,/Users/hrishi/Desktop/dev/Milestone1 BSAI/checkpoint_deliverable/data/casia_interval_strips_gt/S1120L06.png,True,True,,
/Users/hrishi/Desktop/dev/Milestone1 BSAI/checkpoint_deliverable/data/CASIA-Iris-Interval/120/L/S1120L07.jpg,1120_L,1120,L,train,S1120L07,True,/Users/hrishi/Desktop/dev/Milestone1 BSAI/checkpoint_deliverable/data/casia_interval_strips/S1120L07.png,/Users/hrishi/Desktop/dev/Milestone1 BSAI/checkpoint_deliverable/data/casia_interval_strips_gt/S1120L07.png,True,True,,
/Users/hrishi/Desktop/dev/Milestone1 BSAI/checkpoint_deliverable/data/CASIA-Iris-Interval/120/L/S1120L03.jpg,1120_L,1120,L,train,S1120L03,True,/Users/hrishi/Desktop/dev/Milestone1 BSAI/checkpoint_deliverable/data/casia_interval_strips/S1120L03.png,/Users/hrishi/Desktop/dev/Milestone1 BSAI/checkpoint_deliverable/data/casia_interval_strips_gt/S1120L03.png,True,True,,
/Users/hrishi/Desktop/dev/Milestone1 BSAI/checkpoint_deliverable/data/CASIA-Iris-Interval/120/L/S1120L02.jpg,1120_L,1120,L,train,S1120L02,True,/Users/hrishi/Desktop/dev/Milestone1 BSAI/checkpoint_deliverable/data/casia_interval_strips/S1120L02.png,/Users/hrishi/Desktop/dev/Milestone1 BSAI/checkpoint_deliverable/data/casia_interval_strips_gt/S1120L02.png,True,True,,
/Users/hrishi/Desktop/dev/Milestone1 BSAI/checkpoint_deliverable/data/CASIA-Iris-Interval/120/L/S1120L01.jpg,1120_L,1120,L,train,S1120L01,True,/Users/hrishi/Desktop/dev/Milestone1 BSAI/checkpoint_deliverable/data/casia_interval_strips/S1120L01.png,/Users/hrishi/Desktop/dev/Milestone1 BSAI/checkpoint_deliverable/data/casia_interval_strips_gt/S1120L01.png,True,True,,
/Users/hrishi/Desktop/dev/Milestone1 BSAI/checkpoint_deliverable/data/CASIA-Iris-Interval/143/R/S1143R02.jpg,1143_R,1143,R,train,S1143R02,True,/Users/hrishi/Desktop/dev/Milestone1 BSAI/checkpoint_deliverable/data/casia_interval_strips/S1143R02.png,/Users/hrishi/Desktop/dev/Milestone1 BSAI/checkpoint_deliverable/data/casia_interval_strips_gt/S1143R02.png,True,True,,
/Users/hrishi/Desktop/dev/Milestone1 BSAI/checkpoint_deliverable/data/CASIA-Iris-Interval/143/R/S1143R03.jpg,1143_R,1143,R,train,S1143R03,True,/Users/hrishi/Desktop/dev/Milestone1 BSAI/checkpoint_deliverable/data/casia_interval_strips/S1143R03.png,/Users/hrishi/Desktop/dev/Milestone1 BSAI/checkpoint_deliverable/data/casia_interval_strips_gt/S1143R03.png,True,True,,
/Users/hrishi/Desktop/dev/Milestone1 BSAI/checkpoint_deliverable/data/CASIA-Iris-Interval/143/R/S1143R01.jpg,1143_R,1143,R,train,S1143R01,True,/Users/hrishi/Desktop/dev/Milestone1 BSAI/checkpoint_deliverable/data/casia_interval_strips/S1143R01.png,/Users/hrishi/Desktop/dev/Milestone1 BSAI/checkpoint_deliverable/data/casia_interval_strips_gt/S1143R01.png,True,True,,
/Users/hrishi/Desktop/dev/Milestone1 BSAI/checkpoint_deliverable/data/CASIA-Iris-Interval/143/R/S1143R04.jpg,1143_R,1143,R,train,S1143R04,True,/Users/hrishi/Desktop/dev/Milestone1 BSAI/checkpoint_deliverable/data/casia_interval_strips/S1143R04.png,/Users/hrishi/Desktop/dev/Milestone1 BSAI/checkpoint_deliverable/data/casia_interval_strips_gt/S1143R04.png,True,True,,
/Users/hrishi/Desktop/dev/Milestone1 BSAI/checkpoint_deliverable/data/CASIA-Iris-Interval/143/R/S1143R05.jpg,1143_R,1143,R,train,S1143R05,True,/Users/hrishi/Desktop/dev/Milestone1 BSAI/checkpoint_deliverable/data/casia_interval_strips/S1143R05.png,/Users/hrishi/Desktop/dev/Milestone1 BSAI/checkpoint_deliverable/data/casia_interval_strips_gt/S1143R05.png,True,True,,
/Users/hrishi/Desktop/dev/Milestone1 BSAI/checkpoint_deliverable/data/CASIA-Iris-Interval/143/R/S1143R07.jpg,1143_R,1143,R,train,S1143R07,True,/Users/hrishi/Desktop/dev/Milestone1 BSAI/checkpoint_deliverable/data/casia_interval_strips/S1143R07.png,/Users/hrishi/Desktop/dev/Milestone1 BSAI/checkpoint_deliverable/data/casia_interval_strips_gt/S1143R07.png,True,True,,
/Users/hrishi/Desktop/dev/Milestone1 BSAI/checkpoint_deliverable/data/CASIA-Iris-Interval/143/R/S1143R06.jpg,1143_R,1143,R,train,S1143R06,True,/Users/hrishi/Desktop/dev/Milestone1 BSAI/checkpoint_deliverable/data/casia_interval_strips/S1143R06.png,/Users/hrishi/Desktop/dev/Milestone1 BSAI/checkpoint_deliverable/data/casia_interval_strips_gt/S1143R06.png,True,True,,
/Users/hrishi/Desktop/dev/Milestone1 BSAI/checkpoint_deliverable/data/CASIA-Iris-Interval/143/L/S1143L05.jpg,1143_L,1143,L,train,S1143L05,True,/Users/hrishi/Desktop/dev/Milestone1 BSAI/checkpoint_deliverable/data/casia_interval_strips/S1143L05.png,/Users/hrishi/Desktop/dev/Milestone1 BSAI/checkpoint_deliverable/data/casia_interval_strips_gt/S1143L05.png,True,True,,
/Users/hrishi/Desktop/dev/Milestone1 BSAI/checkpoint_deliverable/data/CASIA-Iris-Interval/143/L/S1143L04.jpg,1143_L,1143,L,train,S1143L04,True,/Users/hrishi/Desktop/dev/Milestone1 BSAI/checkpoint_deliverable/data/casia_interval_strips/S1143L04.png,/Users/hrishi/Desktop/dev/Milestone1 BSAI/checkpoint_deliverable/data/casia_interval_strips_gt/S1143L04.png,True,True,,
/Users/hrishi/Desktop/dev/Milestone1 BSAI/checkpoint_deliverable/data/CASIA-Iris-Interval/143/L/S1143L06.jpg,1143_L,1143,L,train,S1143L06,True,/Users/hrishi/Desktop/dev/Milestone1 BSAI/checkpoint_deliverable/data/casia_interval_strips/S1143L06.png,/Users/hrishi/Desktop/dev/Milestone1 BSAI/checkpoint_deliverable/data/casia_interval_strips_gt/S1143L06.png,True,True,,
/Users/hrishi/Desktop/dev/Milestone1 BSAI/checkpoint_deliverable/data/CASIA-Iris-Interval/143/L/S1143L07.jpg,1143_L,1143,L,train,S1143L07,True,/Users/hrishi/Desktop/dev/Milestone1 BSAI/checkpoint_deliverable/data/casia_interval_strips/S1143L07.png,/Users/hrishi/Desktop/dev/Milestone1 BSAI/checkpoint_deliverable/data/casia_interval_strips_gt/S1143L07.png,True,True,,
/Users/hrishi/Desktop/dev/Milestone1 BSAI/checkpoint_deliverable/data/CASIA-Iris-Interval/143/L/S1143L03.jpg,1143_L,1143,L,train,S1143L03,True,/Users/hrishi/Desktop/dev/Milestone1 BSAI/checkpoint_deliverable/data/casia_interval_strips/S1143L03.png,/Users/hrishi/Desktop/dev/Milestone1 BSAI/checkpoint_deliverable/data/casia_interval_strips_gt/S1143L03.png,True,True,,
/Users/hrishi/Desktop/dev/Milestone1 BSAI/checkpoint_deliverable/data/CASIA-Iris-Interval/143/L/S1143L02.jpg,1143_L,1143,L,train,S1143L02,True,/Users/hrishi/Desktop/dev/Milestone1 BSAI/checkpoint_deliverable/data/casia_interval_strips/S1143L02.png,/Users/hrishi/Desktop/dev/Milestone1 BSAI/checkpoint_deliverable/data/casia_interval_strips_gt/S1143L02.png,True,True,,
/Users/hrishi/Desktop/dev/Milestone1 BSAI/checkpoint_deliverable/data/CASIA-Iris-Interval/143/L/S1143L01.jpg,1143_L,1143,L,train,S1143L01,True,/Users/hrishi/Desktop/dev/Milestone1 BSAI/checkpoint_deliverable/data/casia_interval_strips/S1143L01.png,/Users/hrishi/Desktop/dev/Milestone1 BSAI/checkpoint_deliverable/data/casia_interval_strips_gt/S1143L01.png,True,True,,
/Users/hrishi/Desktop/dev/Milestone1 BSAI/checkpoint_deliverable/data/CASIA-Iris-Interval/188/R/S1188R09.jpg,1188_R,1188,R,train,S1188R09,True,/Users/hrishi/Desktop/dev/Milestone1 BSAI/checkpoint_deliverable/data/casia_interval_strips/S1188R09.png,/Users/hrishi/Desktop/dev/Milestone1 BSAI/checkpoint_deliverable/data/casia_interval_strips_gt/S1188R09.png,True,True,,
/Users/hrishi/Desktop/dev/Milestone1 BSAI/checkpoint_deliverable/data/CASIA-Iris-Interval/188/R/S1188R08.jpg,1188_R,1188,R,train,S1188R08,True,/Users/hrishi/Desktop/dev/Milestone1 BSAI/checkpoint_deliverable/data/casia_interval_strips/S1188R08.png,/Users/hrishi/Desktop/dev/Milestone1 BSAI/checkpoint_deliverable/data/casia_interval_strips_gt/S1188R08.png,True,True,,
/Users/hrishi/Desktop/dev/Milestone1 BSAI/checkpoint_deliverable/data/CASIA-Iris-Interval/188/R/S1188R05.jpg,1188_R,1188,R,train,S1188R05,True,/Users/hrishi/Desktop/dev/Milestone1 BSAI/checkpoint_deliverable/data/casia_interval_strips/S1188R05.png,/Users/hrishi/Desktop/dev/Milestone1 BSAI/checkpoint_deliverable/data/casia_interval_strips_gt/S1188R05.png,True,True,,
/Users/hrishi/Desktop/dev/Milestone1 BSAI/checkpoint_deliverable/data/CASIA-Iris-Interval/188/R/S1188R10.jpg,1188_R,1188,R,train,S1188R10,True,/Users/hrishi/Desktop/dev/Milestone1 BSAI/checkpoint_deliverable/data/casia_interval_strips/S1188R10.png,/Users/hrishi/Desktop/dev/Milestone1 BSAI/checkpoint_deliverable/data/casia_interval_strips_gt/S1188R10.png,True,True,,
/Users/hrishi/Desktop/dev/Milestone1 BSAI/checkpoint_deliverable/data/CASIA-Iris-Interval/188/R/S1188R04.jpg,1188_R,1188,R,train,S1188R04,True,/Users/hrishi/Desktop/dev/Milestone1 BSAI/checkpoint_deliverable/data/casia_interval_strips/S1188R04.png,/Users/hrishi/Desktop/dev/Milestone1 BSAI/checkpoint_deliverable/data/casia_interval_strips_gt/S1188R04.png,True,True,,
/Users/hrishi/Desktop/dev/Milestone1 BSAI/checkpoint_deliverable/data/CASIA-Iris-Interval/188/R/S1188R06.jpg,1188_R,1188,R,train,S1188R06,True,/Users/hrishi/Desktop/dev/Milestone1 BSAI/checkpoint_deliverable/data/casia_interval_strips/S1188R06.png,/Users/hrishi/Desktop/dev/Milestone1 BSAI/checkpoint_deliverable/data/casia_interval_strips_gt/S1188R06.png,True,True,,
/Users/hrishi/Desktop/dev/Milestone1 BSAI/checkpoint_deliverable/data/CASIA-Iris-Interval/188/R/S1188R07.jpg,1188_R,1188,R,train,S1188R07,True,/Users/hrishi/Desktop/dev/Milestone1 BSAI/checkpoint_deliverable/data/casia_interval_strips/S1188R07.png,/Users/hrishi/Desktop/dev/Milestone1 BSAI/checkpoint_deliverable/data/casia_interval_strips_gt/S1188R07.png,True,True,,
/Users/hrishi/Desktop/dev/Milestone1 BSAI/checkpoint_deliverable/data/CASIA-Iris-Interval/188/R/S1188R03.jpg,1188_R,1188,R,train,S1188R03,True,/Users/hrishi/Desktop/dev/Milestone1 BSAI/checkpoint_deliverable/data/casia_interval_strips/S1188R03.png,/Users/hrishi/Desktop/dev/Milestone1 BSAI/checkpoint_deliverable/data/casia_interval_strips_gt/S1188R03.png,True,True,,
/Users/hrishi/Desktop/dev/Milestone1 BSAI/checkpoint_deliverable/data/CASIA-Iris-Interval/188/R/S1188R02.jpg,1188_R,1188,R,train,S1188R02,True,/Users/hrishi/Desktop/dev/Milestone1 BSAI/checkpoint_deliverable/data/casia_interval_strips/S1188R02.png,/Users/hrishi/Desktop/dev/Milestone1 BSAI/checkpoint_deliverable/data/casia_interval_strips_gt/S1188R02.png,True,True,,
/Users/hrishi/Desktop/dev/Milestone1 BSAI/checkpoint_deliverable/data/CASIA-Iris-Interval/188/R/S1188R01.jpg,1188_R,1188,R,train,S1188R01,True,/Users/hrishi/Desktop/dev/Milestone1 BSAI/checkpoint_deliverable/data/casia_interval_strips/S1188R01.png,/Users/hrishi/Desktop/dev/Milestone1 BSAI/checkpoint_deliverable/data/casia_interval_strips_gt/S1188R01.png,True,True,,
/Users/hrishi/Desktop/dev/Milestone1 BSAI/checkpoint_deliverable/data/CASIA-Iris-Interval/188/L/S1188L08.jpg,1188_L,1188,L,val,S1188L08,True,/Users/hrishi/Desktop/dev/Milestone1 BSAI/checkpoint_deliverable/data/casia_interval_strips/S1188L08.png,/Users/hrishi/Desktop/dev/Milestone1 BSAI/checkpoint_deliverable/data/casia_interval_strips_gt/S1188L08.png,True,True,,
/Users/hrishi/Desktop/dev/Milestone1 BSAI/checkpoint_deliverable/data/CASIA-Iris-Interval/188/L/S1188L09.jpg,1188_L,1188,L,val,S1188L09,True,/Users/hrishi/Desktop/dev/Milestone1 BSAI/checkpoint_deliverable/data/casia_interval_strips/S1188L09.png,/Users/hrishi/Desktop/dev/Milestone1 BSAI/checkpoint_deliverable/data/casia_interval_strips_gt/S1188L09.png,True,True,,
/Users/hrishi/Desktop/dev/Milestone1 BSAI/checkpoint_deliverable/data/CASIA-Iris-Interval/188/L/S1188L02.jpg,1188_L,1188,L,val,S1188L02,True,/Users/hrishi/Desktop/dev/Milestone1 BSAI/checkpoint_deliverable/data/casia_interval_strips/S1188L02.png,/Users/hrishi/Desktop/dev/Milestone1 BSAI/checkpoint_deliverable/data/casia_interval_strips_gt/S1188L02.png,True,True,,
/Users/hrishi/Desktop/dev/Milestone1 BSAI/checkpoint_deliverable/data/CASIA-Iris-Interval/188/L/S1188L03.jpg,1188_L,1188,L,val,S1188L03,True,/Users/hrishi/Desktop/dev/Milestone1 BSAI/checkpoint_deliverable/data/casia_interval_strips/S1188L03.png,/Users/hrishi/Desktop/dev/Milestone1 BSAI/checkpoint_deliverable/data/casia_interval_strips_gt/S1188L03.png,True,True,,
/Users/hrishi/Desktop/dev/Milestone1 BSAI/checkpoint_deliverable/data/CASIA-Iris-Interval/188/L/S1188L01.jpg,1188_L,1188,L,val,S1188L01,True,/Users/hrishi/Desktop/dev/Milestone1 BSAI/checkpoint_deliverable/data/casia_interval_strips/S1188L01.png,/Users/hrishi/Desktop/dev/Milestone1 BSAI/checkpoint_deliverable/data/casia_interval_strips_gt/S1188L01.png,True,True,,
/Users/hrishi/Desktop/dev/Milestone1 BSAI/checkpoint_deliverable/data/CASIA-Iris-Interval/188/L/S1188L04.jpg,1188_L,1188,L,val,S1188L04,True,/Users/hrishi/Desktop/dev/Milestone1 BSAI/checkpoint_deliverable/data/casia_interval_strips/S1188L04.png,/Users/hrishi/Desktop/dev/Milestone1 BSAI/checkpoint_deliverable/data/casia_interval_strips_gt/S1188L04.png,True,True,,
/Users/hrishi/Desktop/dev/Milestone1 BSAI/checkpoint_deliverable/data/CASIA-Iris-Interval/188/L/S1188L10.jpg,1188_L,1188,L,val,S1188L10,True,/Users/hrishi/Desktop/dev/Milestone1 BSAI/checkpoint_deliverable/data/casia_interval_strips/S1188L10.png,/Users/hrishi/Desktop/dev/Milestone1 BSAI/checkpoint_deliverable/data/casia_interval_strips_gt/S1188L10.png,True,True,,
/Users/hrishi/Desktop/dev/Milestone1 BSAI/checkpoint_deliverable/data/CASIA-Iris-Interval/188/L/S1188L05.jpg,1188_L,1188,L,val,S1188L05,True,/Users/hrishi/Desktop/dev/Milestone1 BSAI/checkpoint_deliverable/data/casia_interval_strips/S1188L05.png,/Users/hrishi/Desktop/dev/Milestone1 BSAI/checkpoint_deliverable/data/casia_interval_strips_gt/S1188L05.png,True,True,,
/Users/hrishi/Desktop/dev/Milestone1 BSAI/checkpoint_deliverable/data/CASIA-Iris-Interval/188/L/S1188L07.jpg,1188_L,1188,L,val,S1188L07,True,/Users/hrishi/Desktop/dev/Milestone1 BSAI/checkpoint_deliverable/data/casia_interval_strips/S1188L07.png,/Users/hrishi/Desktop/dev/Milestone1 BSAI/checkpoint_deliverable/data/casia_interval_strips_gt/S1188L07.png,True,True,,
/Users/hrishi/Desktop/dev/Milestone1 BSAI/checkpoint_deliverable/data/CASIA-Iris-Interval/188/L/S1188L06.jpg,1188_L,1188,L,val,S1188L06,True,/Users/hrishi/Desktop/dev/Milestone1 BSAI/checkpoint_deliverable/data/casia_interval_strips/S1188L06.png,/Users/hrishi/Desktop/dev/Milestone1 BSAI/checkpoint_deliverable/data/casia_interval_strips_gt/S1188L06.png,True,True,,
/Users/hrishi/Desktop/dev/Milestone1 BSAI/checkpoint_deliverable/data/CASIA-Iris-Interval/144/R/S1144R02.jpg,1144_R,1144,R,train,S1144R02,True,/Users/hrishi/Desktop/dev/Milestone1 BSAI/checkpoint_deliverable/data/casia_interval_strips/S1144R02.png,/Users/hrishi/Desktop/dev/Milestone1 BSAI/checkpoint_deliverable/data/casia_interval_strips_gt/S1144R02.png,True,True,,
/Users/hrishi/Desktop/dev/Milestone1 BSAI/checkpoint_deliverable/data/CASIA-Iris-Interval/144/R/S1144R03.jpg,1144_R,1144,R,train,S1144R03,True,/Users/hrishi/Desktop/dev/Milestone1 BSAI/checkpoint_deliverable/data/casia_interval_strips/S1144R03.png,/Users/hrishi/Desktop/dev/Milestone1 BSAI/checkpoint_deliverable/data/casia_interval_strips_gt/S1144R03.png,True,True,,
/Users/hrishi/Desktop/dev/Milestone1 BSAI/checkpoint_deliverable/data/CASIA-Iris-Interval/144/R/S1144R01.jpg,1144_R,1144,R,train,S1144R01,True,/Users/hrishi/Desktop/dev/Milestone1 BSAI/checkpoint_deliverable/data/casia_interval_strips/S1144R01.png,/Users/hrishi/Desktop/dev/Milestone1 BSAI/checkpoint_deliverable/data/casia_interval_strips_gt/S1144R01.png,True,True,,
/Users/hrishi/Desktop/dev/Milestone1 BSAI/checkpoint_deliverable/data/CASIA-Iris-Interval/144/R/S1144R04.jpg,1144_R,1144,R,train,S1144R04,True,/Users/hrishi/Desktop/dev/Milestone1 BSAI/checkpoint_deliverable/data/casia_interval_strips/S1144R04.png,/Users/hrishi/Desktop/dev/Milestone1 BSAI/checkpoint_deliverable/data/casia_interval_strips_gt/S1144R04.png,True,True,,
/Users/hrishi/Desktop/dev/Milestone1 BSAI/checkpoint_deliverable/data/CASIA-Iris-Interval/144/R/S1144R05.jpg,1144_R,1144,R,train,S1144R05,True,/Users/hrishi/Desktop/dev/Milestone1 BSAI/checkpoint_deliverable/data/casia_interval_strips/S1144R05.png,/Users/hrishi/Desktop/dev/Milestone1 BSAI/checkpoint_deliverable/data/casia_interval_strips_gt/S1144R05.png,True,True,,
/Users/hrishi/Desktop/dev/Milestone1 BSAI/checkpoint_deliverable/data/CASIA-Iris-Interval/144/R/S1144R07.jpg,1144_R,1144,R,train,S1144R07,True,/Users/hrishi/Desktop/dev/Milestone1 BSAI/checkpoint_deliverable/data/casia_interval_strips/S1144R07.png,/Users/hrishi/Desktop/dev/Milestone1 BSAI/checkpoint_deliverable/data/casia_interval_strips_gt/S1144R07.png,True,True,,
/Users/hrishi/Desktop/dev/Milestone1 BSAI/checkpoint_deliverable/data/CASIA-Iris-Interval/144/R/S1144R06.jpg,1144_R,1144,R,train,S1144R06,True,/Users/hrishi/Desktop/dev/Milestone1 BSAI/checkpoint_deliverable/data/casia_interval_strips/S1144R06.png,/Users/hrishi/Desktop/dev/Milestone1 BSAI/checkpoint_deliverable/data/casia_interval_strips_gt/S1144R06.png,True,True,,
/Users/hrishi/Desktop/dev/Milestone1 BSAI/checkpoint_deliverable/data/CASIA-Iris-Interval/144/L/S1144L05.jpg,1144_L,1144,L,train,S1144L05,True,/Users/hrishi/Desktop/dev/Milestone1 BSAI/checkpoint_deliverable/data/casia_interval_strips/S1144L05.png,/Users/hrishi/Desktop/dev/Milestone1 BSAI/checkpoint_deliverable/data/casia_interval_strips_gt/S1144L05.png,True,True,,
/Users/hrishi/Desktop/dev/Milestone1 BSAI/checkpoint_deliverable/data/CASIA-Iris-Interval/144/L/S1144L04.jpg,1144_L,1144,L,train,S1144L04,True,/Users/hrishi/Desktop/dev/Milestone1 BSAI/checkpoint_deliverable/data/casia_interval_strips/S1144L04.png,/Users/hrishi/Desktop/dev/Milestone1 BSAI/checkpoint_deliverable/data/casia_interval_strips_gt/S1144L04.png,True,True,,
/Users/hrishi/Desktop/dev/Milestone1 BSAI/checkpoint_deliverable/data/CASIA-Iris-Interval/144/L/S1144L06.jpg,1144_L,1144,L,train,S1144L06,True,/Users/hrishi/Desktop/dev/Milestone1 BSAI/checkpoint_deliverable/data/casia_interval_strips/S1144L06.png,/Users/hrishi/Desktop/dev/Milestone1 BSAI/checkpoint_deliverable/data/casia_interval_strips_gt/S1144L06.png,True,True,,
/Users/hrishi/Desktop/dev/Milestone1 BSAI/checkpoint_deliverable/data/CASIA-Iris-Interval/144/L/S1144L07.jpg,1144_L,1144,L,train,S1144L07,True,/Users/hrishi/Desktop/dev/Milestone1 BSAI/checkpoint_deliverable/data/casia_interval_strips/S1144L07.png,/Users/hrishi/Desktop/dev/Milestone1 BSAI/checkpoint_deliverable/data/casia_interval_strips_gt/S1144L07.png,True,True,,
/Users/hrishi/Desktop/dev/Milestone1 BSAI/checkpoint_deliverable/data/CASIA-Iris-Interval/144/L/S1144L03.jpg,1144_L,1144,L,train,S1144L03,True,/Users/hrishi/Desktop/dev/Milestone1 BSAI/checkpoint_deliverable/data/casia_interval_strips/S1144L03.png,/Users/hrishi/Desktop/dev/Milestone1 BSAI/checkpoint_deliverable/data/casia_interval_strips_gt/S1144L03.png,True,True,,
/Users/hrishi/Desktop/dev/Milestone1 BSAI/checkpoint_deliverable/data/CASIA-Iris-Interval/144/L/S1144L02.jpg,1144_L,1144,L,train,S1144L02,True,/Users/hrishi/Desktop/dev/Milestone1 BSAI/checkpoint_deliverable/data/casia_interval_strips/S1144L02.png,/Users/hrishi/Desktop/dev/Milestone1 BSAI/checkpoint_deliverable/data/casia_interval_strips_gt/S1144L02.png,True,True,,
/Users/hrishi/Desktop/dev/Milestone1 BSAI/checkpoint_deliverable/data/CASIA-Iris-Interval/144/L/S1144L01.jpg,1144_L,1144,L,train,S1144L01,True,/Users/hrishi/Desktop/dev/Milestone1 BSAI/checkpoint_deliverable/data/casia_interval_strips/S1144L01.png,/Users/hrishi/Desktop/dev/Milestone1 BSAI/checkpoint_deliverable/data/casia_interval_strips_gt/S1144L01.png,True,True,,
/Users/hrishi/Desktop/dev/Milestone1 BSAI/checkpoint_deliverable/data/CASIA-Iris-Interval/172/L/S1172L04.jpg,1172_L,1172,L,test,S1172L04,True,/Users/hrishi/Desktop/dev/Milestone1 BSAI/checkpoint_deliverable/data/casia_interval_strips/S1172L04.png,/Users/hrishi/Desktop/dev/Milestone1 BSAI/checkpoint_deliverable/data/casia_interval_strips_gt/S1172L04.png,True,True,,
/Users/hrishi/Desktop/dev/Milestone1 BSAI/checkpoint_deliverable/data/CASIA-Iris-Interval/172/L/S1172L05.jpg,1172_L,1172,L,test,S1172L05,True,/Users/hrishi/Desktop/dev/Milestone1 BSAI/checkpoint_deliverable/data/casia_interval_strips/S1172L05.png,/Users/hrishi/Desktop/dev/Milestone1 BSAI/checkpoint_deliverable/data/casia_interval_strips_gt/S1172L05.png,True,True,,
/Users/hrishi/Desktop/dev/Milestone1 BSAI/checkpoint_deliverable/data/CASIA-Iris-Interval/172/L/S1172L07.jpg,1172_L,1172,L,test,S1172L07,True,/Users/hrishi/Desktop/dev/Milestone1 BSAI/checkpoint_deliverable/data/casia_interval_strips/S1172L07.png,/Users/hrishi/Desktop/dev/Milestone1 BSAI/checkpoint_deliverable/data/casia_interval_strips_gt/S1172L07.png,True,True,,
/Users/hrishi/Desktop/dev/Milestone1 BSAI/checkpoint_deliverable/data/CASIA-Iris-Interval/172/L/S1172L06.jpg,1172_L,1172,L,test,S1172L06,True,/Users/hrishi/Desktop/dev/Milestone1 BSAI/checkpoint_deliverable/data/casia_interval_strips/S1172L06.png,/Users/hrishi/Desktop/dev/Milestone1 BSAI/checkpoint_deliverable/data/casia_interval_strips_gt/S1172L06.png,True,True,,
/Users/hrishi/Desktop/dev/Milestone1 BSAI/checkpoint_deliverable/data/CASIA-Iris-Interval/172/L/S1172L02.jpg,1172_L,1172,L,test,S1172L02,True,/Users/hrishi/Desktop/dev/Milestone1 BSAI/checkpoint_deliverable/data/casia_interval_strips/S1172L02.png,/Users/hrishi/Desktop/dev/Milestone1 BSAI/checkpoint_deliverable/data/casia_interval_strips_gt/S1172L02.png,True,True,,
/Users/hrishi/Desktop/dev/Milestone1 BSAI/checkpoint_deliverable/data/CASIA-Iris-Interval/172/L/S1172L03.jpg,1172_L,1172,L,test,S1172L03,True,/Users/hrishi/Desktop/dev/Milestone1 BSAI/checkpoint_deliverable/data/casia_interval_strips/S1172L03.png,/Users/hrishi/Desktop/dev/Milestone1 BSAI/checkpoint_deliverable/data/casia_interval_strips_gt/S1172L03.png,True,True,,
/Users/hrishi/Desktop/dev/Milestone1 BSAI/checkpoint_deliverable/data/CASIA-Iris-Interval/172/L/S1172L01.jpg,1172_L,1172,L,test,S1172L01,True,/Users/hrishi/Desktop/dev/Milestone1 BSAI/checkpoint_deliverable/data/casia_interval_strips/S1172L01.png,/Users/hrishi/Desktop/dev/Milestone1 BSAI/checkpoint_deliverable/data/casia_interval_strips_gt/S1172L01.png,True,True,,
/Users/hrishi/Desktop/dev/Milestone1 BSAI/checkpoint_deliverable/data/CASIA-Iris-Interval/172/L/S1172L08.jpg,1172_L,1172,L,test,S1172L08,True,/Users/hrishi/Desktop/dev/Milestone1 BSAI/checkpoint_deliverable/data/casia_interval_strips/S1172L08.png,/Users/hrishi/Desktop/dev/Milestone1 BSAI/checkpoint_deliverable/data/casia_interval_strips_gt/S1172L08.png,True,True,,
/Users/hrishi/Desktop/dev/Milestone1 BSAI/checkpoint_deliverable/data/CASIA-Iris-Interval/186/L/S1186L08.jpg,1186_L,1186,L,train,S1186L08,True,/Users/hrishi/Desktop/dev/Milestone1 BSAI/checkpoint_deliverable/data/casia_interval_strips/S1186L08.png,/Users/hrishi/Desktop/dev/Milestone1 BSAI/checkpoint_deliverable/data/casia_interval_strips_gt/S1186L08.png,True,True,,
/Users/hrishi/Desktop/dev/Milestone1 BSAI/checkpoint_deliverable/data/CASIA-Iris-Interval/186/L/S1186L09.jpg,1186_L,1186,L,train,S1186L09,True,/Users/hrishi/Desktop/dev/Milestone1 BSAI/checkpoint_deliverable/data/casia_interval_strips/S1186L09.png,/Users/hrishi/Desktop/dev/Milestone1 BSAI/checkpoint_deliverable/data/casia_interval_strips_gt/S1186L09.png,True,True,,
/Users/hrishi/Desktop/dev/Milestone1 BSAI/checkpoint_deliverable/data/CASIA-Iris-Interval/186/L/S1186L07.jpg,1186_L,1186,L,train,S1186L07,True,/Users/hrishi/Desktop/dev/Milestone1 BSAI/checkpoint_deliverable/data/casia_interval_strips/S1186L07.png,/Users/hrishi/Desktop/dev/Milestone1 BSAI/checkpoint_deliverable/data/casia_interval_strips_gt/S1186L07.png,True,True,,
/Users/hrishi/Desktop/dev/Milestone1 BSAI/checkpoint_deliverable/data/CASIA-Iris-Interval/186/L/S1186L06.jpg,1186_L,1186,L,train,S1186L06,True,/Users/hrishi/Desktop/dev/Milestone1 BSAI/checkpoint_deliverable/data/casia_interval_strips/S1186L06.png,/Users/hrishi/Desktop/dev/Milestone1 BSAI/checkpoint_deliverable/data/casia_interval_strips_gt/S1186L06.png,True,True,,
/Users/hrishi/Desktop/dev/Milestone1 BSAI/checkpoint_deliverable/data/CASIA-Iris-Interval/186/L/S1186L04.jpg,1186_L,1186,L,train,S1186L04,True,/Users/hrishi/Desktop/dev/Milestone1 BSAI/checkpoint_deliverable/data/casia_interval_strips/S1186L04.png,/Users/hrishi/Desktop/dev/Milestone1 BSAI/checkpoint_deliverable/data/casia_interval_strips_gt/S1186L04.png,True,True,,
/Users/hrishi/Desktop/dev/Milestone1 BSAI/checkpoint_deliverable/data/CASIA-Iris-Interval/186/L/S1186L05.jpg,1186_L,1186,L,train,S1186L05,True,/Users/hrishi/Desktop/dev/Milestone1 BSAI/checkpoint_deliverable/data/casia_interval_strips/S1186L05.png,/Users/hrishi/Desktop/dev/Milestone1 BSAI/checkpoint_deliverable/data/casia_interval_strips_gt/S1186L05.png,True,True,,
/Users/hrishi/Desktop/dev/Milestone1 BSAI/checkpoint_deliverable/data/CASIA-Iris-Interval/186/L/S1186L01.jpg,1186_L,1186,L,train,S1186L01,True,/Users/hrishi/Desktop/dev/Milestone1 BSAI/checkpoint_deliverable/data/casia_interval_strips/S1186L01.png,/Users/hrishi/Desktop/dev/Milestone1 BSAI/checkpoint_deliverable/data/casia_interval_strips_gt/S1186L01.png,True,True,,
/Users/hrishi/Desktop/dev/Milestone1 BSAI/checkpoint_deliverable/data/CASIA-Iris-Interval/186/L/S1186L02.jpg,1186_L,1186,L,train,S1186L02,True,/Users/hrishi/Desktop/dev/Milestone1 BSAI/checkpoint_deliverable/data/casia_interval_strips/S1186L02.png,/Users/hrishi/Desktop/dev/Milestone1 BSAI/checkpoint_deliverable/data/casia_interval_strips_gt/S1186L02.png,True,True,,
/Users/hrishi/Desktop/dev/Milestone1 BSAI/checkpoint_deliverable/data/CASIA-Iris-Interval/186/L/S1186L03.jpg,1186_L,1186,L,train,S1186L03,True,/Users/hrishi/Desktop/dev/Milestone1 BSAI/checkpoint_deliverable/data/casia_interval_strips/S1186L03.png,/Users/hrishi/Desktop/dev/Milestone1 BSAI/checkpoint_deliverable/data/casia_interval_strips_gt/S1186L03.png,True,True,,
/Users/hrishi/Desktop/dev/Milestone1 BSAI/checkpoint_deliverable/data/CASIA-Iris-Interval/181/L/S1181L07.jpg,1181_L,1181,L,train,S1181L07,True,/Users/hrishi/Desktop/dev/Milestone1 BSAI/checkpoint_deliverable/data/casia_interval_strips/S1181L07.png,/Users/hrishi/Desktop/dev/Milestone1 BSAI/checkpoint_deliverable/data/casia_interval_strips_gt/S1181L07.png,True,True,,
/Users/hrishi/Desktop/dev/Milestone1 BSAI/checkpoint_deliverable/data/CASIA-Iris-Interval/181/L/S1181L06.jpg,1181_L,1181,L,train,S1181L06,True,/Users/hrishi/Desktop/dev/Milestone1 BSAI/checkpoint_deliverable/data/casia_interval_strips/S1181L06.png,/Users/hrishi/Desktop/dev/Milestone1 BSAI/checkpoint_deliverable/data/casia_interval_strips_gt/S1181L06.png,True,True,,
/Users/hrishi/Desktop/dev/Milestone1 BSAI/checkpoint_deliverable/data/CASIA-Iris-Interval/181/L/S1181L04.jpg,1181_L,1181,L,train,S1181L04,True,/Users/hrishi/Desktop/dev/Milestone1 BSAI/checkpoint_deliverable/data/casia_interval_strips/S1181L04.png,/Users/hrishi/Desktop/dev/Milestone1 BSAI/checkpoint_deliverable/data/casia_interval_strips_gt/S1181L04.png,True,True,,
/Users/hrishi/Desktop/dev/Milestone1 BSAI/checkpoint_deliverable/data/CASIA-Iris-Interval/181/L/S1181L05.jpg,1181_L,1181,L,train,S1181L05,True,/Users/hrishi/Desktop/dev/Milestone1 BSAI/checkpoint_deliverable/data/casia_interval_strips/S1181L05.png,/Users/hrishi/Desktop/dev/Milestone1 BSAI/checkpoint_deliverable/data/casia_interval_strips_gt/S1181L05.png,True,True,,
/Users/hrishi/Desktop/dev/Milestone1 BSAI/checkpoint_deliverable/data/CASIA-Iris-Interval/181/L/S1181L01.jpg,1181_L,1181,L,train,S1181L01,True,/Users/hrishi/Desktop/dev/Milestone1 BSAI/checkpoint_deliverable/data/casia_interval_strips/S1181L01.png,/Users/hrishi/Desktop/dev/Milestone1 BSAI/checkpoint_deliverable/data/casia_interval_strips_gt/S1181L01.png,True,True,,
/Users/hrishi/Desktop/dev/Milestone1 BSAI/checkpoint_deliverable/data/CASIA-Iris-Interval/181/L/S1181L02.jpg,1181_L,1181,L,train,S1181L02,True,/Users/hrishi/Desktop/dev/Milestone1 BSAI/checkpoint_deliverable/data/casia_interval_strips/S1181L02.png,/Users/hrishi/Desktop/dev/Milestone1 BSAI/checkpoint_deliverable/data/casia_interval_strips_gt/S1181L02.png,True,True,,
/Users/hrishi/Desktop/dev/Milestone1 BSAI/checkpoint_deliverable/data/CASIA-Iris-Interval/181/L/S1181L03.jpg,1181_L,1181,L,train,S1181L03,True,/Users/hrishi/Desktop/dev/Milestone1 BSAI/checkpoint_deliverable/data/casia_interval_strips/S1181L03.png,/Users/hrishi/Desktop/dev/Milestone1 BSAI/checkpoint_deliverable/data/casia_interval_strips_gt/S1181L03.png,True,True,,
/Users/hrishi/Desktop/dev/Milestone1 BSAI/checkpoint_deliverable/data/CASIA-Iris-Interval/175/L/S1175L04.jpg,1175_L,1175,L,train,S1175L04,True,/Users/hrishi/Desktop/dev/Milestone1 BSAI/checkpoint_deliverable/data/casia_interval_strips/S1175L04.png,/Users/hrishi/Desktop/dev/Milestone1 BSAI/checkpoint_deliverable/data/casia_interval_strips_gt/S1175L04.png,True,True,,
/Users/hrishi/Desktop/dev/Milestone1 BSAI/checkpoint_deliverable/data/CASIA-Iris-Interval/175/L/S1175L05.jpg,1175_L,1175,L,train,S1175L05,True,/Users/hrishi/Desktop/dev/Milestone1 BSAI/checkpoint_deliverable/data/casia_interval_strips/S1175L05.png,/Users/hrishi/Desktop/dev/Milestone1 BSAI/checkpoint_deliverable/data/casia_interval_strips_gt/S1175L05.png,True,True,,
/Users/hrishi/Desktop/dev/Milestone1 BSAI/checkpoint_deliverable/data/CASIA-Iris-Interval/175/L/S1175L06.jpg,1175_L,1175,L,train,S1175L06,True,/Users/hrishi/Desktop/dev/Milestone1 BSAI/checkpoint_deliverable/data/casia_interval_strips/S1175L06.png,/Users/hrishi/Desktop/dev/Milestone1 BSAI/checkpoint_deliverable/data/casia_interval_strips_gt/S1175L06.png,True,True,,
/Users/hrishi/Desktop/dev/Milestone1 BSAI/checkpoint_deliverable/data/CASIA-Iris-Interval/175/L/S1175L02.jpg,1175_L,1175,L,train,S1175L02,True,/Users/hrishi/Desktop/dev/Milestone1 BSAI/checkpoint_deliverable/data/casia_interval_strips/S1175L02.png,/Users/hrishi/Desktop/dev/Milestone1 BSAI/checkpoint_deliverable/data/casia_interval_strips_gt/S1175L02.png,True,True,,
/Users/hrishi/Desktop/dev/Milestone1 BSAI/checkpoint_deliverable/data/CASIA-Iris-Interval/175/L/S1175L03.jpg,1175_L,1175,L,train,S1175L03,True,/Users/hrishi/Desktop/dev/Milestone1 BSAI/checkpoint_deliverable/data/casia_interval_strips/S1175L03.png,/Users/hrishi/Desktop/dev/Milestone1 BSAI/checkpoint_deliverable/data/casia_interval_strips_gt/S1175L03.png,True,True,,
/Users/hrishi/Desktop/dev/Milestone1 BSAI/checkpoint_deliverable/data/CASIA-Iris-Interval/175/L/S1175L01.jpg,1175_L,1175,L,train,S1175L01,True,/Users/hrishi/Desktop/dev/Milestone1 BSAI/checkpoint_deliverable/data/casia_interval_strips/S1175L01.png,/Users/hrishi/Desktop/dev/Milestone1 BSAI/checkpoint_deliverable/data/casia_interval_strips_gt/S1175L01.png,True,True,,
/Users/hrishi/Desktop/dev/Milestone1 BSAI/checkpoint_deliverable/data/CASIA-Iris-Interval/121/R/S1121R01.jpg,1121_R,1121,R,val,S1121R01,True,/Users/hrishi/Desktop/dev/Milestone1 BSAI/checkpoint_deliverable/data/casia_interval_strips/S1121R01.png,/Users/hrishi/Desktop/dev/Milestone1 BSAI/checkpoint_deliverable/data/casia_interval_strips_gt/S1121R01.png,True,True,,
/Users/hrishi/Desktop/dev/Milestone1 BSAI/checkpoint_deliverable/data/CASIA-Iris-Interval/121/R/S1121R03.jpg,1121_R,1121,R,val,S1121R03,True,/Users/hrishi/Desktop/dev/Milestone1 BSAI/checkpoint_deliverable/data/casia_interval_strips/S1121R03.png,/Users/hrishi/Desktop/dev/Milestone1 BSAI/checkpoint_deliverable/data/casia_interval_strips_gt/S1121R03.png,True,True,,
/Users/hrishi/Desktop/dev/Milestone1 BSAI/checkpoint_deliverable/data/CASIA-Iris-Interval/121/R/S1121R02.jpg,1121_R,1121,R,val,S1121R02,True,/Users/hrishi/Desktop/dev/Milestone1 BSAI/checkpoint_deliverable/data/casia_interval_strips/S1121R02.png,/Users/hrishi/Desktop/dev/Milestone1 BSAI/checkpoint_deliverable/data/casia_interval_strips_gt/S1121R02.png,True,True,,
/Users/hrishi/Desktop/dev/Milestone1 BSAI/checkpoint_deliverable/data/CASIA-Iris-Interval/121/R/S1121R06.jpg,1121_R,1121,R,val,S1121R06,True,/Users/hrishi/Desktop/dev/Milestone1 BSAI/checkpoint_deliverable/data/casia_interval_strips/S1121R06.png,/Users/hrishi/Desktop/dev/Milestone1 BSAI/checkpoint_deliverable/data/casia_interval_strips_gt/S1121R06.png,True,True,,
/Users/hrishi/Desktop/dev/Milestone1 BSAI/checkpoint_deliverable/data/CASIA-Iris-Interval/121/R/S1121R05.jpg,1121_R,1121,R,val,S1121R05,True,/Users/hrishi/Desktop/dev/Milestone1 BSAI/checkpoint_deliverable/data/casia_interval_strips/S1121R05.png,/Users/hrishi/Desktop/dev/Milestone1 BSAI/checkpoint_deliverable/data/casia_interval_strips_gt/S1121R05.png,True,True,,
/Users/hrishi/Desktop/dev/Milestone1 BSAI/checkpoint_deliverable/data/CASIA-Iris-Interval/121/R/S1121R04.jpg,1121_R,1121,R,val,S1121R04,True,/Users/hrishi/Desktop/dev/Milestone1 BSAI/checkpoint_deliverable/data/casia_interval_strips/S1121R04.png,/Users/hrishi/Desktop/dev/Milestone1 BSAI/checkpoint_deliverable/data/casia_interval_strips_gt/S1121R04.png,True,True,,
/Users/hrishi/Desktop/dev/Milestone1 BSAI/checkpoint_deliverable/data/CASIA-Iris-Interval/121/L/S1121L07.jpg,1121_L,1121,L,train,S1121L07,True,/Users/hrishi/Desktop/dev/Milestone1 BSAI/checkpoint_deliverable/data/casia_interval_strips/S1121L07.png,/Users/hrishi/Desktop/dev/Milestone1 BSAI/checkpoint_deliverable/data/casia_interval_strips_gt/S1121L07.png,True,True,,
/Users/hrishi/Desktop/dev/Milestone1 BSAI/checkpoint_deliverable/data/CASIA-Iris-Interval/121/L/S1121L06.jpg,1121_L,1121,L,train,S1121L06,True,/Users/hrishi/Desktop/dev/Milestone1 BSAI/checkpoint_deliverable/data/casia_interval_strips/S1121L06.png,/Users/hrishi/Desktop/dev/Milestone1 BSAI/checkpoint_deliverable/data/casia_interval_strips_gt/S1121L06.png,True,True,,
/Users/hrishi/Desktop/dev/Milestone1 BSAI/checkpoint_deliverable/data/CASIA-Iris-Interval/121/L/S1121L04.jpg,1121_L,1121,L,train,S1121L04,True,/Users/hrishi/Desktop/dev/Milestone1 BSAI/checkpoint_deliverable/data/casia_interval_strips/S1121L04.png,/Users/hrishi/Desktop/dev/Milestone1 BSAI/checkpoint_deliverable/data/casia_interval_strips_gt/S1121L04.png,True,True,,
/Users/hrishi/Desktop/dev/Milestone1 BSAI/checkpoint_deliverable/data/CASIA-Iris-Interval/121/L/S1121L05.jpg,1121_L,1121,L,train,S1121L05,True,/Users/hrishi/Desktop/dev/Milestone1 BSAI/checkpoint_deliverable/data/casia_interval_strips/S1121L05.png,/Users/hrishi/Desktop/dev/Milestone1 BSAI/checkpoint_deliverable/data/casia_interval_strips_gt/S1121L05.png,True,True,,
/Users/hrishi/Desktop/dev/Milestone1 BSAI/checkpoint_deliverable/data/CASIA-Iris-Interval/121/L/S1121L01.jpg,1121_L,1121,L,train,S1121L01,True,/Users/hrishi/Desktop/dev/Milestone1 BSAI/checkpoint_deliverable/data/casia_interval_strips/S1121L01.png,/Users/hrishi/Desktop/dev/Milestone1 BSAI/checkpoint_deliverable/data/casia_interval_strips_gt/S1121L01.png,True,True,,
/Users/hrishi/Desktop/dev/Milestone1 BSAI/checkpoint_deliverable/data/CASIA-Iris-Interval/121/L/S1121L02.jpg,1121_L,1121,L,train,S1121L02,True,/Users/hrishi/Desktop/dev/Milestone1 BSAI/checkpoint_deliverable/data/casia_interval_strips/S1121L02.png,/Users/hrishi/Desktop/dev/Milestone1 BSAI/checkpoint_deliverable/data/casia_interval_strips_gt/S1121L02.png,True,True,,
/Users/hrishi/Desktop/dev/Milestone1 BSAI/checkpoint_deliverable/data/CASIA-Iris-Interval/121/L/S1121L03.jpg,1121_L,1121,L,train,S1121L03,True,/Users/hrishi/Desktop/dev/Milestone1 BSAI/checkpoint_deliverable/data/casia_interval_strips/S1121L03.png,/Users/hrishi/Desktop/dev/Milestone1 BSAI/checkpoint_deliverable/data/casia_interval_strips_gt/S1121L03.png,True,True,,
/Users/hrishi/Desktop/dev/Milestone1 BSAI/checkpoint_deliverable/data/CASIA-Iris-Interval/119/R/S1119R04.jpg,1119_R,1119,R,test,S1119R04,True,/Users/hrishi/Desktop/dev/Milestone1 BSAI/checkpoint_deliverable/data/casia_interval_strips/S1119R04.png,/Users/hrishi/Desktop/dev/Milestone1 BSAI/checkpoint_deliverable/data/casia_interval_strips_gt/S1119R04.png,True,True,,
/Users/hrishi/Desktop/dev/Milestone1 BSAI/checkpoint_deliverable/data/CASIA-Iris-Interval/119/R/S1119R05.jpg,1119_R,1119,R,test,S1119R05,True,/Users/hrishi/Desktop/dev/Milestone1 BSAI/checkpoint_deliverable/data/casia_interval_strips/S1119R05.png,/Users/hrishi/Desktop/dev/Milestone1 BSAI/checkpoint_deliverable/data/casia_interval_strips_gt/S1119R05.png,True,True,,
/Users/hrishi/Desktop/dev/Milestone1 BSAI/checkpoint_deliverable/data/CASIA-Iris-Interval/119/R/S1119R07.jpg,1119_R,1119,R,test,S1119R07,True,/Users/hrishi/Desktop/dev/Milestone1 BSAI/checkpoint_deliverable/data/casia_interval_strips/S1119R07.png,/Users/hrishi/Desktop/dev/Milestone1 BSAI/checkpoint_deliverable/data/casia_interval_strips_gt/S1119R07.png,True,True,,
/Users/hrishi/Desktop/dev/Milestone1 BSAI/checkpoint_deliverable/data/CASIA-Iris-Interval/119/R/S1119R06.jpg,1119_R,1119,R,test,S1119R06,True,/Users/hrishi/Desktop/dev/Milestone1 BSAI/checkpoint_deliverable/data/casia_interval_strips/S1119R06.png,/Users/hrishi/Desktop/dev/Milestone1 BSAI/checkpoint_deliverable/data/casia_interval_strips_gt/S1119R06.png,True,True,,
/Users/hrishi/Desktop/dev/Milestone1 BSAI/checkpoint_deliverable/data/CASIA-Iris-Interval/119/R/S1119R02.jpg,1119_R,1119,R,test,S1119R02,True,/Users/hrishi/Desktop/dev/Milestone1 BSAI/checkpoint_deliverable/data/casia_interval_strips/S1119R02.png,/Users/hrishi/Desktop/dev/Milestone1 BSAI/checkpoint_deliverable/data/casia_interval_strips_gt/S1119R02.png,True,True,,
/Users/hrishi/Desktop/dev/Milestone1 BSAI/checkpoint_deliverable/data/CASIA-Iris-Interval/119/R/S1119R03.jpg,1119_R,1119,R,test,S1119R03,True,/Users/hrishi/Desktop/dev/Milestone1 BSAI/checkpoint_deliverable/data/casia_interval_strips/S1119R03.png,/Users/hrishi/Desktop/dev/Milestone1 BSAI/checkpoint_deliverable/data/casia_interval_strips_gt/S1119R03.png,True,True,,
/Users/hrishi/Desktop/dev/Milestone1 BSAI/checkpoint_deliverable/data/CASIA-Iris-Interval/119/R/S1119R01.jpg,1119_R,1119,R,test,S1119R01,True,/Users/hrishi/Desktop/dev/Milestone1 BSAI/checkpoint_deliverable/data/casia_interval_strips/S1119R01.png,/Users/hrishi/Desktop/dev/Milestone1 BSAI/checkpoint_deliverable/data/casia_interval_strips_gt/S1119R01.png,True,True,,
/Users/hrishi/Desktop/dev/Milestone1 BSAI/checkpoint_deliverable/data/CASIA-Iris-Interval/119/L/S1119L03.jpg,1119_L,1119,L,test,S1119L03,True,/Users/hrishi/Desktop/dev/Milestone1 BSAI/checkpoint_deliverable/data/casia_interval_strips/S1119L03.png,/Users/hrishi/Desktop/dev/Milestone1 BSAI/checkpoint_deliverable/data/casia_interval_strips_gt/S1119L03.png,True,True,,
/Users/hrishi/Desktop/dev/Milestone1 BSAI/checkpoint_deliverable/data/CASIA-Iris-Interval/119/L/S1119L02.jpg,1119_L,1119,L,test,S1119L02,True,/Users/hrishi/Desktop/dev/Milestone1 BSAI/checkpoint_deliverable/data/casia_interval_strips/S1119L02.png,/Users/hrishi/Desktop/dev/Milestone1 BSAI/checkpoint_deliverable/data/casia_interval_strips_gt/S1119L02.png,True,True,,
/Users/hrishi/Desktop/dev/Milestone1 BSAI/checkpoint_deliverable/data/CASIA-Iris-Interval/119/L/S1119L01.jpg,1119_L,1119,L,test,S1119L01,True,/Users/hrishi/Desktop/dev/Milestone1 BSAI/checkpoint_deliverable/data/casia_interval_strips/S1119L01.png,/Users/hrishi/Desktop/dev/Milestone1 BSAI/checkpoint_deliverable/data/casia_interval_strips_gt/S1119L01.png,True,True,,
/Users/hrishi/Desktop/dev/Milestone1 BSAI/checkpoint_deliverable/data/CASIA-Iris-Interval/119/L/S1119L05.jpg,1119_L,1119,L,test,S1119L05,True,/Users/hrishi/Desktop/dev/Milestone1 BSAI/checkpoint_deliverable/data/casia_interval_strips/S1119L05.png,/Users/hrishi/Desktop/dev/Milestone1 BSAI/checkpoint_deliverable/data/casia_interval_strips_gt/S1119L05.png,True,True,,
/Users/hrishi/Desktop/dev/Milestone1 BSAI/checkpoint_deliverable/data/CASIA-Iris-Interval/119/L/S1119L04.jpg,1119_L,1119,L,test,S1119L04,True,/Users/hrishi/Desktop/dev/Milestone1 BSAI/checkpoint_deliverable/data/casia_interval_strips/S1119L04.png,/Users/hrishi/Desktop/dev/Milestone1 BSAI/checkpoint_deliverable/data/casia_interval_strips_gt/S1119L04.png,True,True,,
/Users/hrishi/Desktop/dev/Milestone1 BSAI/checkpoint_deliverable/data/CASIA-Iris-Interval/119/L/S1119L06.jpg,1119_L,1119,L,test,S1119L06,True,/Users/hrishi/Desktop/dev/Milestone1 BSAI/checkpoint_deliverable/data/casia_interval_strips/S1119L06.png,/Users/hrishi/Desktop/dev/Milestone1 BSAI/checkpoint_deliverable/data/casia_interval_strips_gt/S1119L06.png,True,True,,
/Users/hrishi/Desktop/dev/Milestone1 BSAI/checkpoint_deliverable/data/CASIA-Iris-Interval/119/L/S1119L07.jpg,1119_L,1119,L,test,S1119L07,True,/Users/hrishi/Desktop/dev/Milestone1 BSAI/checkpoint_deliverable/data/casia_interval_strips/S1119L07.png,/Users/hrishi/Desktop/dev/Milestone1 BSAI/checkpoint_deliverable/data/casia_interval_strips_gt/S1119L07.png,True,True,,
/Users/hrishi/Desktop/dev/Milestone1 BSAI/checkpoint_deliverable/data/CASIA-Iris-Interval/126/R/S1126R01.jpg,1126_R,1126,R,train,S1126R01,True,/Users/hrishi/Desktop/dev/Milestone1 BSAI/checkpoint_deliverable/data/casia_interval_strips/S1126R01.png,/Users/hrishi/Desktop/dev/Milestone1 BSAI/checkpoint_deliverable/data/casia_interval_strips_gt/S1126R01.png,True,True,,
/Users/hrishi/Desktop/dev/Milestone1 BSAI/checkpoint_deliverable/data/CASIA-Iris-Interval/126/R/S1126R03.jpg,1126_R,1126,R,train,S1126R03,True,/Users/hrishi/Desktop/dev/Milestone1 BSAI/checkpoint_deliverable/data/casia_interval_strips/S1126R03.png,/Users/hrishi/Desktop/dev/Milestone1 BSAI/checkpoint_deliverable/data/casia_interval_strips_gt/S1126R03.png,True,True,,
/Users/hrishi/Desktop/dev/Milestone1 BSAI/checkpoint_deliverable/data/CASIA-Iris-Interval/126/R/S1126R02.jpg,1126_R,1126,R,train,S1126R02,True,/Users/hrishi/Desktop/dev/Milestone1 BSAI/checkpoint_deliverable/data/casia_interval_strips/S1126R02.png,/Users/hrishi/Desktop/dev/Milestone1 BSAI/checkpoint_deliverable/data/casia_interval_strips_gt/S1126R02.png,True,True,,
/Users/hrishi/Desktop/dev/Milestone1 BSAI/checkpoint_deliverable/data/CASIA-Iris-Interval/126/R/S1126R06.jpg,1126_R,1126,R,train,S1126R06,True,/Users/hrishi/Desktop/dev/Milestone1 BSAI/checkpoint_deliverable/data/casia_interval_strips/S1126R06.png,/Users/hrishi/Desktop/dev/Milestone1 BSAI/checkpoint_deliverable/data/casia_interval_strips_gt/S1126R06.png,True,True,,
/Users/hrishi/Desktop/dev/Milestone1 BSAI/checkpoint_deliverable/data/CASIA-Iris-Interval/126/R/S1126R07.jpg,1126_R,1126,R,train,S1126R07,True,/Users/hrishi/Desktop/dev/Milestone1 BSAI/checkpoint_deliverable/data/casia_interval_strips/S1126R07.png,/Users/hrishi/Desktop/dev/Milestone1 BSAI/checkpoint_deliverable/data/casia_interval_strips_gt/S1126R07.png,True,True,,
/Users/hrishi/Desktop/dev/Milestone1 BSAI/checkpoint_deliverable/data/CASIA-Iris-Interval/126/R/S1126R05.jpg,1126_R,1126,R,train,S1126R05,True,/Users/hrishi/Desktop/dev/Milestone1 BSAI/checkpoint_deliverable/data/casia_interval_strips/S1126R05.png,/Users/hrishi/Desktop/dev/Milestone1 BSAI/checkpoint_deliverable/data/casia_interval_strips_gt/S1126R05.png,True,True,,
/Users/hrishi/Desktop/dev/Milestone1 BSAI/checkpoint_deliverable/data/CASIA-Iris-Interval/126/R/S1126R04.jpg,1126_R,1126,R,train,S1126R04,True,/Users/hrishi/Desktop/dev/Milestone1 BSAI/checkpoint_deliverable/data/casia_interval_strips/S1126R04.png,/Users/hrishi/Desktop/dev/Milestone1 BSAI/checkpoint_deliverable/data/casia_interval_strips_gt/S1126R04.png,True,True,,
/Users/hrishi/Desktop/dev/Milestone1 BSAI/checkpoint_deliverable/data/CASIA-Iris-Interval/126/L/S1126L07.jpg,1126_L,1126,L,test,S1126L07,True,/Users/hrishi/Desktop/dev/Milestone1 BSAI/checkpoint_deliverable/data/casia_interval_strips/S1126L07.png,/Users/hrishi/Desktop/dev/Milestone1 BSAI/checkpoint_deliverable/data/casia_interval_strips_gt/S1126L07.png,True,True,,
/Users/hrishi/Desktop/dev/Milestone1 BSAI/checkpoint_deliverable/data/CASIA-Iris-Interval/126/L/S1126L06.jpg,1126_L,1126,L,test,S1126L06,True,/Users/hrishi/Desktop/dev/Milestone1 BSAI/checkpoint_deliverable/data/casia_interval_strips/S1126L06.png,/Users/hrishi/Desktop/dev/Milestone1 BSAI/checkpoint_deliverable/data/casia_interval_strips_gt/S1126L06.png,True,True,,
/Users/hrishi/Desktop/dev/Milestone1 BSAI/checkpoint_deliverable/data/CASIA-Iris-Interval/126/L/S1126L04.jpg,1126_L,1126,L,test,S1126L04,True,/Users/hrishi/Desktop/dev/Milestone1 BSAI/checkpoint_deliverable/data/casia_interval_strips/S1126L04.png,/Users/hrishi/Desktop/dev/Milestone1 BSAI/checkpoint_deliverable/data/casia_interval_strips_gt/S1126L04.png,True,True,,
/Users/hrishi/Desktop/dev/Milestone1 BSAI/checkpoint_deliverable/data/CASIA-Iris-Interval/126/L/S1126L05.jpg,1126_L,1126,L,test,S1126L05,True,/Users/hrishi/Desktop/dev/Milestone1 BSAI/checkpoint_deliverable/data/casia_interval_strips/S1126L05.png,/Users/hrishi/Desktop/dev/Milestone1 BSAI/checkpoint_deliverable/data/casia_interval_strips_gt/S1126L05.png,True,True,,
/Users/hrishi/Desktop/dev/Milestone1 BSAI/checkpoint_deliverable/data/CASIA-Iris-Interval/126/L/S1126L01.jpg,1126_L,1126,L,test,S1126L01,True,/Users/hrishi/Desktop/dev/Milestone1 BSAI/checkpoint_deliverable/data/casia_interval_strips/S1126L01.png,/Users/hrishi/Desktop/dev/Milestone1 BSAI/checkpoint_deliverable/data/casia_interval_strips_gt/S1126L01.png,True,True,,
/Users/hrishi/Desktop/dev/Milestone1 BSAI/checkpoint_deliverable/data/CASIA-Iris-Interval/126/L/S1126L02.jpg,1126_L,1126,L,test,S1126L02,True,/Users/hrishi/Desktop/dev/Milestone1 BSAI/checkpoint_deliverable/data/casia_interval_strips/S1126L02.png,/Users/hrishi/Desktop/dev/Milestone1 BSAI/checkpoint_deliverable/data/casia_interval_strips_gt/S1126L02.png,True,True,,
/Users/hrishi/Desktop/dev/Milestone1 BSAI/checkpoint_deliverable/data/CASIA-Iris-Interval/126/L/S1126L03.jpg,1126_L,1126,L,test,S1126L03,True,/Users/hrishi/Desktop/dev/Milestone1 BSAI/checkpoint_deliverable/data/casia_interval_strips/S1126L03.png,/Users/hrishi/Desktop/dev/Milestone1 BSAI/checkpoint_deliverable/data/casia_interval_strips_gt/S1126L03.png,True,True,,
/Users/hrishi/Desktop/dev/Milestone1 BSAI/checkpoint_deliverable/data/CASIA-Iris-Interval/110/R/S1110R01.jpg,1110_R,1110,R,val,S1110R01,True,/Users/hrishi/Desktop/dev/Milestone1 BSAI/checkpoint_deliverable/data/casia_interval_strips/S1110R01.png,/Users/hrishi/Desktop/dev/Milestone1 BSAI/checkpoint_deliverable/data/casia_interval_strips_gt/S1110R01.png,True,True,,
/Users/hrishi/Desktop/dev/Milestone1 BSAI/checkpoint_deliverable/data/CASIA-Iris-Interval/110/R/S1110R02.jpg,1110_R,1110,R,val,S1110R02,True,/Users/hrishi/Desktop/dev/Milestone1 BSAI/checkpoint_deliverable/data/casia_interval_strips/S1110R02.png,/Users/hrishi/Desktop/dev/Milestone1 BSAI/checkpoint_deliverable/data/casia_interval_strips_gt/S1110R02.png,True,True,,
/Users/hrishi/Desktop/dev/Milestone1 BSAI/checkpoint_deliverable/data/CASIA-Iris-Interval/110/R/S1110R03.jpg,1110_R,1110,R,val,S1110R03,True,/Users/hrishi/Desktop/dev/Milestone1 BSAI/checkpoint_deliverable/data/casia_interval_strips/S1110R03.png,/Users/hrishi/Desktop/dev/Milestone1 BSAI/checkpoint_deliverable/data/casia_interval_strips_gt/S1110R03.png,True,True,,
/Users/hrishi/Desktop/dev/Milestone1 BSAI/checkpoint_deliverable/data/CASIA-Iris-Interval/110/R/S1110R07.jpg,1110_R,1110,R,val,S1110R07,True,/Users/hrishi/Desktop/dev/Milestone1 BSAI/checkpoint_deliverable/data/casia_interval_strips/S1110R07.png,/Users/hrishi/Desktop/dev/Milestone1 BSAI/checkpoint_deliverable/data/casia_interval_strips_gt/S1110R07.png,True,True,,
/Users/hrishi/Desktop/dev/Milestone1 BSAI/checkpoint_deliverable/data/CASIA-Iris-Interval/110/R/S1110R06.jpg,1110_R,1110,R,val,S1110R06,True,/Users/hrishi/Desktop/dev/Milestone1 BSAI/checkpoint_deliverable/data/casia_interval_strips/S1110R06.png,/Users/hrishi/Desktop/dev/Milestone1 BSAI/checkpoint_deliverable/data/casia_interval_strips_gt/S1110R06.png,True,True,,
/Users/hrishi/Desktop/dev/Milestone1 BSAI/checkpoint_deliverable/data/CASIA-Iris-Interval/110/R/S1110R04.jpg,1110_R,1110,R,val,S1110R04,True,/Users/hrishi/Desktop/dev/Milestone1 BSAI/checkpoint_deliverable/data/casia_interval_strips/S1110R04.png,/Users/hrishi/Desktop/dev/Milestone1 BSAI/checkpoint_deliverable/data/casia_interval_strips_gt/S1110R04.png,True,True,,
/Users/hrishi/Desktop/dev/Milestone1 BSAI/checkpoint_deliverable/data/CASIA-Iris-Interval/110/R/S1110R05.jpg,1110_R,1110,R,val,S1110R05,True,/Users/hrishi/Desktop/dev/Milestone1 BSAI/checkpoint_deliverable/data/casia_interval_strips/S1110R05.png,/Users/hrishi/Desktop/dev/Milestone1 BSAI/checkpoint_deliverable/data/casia_interval_strips_gt/S1110R05.png,True,True,,
/Users/hrishi/Desktop/dev/Milestone1 BSAI/checkpoint_deliverable/data/CASIA-Iris-Interval/110/L/S1110L06.jpg,1110_L,1110,L,train,S1110L06,True,/Users/hrishi/Desktop/dev/Milestone1 BSAI/checkpoint_deliverable/data/casia_interval_strips/S1110L06.png,/Users/hrishi/Desktop/dev/Milestone1 BSAI/checkpoint_deliverable/data/casia_interval_strips_gt/S1110L06.png,True,True,,
/Users/hrishi/Desktop/dev/Milestone1 BSAI/checkpoint_deliverable/data/CASIA-Iris-Interval/110/L/S1110L07.jpg,1110_L,1110,L,train,S1110L07,True,/Users/hrishi/Desktop/dev/Milestone1 BSAI/checkpoint_deliverable/data/casia_interval_strips/S1110L07.png,/Users/hrishi/Desktop/dev/Milestone1 BSAI/checkpoint_deliverable/data/casia_interval_strips_gt/S1110L07.png,True,True,,
/Users/hrishi/Desktop/dev/Milestone1 BSAI/checkpoint_deliverable/data/CASIA-Iris-Interval/110/L/S1110L05.jpg,1110_L,1110,L,train,S1110L05,True,/Users/hrishi/Desktop/dev/Milestone1 BSAI/checkpoint_deliverable/data/casia_interval_strips/S1110L05.png,/Users/hrishi/Desktop/dev/Milestone1 BSAI/checkpoint_deliverable/data/casia_interval_strips_gt/S1110L05.png,True,True,,
/Users/hrishi/Desktop/dev/Milestone1 BSAI/checkpoint_deliverable/data/CASIA-Iris-Interval/110/L/S1110L04.jpg,1110_L,1110,L,train,S1110L04,True,/Users/hrishi/Desktop/dev/Milestone1 BSAI/checkpoint_deliverable/data/casia_interval_strips/S1110L04.png,/Users/hrishi/Desktop/dev/Milestone1 BSAI/checkpoint_deliverable/data/casia_interval_strips_gt/S1110L04.png,True,True,,
/Users/hrishi/Desktop/dev/Milestone1 BSAI/checkpoint_deliverable/data/CASIA-Iris-Interval/110/L/S1110L01.jpg,1110_L,1110,L,train,S1110L01,True,/Users/hrishi/Desktop/dev/Milestone1 BSAI/checkpoint_deliverable/data/casia_interval_strips/S1110L01.png,/Users/hrishi/Desktop/dev/Milestone1 BSAI/checkpoint_deliverable/data/casia_interval_strips_gt/S1110L01.png,True,True,,
/Users/hrishi/Desktop/dev/Milestone1 BSAI/checkpoint_deliverable/data/CASIA-Iris-Interval/110/L/S1110L03.jpg,1110_L,1110,L,train,S1110L03,True,/Users/hrishi/Desktop/dev/Milestone1 BSAI/checkpoint_deliverable/data/casia_interval_strips/S1110L03.png,/Users/hrishi/Desktop/dev/Milestone1 BSAI/checkpoint_deliverable/data/casia_interval_strips_gt/S1110L03.png,True,True,,
/Users/hrishi/Desktop/dev/Milestone1 BSAI/checkpoint_deliverable/data/CASIA-Iris-Interval/110/L/S1110L02.jpg,1110_L,1110,L,train,S1110L02,True,/Users/hrishi/Desktop/dev/Milestone1 BSAI/checkpoint_deliverable/data/casia_interval_strips/S1110L02.png,/Users/hrishi/Desktop/dev/Milestone1 BSAI/checkpoint_deliverable/data/casia_interval_strips_gt/S1110L02.png,True,True,,
/Users/hrishi/Desktop/dev/Milestone1 BSAI/checkpoint_deliverable/data/CASIA-Iris-Interval/128/R/S1128R05.jpg,1128_R,1128,R,train,S1128R05,True,/Users/hrishi/Desktop/dev/Milestone1 BSAI/checkpoint_deliverable/data/casia_interval_strips/S1128R05.png,/Users/hrishi/Desktop/dev/Milestone1 BSAI/checkpoint_deliverable/data/casia_interval_strips_gt/S1128R05.png,True,True,,
/Users/hrishi/Desktop/dev/Milestone1 BSAI/checkpoint_deliverable/data/CASIA-Iris-Interval/128/R/S1128R04.jpg,1128_R,1128,R,train,S1128R04,True,/Users/hrishi/Desktop/dev/Milestone1 BSAI/checkpoint_deliverable/data/casia_interval_strips/S1128R04.png,/Users/hrishi/Desktop/dev/Milestone1 BSAI/checkpoint_deliverable/data/casia_interval_strips_gt/S1128R04.png,True,True,,
/Users/hrishi/Desktop/dev/Milestone1 BSAI/checkpoint_deliverable/data/CASIA-Iris-Interval/128/R/S1128R03.jpg,1128_R,1128,R,train,S1128R03,True,/Users/hrishi/Desktop/dev/Milestone1 BSAI/checkpoint_deliverable/data/casia_interval_strips/S1128R03.png,/Users/hrishi/Desktop/dev/Milestone1 BSAI/checkpoint_deliverable/data/casia_interval_strips_gt/S1128R03.png,True,True,,
/Users/hrishi/Desktop/dev/Milestone1 BSAI/checkpoint_deliverable/data/CASIA-Iris-Interval/128/R/S1128R02.jpg,1128_R,1128,R,train,S1128R02,True,/Users/hrishi/Desktop/dev/Milestone1 BSAI/checkpoint_deliverable/data/casia_interval_strips/S1128R02.png,/Users/hrishi/Desktop/dev/Milestone1 BSAI/checkpoint_deliverable/data/casia_interval_strips_gt/S1128R02.png,True,True,,
/Users/hrishi/Desktop/dev/Milestone1 BSAI/checkpoint_deliverable/data/CASIA-Iris-Interval/128/R/S1128R01.jpg,1128_R,1128,R,train,S1128R01,True,/Users/hrishi/Desktop/dev/Milestone1 BSAI/checkpoint_deliverable/data/casia_interval_strips/S1128R01.png,/Users/hrishi/Desktop/dev/Milestone1 BSAI/checkpoint_deliverable/data/casia_interval_strips_gt/S1128R01.png,True,True,,
/Users/hrishi/Desktop/dev/Milestone1 BSAI/checkpoint_deliverable/data/CASIA-Iris-Interval/128/L/S1128L02.jpg,1128_L,1128,L,test,S1128L02,True,/Users/hrishi/Desktop/dev/Milestone1 BSAI/checkpoint_deliverable/data/casia_interval_strips/S1128L02.png,/Users/hrishi/Desktop/dev/Milestone1 BSAI/checkpoint_deliverable/data/casia_interval_strips_gt/S1128L02.png,True,True,,
/Users/hrishi/Desktop/dev/Milestone1 BSAI/checkpoint_deliverable/data/CASIA-Iris-Interval/128/L/S1128L03.jpg,1128_L,1128,L,test,S1128L03,True,/Users/hrishi/Desktop/dev/Milestone1 BSAI/checkpoint_deliverable/data/casia_interval_strips/S1128L03.png,/Users/hrishi/Desktop/dev/Milestone1 BSAI/checkpoint_deliverable/data/casia_interval_strips_gt/S1128L03.png,True,True,,
/Users/hrishi/Desktop/dev/Milestone1 BSAI/checkpoint_deliverable/data/CASIA-Iris-Interval/128/L/S1128L01.jpg,1128_L,1128,L,test,S1128L01,True,/Users/hrishi/Desktop/dev/Milestone1 BSAI/checkpoint_deliverable/data/casia_interval_strips/S1128L01.png,/Users/hrishi/Desktop/dev/Milestone1 BSAI/checkpoint_deliverable/data/casia_interval_strips_gt/S1128L01.png,True,True,,
/Users/hrishi/Desktop/dev/Milestone1 BSAI/checkpoint_deliverable/data/CASIA-Iris-Interval/128/L/S1128L04.jpg,1128_L,1128,L,test,S1128L04,True,/Users/hrishi/Desktop/dev/Milestone1 BSAI/checkpoint_deliverable/data/casia_interval_strips/S1128L04.png,/Users/hrishi/Desktop/dev/Milestone1 BSAI/checkpoint_deliverable/data/casia_interval_strips_gt/S1128L04.png,True,True,,
/Users/hrishi/Desktop/dev/Milestone1 BSAI/checkpoint_deliverable/data/CASIA-Iris-Interval/128/L/S1128L05.jpg,1128_L,1128,L,test,S1128L05,True,/Users/hrishi/Desktop/dev/Milestone1 BSAI/checkpoint_deliverable/data/casia_interval_strips/S1128L05.png,/Users/hrishi/Desktop/dev/Milestone1 BSAI/checkpoint_deliverable/data/casia_interval_strips_gt/S1128L05.png,True,True,,
/Users/hrishi/Desktop/dev/Milestone1 BSAI/checkpoint_deliverable/data/CASIA-Iris-Interval/128/L/S1128L07.jpg,1128_L,1128,L,test,S1128L07,True,/Users/hrishi/Desktop/dev/Milestone1 BSAI/checkpoint_deliverable/data/casia_interval_strips/S1128L07.png,/Users/hrishi/Desktop/dev/Milestone1 BSAI/checkpoint_deliverable/data/casia_interval_strips_gt/S1128L07.png,True,True,,
/Users/hrishi/Desktop/dev/Milestone1 BSAI/checkpoint_deliverable/data/CASIA-Iris-Interval/128/L/S1128L06.jpg,1128_L,1128,L,test,S1128L06,True,/Users/hrishi/Desktop/dev/Milestone1 BSAI/checkpoint_deliverable/data/casia_interval_strips/S1128L06.png,/Users/hrishi/Desktop/dev/Milestone1 BSAI/checkpoint_deliverable/data/casia_interval_strips_gt/S1128L06.png,True,True,,
/Users/hrishi/Desktop/dev/Milestone1 BSAI/checkpoint_deliverable/data/CASIA-Iris-Interval/117/R/S1117R01.jpg,1117_R,1117,R,train,S1117R01,True,/Users/hrishi/Desktop/dev/Milestone1 BSAI/checkpoint_deliverable/data/casia_interval_strips/S1117R01.png,/Users/hrishi/Desktop/dev/Milestone1 BSAI/checkpoint_deliverable/data/casia_interval_strips_gt/S1117R01.png,True,True,,
/Users/hrishi/Desktop/dev/Milestone1 BSAI/checkpoint_deliverable/data/CASIA-Iris-Interval/117/R/S1117R02.jpg,1117_R,1117,R,train,S1117R02,True,/Users/hrishi/Desktop/dev/Milestone1 BSAI/checkpoint_deliverable/data/casia_interval_strips/S1117R02.png,/Users/hrishi/Desktop/dev/Milestone1 BSAI/checkpoint_deliverable/data/casia_interval_strips_gt/S1117R02.png,True,True,,
/Users/hrishi/Desktop/dev/Milestone1 BSAI/checkpoint_deliverable/data/CASIA-Iris-Interval/117/R/S1117R03.jpg,1117_R,1117,R,train,S1117R03,True,/Users/hrishi/Desktop/dev/Milestone1 BSAI/checkpoint_deliverable/data/casia_interval_strips/S1117R03.png,/Users/hrishi/Desktop/dev/Milestone1 BSAI/checkpoint_deliverable/data/casia_interval_strips_gt/S1117R03.png,True,True,,
/Users/hrishi/Desktop/dev/Milestone1 BSAI/checkpoint_deliverable/data/CASIA-Iris-Interval/117/R/S1117R07.jpg,1117_R,1117,R,train,S1117R07,True,/Users/hrishi/Desktop/dev/Milestone1 BSAI/checkpoint_deliverable/data/casia_interval_strips/S1117R07.png,/Users/hrishi/Desktop/dev/Milestone1 BSAI/checkpoint_deliverable/data/casia_interval_strips_gt/S1117R07.png,True,True,,
/Users/hrishi/Desktop/dev/Milestone1 BSAI/checkpoint_deliverable/data/CASIA-Iris-Interval/117/R/S1117R06.jpg,1117_R,1117,R,train,S1117R06,True,/Users/hrishi/Desktop/dev/Milestone1 BSAI/checkpoint_deliverable/data/casia_interval_strips/S1117R06.png,/Users/hrishi/Desktop/dev/Milestone1 BSAI/checkpoint_deliverable/data/casia_interval_strips_gt/S1117R06.png,True,True,,
/Users/hrishi/Desktop/dev/Milestone1 BSAI/checkpoint_deliverable/data/CASIA-Iris-Interval/117/R/S1117R04.jpg,1117_R,1117,R,train,S1117R04,True,/Users/hrishi/Desktop/dev/Milestone1 BSAI/checkpoint_deliverable/data/casia_interval_strips/S1117R04.png,/Users/hrishi/Desktop/dev/Milestone1 BSAI/checkpoint_deliverable/data/casia_interval_strips_gt/S1117R04.png,True,True,,
/Users/hrishi/Desktop/dev/Milestone1 BSAI/checkpoint_deliverable/data/CASIA-Iris-Interval/117/R/S1117R05.jpg,1117_R,1117,R,train,S1117R05,True,/Users/hrishi/Desktop/dev/Milestone1 BSAI/checkpoint_deliverable/data/casia_interval_strips/S1117R05.png,/Users/hrishi/Desktop/dev/Milestone1 BSAI/checkpoint_deliverable/data/casia_interval_strips_gt/S1117R05.png,True,True,,
/Users/hrishi/Desktop/dev/Milestone1 BSAI/checkpoint_deliverable/data/CASIA-Iris-Interval/117/L/S1117L06.jpg,1117_L,1117,L,test,S1117L06,True,/Users/hrishi/Desktop/dev/Milestone1 BSAI/checkpoint_deliverable/data/casia_interval_strips/S1117L06.png,/Users/hrishi/Desktop/dev/Milestone1 BSAI/checkpoint_deliverable/data/casia_interval_strips_gt/S1117L06.png,True,True,,
/Users/hrishi/Desktop/dev/Milestone1 BSAI/checkpoint_deliverable/data/CASIA-Iris-Interval/117/L/S1117L07.jpg,1117_L,1117,L,test,S1117L07,True,/Users/hrishi/Desktop/dev/Milestone1 BSAI/checkpoint_deliverable/data/casia_interval_strips/S1117L07.png,/Users/hrishi/Desktop/dev/Milestone1 BSAI/checkpoint_deliverable/data/casia_interval_strips_gt/S1117L07.png,True,True,,
/Users/hrishi/Desktop/dev/Milestone1 BSAI/checkpoint_deliverable/data/CASIA-Iris-Interval/117/L/S1117L05.jpg,1117_L,1117,L,test,S1117L05,True,/Users/hrishi/Desktop/dev/Milestone1 BSAI/checkpoint_deliverable/data/casia_interval_strips/S1117L05.png,/Users/hrishi/Desktop/dev/Milestone1 BSAI/checkpoint_deliverable/data/casia_interval_strips_gt/S1117L05.png,True,True,,
/Users/hrishi/Desktop/dev/Milestone1 BSAI/checkpoint_deliverable/data/CASIA-Iris-Interval/117/L/S1117L04.jpg,1117_L,1117,L,test,S1117L04,True,/Users/hrishi/Desktop/dev/Milestone1 BSAI/checkpoint_deliverable/data/casia_interval_strips/S1117L04.png,/Users/hrishi/Desktop/dev/Milestone1 BSAI/checkpoint_deliverable/data/casia_interval_strips_gt/S1117L04.png,True,True,,
/Users/hrishi/Desktop/dev/Milestone1 BSAI/checkpoint_deliverable/data/CASIA-Iris-Interval/117/L/S1117L01.jpg,1117_L,1117,L,test,S1117L01,True,/Users/hrishi/Desktop/dev/Milestone1 BSAI/checkpoint_deliverable/data/casia_interval_strips/S1117L01.png,/Users/hrishi/Desktop/dev/Milestone1 BSAI/checkpoint_deliverable/data/casia_interval_strips_gt/S1117L01.png,True,True,,
/Users/hrishi/Desktop/dev/Milestone1 BSAI/checkpoint_deliverable/data/CASIA-Iris-Interval/117/L/S1117L03.jpg,1117_L,1117,L,test,S1117L03,True,/Users/hrishi/Desktop/dev/Milestone1 BSAI/checkpoint_deliverable/data/casia_interval_strips/S1117L03.png,/Users/hrishi/Desktop/dev/Milestone1 BSAI/checkpoint_deliverable/data/casia_interval_strips_gt/S1117L03.png,True,True,,
/Users/hrishi/Desktop/dev/Milestone1 BSAI/checkpoint_deliverable/data/CASIA-Iris-Interval/117/L/S1117L02.jpg,1117_L,1117,L,test,S1117L02,True,/Users/hrishi/Desktop/dev/Milestone1 BSAI/checkpoint_deliverable/data/casia_interval_strips/S1117L02.png,/Users/hrishi/Desktop/dev/Milestone1 BSAI/checkpoint_deliverable/data/casia_interval_strips_gt/S1117L02.png,True,True,,
/Users/hrishi/Desktop/dev/Milestone1 BSAI/checkpoint_deliverable/data/CASIA-Iris-Interval/198/L/S1198L04.jpg,1198_L,1198,L,train,S1198L04,True,/Users/hrishi/Desktop/dev/Milestone1 BSAI/checkpoint_deliverable/data/casia_interval_strips/S1198L04.png,/Users/hrishi/Desktop/dev/Milestone1 BSAI/checkpoint_deliverable/data/casia_interval_strips_gt/S1198L04.png,True,True,,
/Users/hrishi/Desktop/dev/Milestone1 BSAI/checkpoint_deliverable/data/CASIA-Iris-Interval/198/L/S1198L05.jpg,1198_L,1198,L,train,S1198L05,True,/Users/hrishi/Desktop/dev/Milestone1 BSAI/checkpoint_deliverable/data/casia_interval_strips/S1198L05.png,/Users/hrishi/Desktop/dev/Milestone1 BSAI/checkpoint_deliverable/data/casia_interval_strips_gt/S1198L05.png,True,True,,
/Users/hrishi/Desktop/dev/Milestone1 BSAI/checkpoint_deliverable/data/CASIA-Iris-Interval/198/L/S1198L01.jpg,1198_L,1198,L,train,S1198L01,True,/Users/hrishi/Desktop/dev/Milestone1 BSAI/checkpoint_deliverable/data/casia_interval_strips/S1198L01.png,/Users/hrishi/Desktop/dev/Milestone1 BSAI/checkpoint_deliverable/data/casia_interval_strips_gt/S1198L01.png,True,True,,
/Users/hrishi/Desktop/dev/Milestone1 BSAI/checkpoint_deliverable/data/CASIA-Iris-Interval/198/L/S1198L02.jpg,1198_L,1198,L,train,S1198L02,True,/Users/hrishi/Desktop/dev/Milestone1 BSAI/checkpoint_deliverable/data/casia_interval_strips/S1198L02.png,/Users/hrishi/Desktop/dev/Milestone1 BSAI/checkpoint_deliverable/data/casia_interval_strips_gt/S1198L02.png,True,True,,
/Users/hrishi/Desktop/dev/Milestone1 BSAI/checkpoint_deliverable/data/CASIA-Iris-Interval/198/L/S1198L03.jpg,1198_L,1198,L,train,S1198L03,True,/Users/hrishi/Desktop/dev/Milestone1 BSAI/checkpoint_deliverable/data/casia_interval_strips/S1198L03.png,/Users/hrishi/Desktop/dev/Milestone1 BSAI/checkpoint_deliverable/data/casia_interval_strips_gt/S1198L03.png,True,True,,
/Users/hrishi/Desktop/dev/Milestone1 BSAI/checkpoint_deliverable/data/CASIA-Iris-Interval/153/L/S1153L01.jpg,1153_L,1153,L,train,S1153L01,True,/Users/hrishi/Desktop/dev/Milestone1 BSAI/checkpoint_deliverable/data/casia_interval_strips/S1153L01.png,/Users/hrishi/Desktop/dev/Milestone1 BSAI/checkpoint_deliverable/data/casia_interval_strips_gt/S1153L01.png,True,True,,
/Users/hrishi/Desktop/dev/Milestone1 BSAI/checkpoint_deliverable/data/CASIA-Iris-Interval/153/L/S1153L03.jpg,1153_L,1153,L,train,S1153L03,True,/Users/hrishi/Desktop/dev/Milestone1 BSAI/checkpoint_deliverable/data/casia_interval_strips/S1153L03.png,/Users/hrishi/Desktop/dev/Milestone1 BSAI/checkpoint_deliverable/data/casia_interval_strips_gt/S1153L03.png,True,True,,
/Users/hrishi/Desktop/dev/Milestone1 BSAI/checkpoint_deliverable/data/CASIA-Iris-Interval/153/L/S1153L02.jpg,1153_L,1153,L,train,S1153L02,True,/Users/hrishi/Desktop/dev/Milestone1 BSAI/checkpoint_deliverable/data/casia_interval_strips/S1153L02.png,/Users/hrishi/Desktop/dev/Milestone1 BSAI/checkpoint_deliverable/data/casia_interval_strips_gt/S1153L02.png,True,True,,
/Users/hrishi/Desktop/dev/Milestone1 BSAI/checkpoint_deliverable/data/CASIA-Iris-Interval/153/L/S1153L05.jpg,1153_L,1153,L,train,S1153L05,True,/Users/hrishi/Desktop/dev/Milestone1 BSAI/checkpoint_deliverable/data/casia_interval_strips/S1153L05.png,/Users/hrishi/Desktop/dev/Milestone1 BSAI/checkpoint_deliverable/data/casia_interval_strips_gt/S1153L05.png,True,True,,
/Users/hrishi/Desktop/dev/Milestone1 BSAI/checkpoint_deliverable/data/CASIA-Iris-Interval/153/L/S1153L04.jpg,1153_L,1153,L,train,S1153L04,True,/Users/hrishi/Desktop/dev/Milestone1 BSAI/checkpoint_deliverable/data/casia_interval_strips/S1153L04.png,/Users/hrishi/Desktop/dev/Milestone1 BSAI/checkpoint_deliverable/data/casia_interval_strips_gt/S1153L04.png,True,True,,
/Users/hrishi/Desktop/dev/Milestone1 BSAI/checkpoint_deliverable/data/CASIA-Iris-Interval/154/L/S1154L01.jpg,1154_L,1154,L,train,S1154L01,True,/Users/hrishi/Desktop/dev/Milestone1 BSAI/checkpoint_deliverable/data/casia_interval_strips/S1154L01.png,/Users/hrishi/Desktop/dev/Milestone1 BSAI/checkpoint_deliverable/data/casia_interval_strips_gt/S1154L01.png,True,True,,
/Users/hrishi/Desktop/dev/Milestone1 BSAI/checkpoint_deliverable/data/CASIA-Iris-Interval/154/L/S1154L03.jpg,1154_L,1154,L,train,S1154L03,True,/Users/hrishi/Desktop/dev/Milestone1 BSAI/checkpoint_deliverable/data/casia_interval_strips/S1154L03.png,/Users/hrishi/Desktop/dev/Milestone1 BSAI/checkpoint_deliverable/data/casia_interval_strips_gt/S1154L03.png,True,True,,
/Users/hrishi/Desktop/dev/Milestone1 BSAI/checkpoint_deliverable/data/CASIA-Iris-Interval/154/L/S1154L02.jpg,1154_L,1154,L,train,S1154L02,True,/Users/hrishi/Desktop/dev/Milestone1 BSAI/checkpoint_deliverable/data/casia_interval_strips/S1154L02.png,/Users/hrishi/Desktop/dev/Milestone1 BSAI/checkpoint_deliverable/data/casia_interval_strips_gt/S1154L02.png,True,True,,
/Users/hrishi/Desktop/dev/Milestone1 BSAI/checkpoint_deliverable/data/CASIA-Iris-Interval/154/L/S1154L05.jpg,1154_L,1154,L,train,S1154L05,True,/Users/hrishi/Desktop/dev/Milestone1 BSAI/checkpoint_deliverable/data/casia_interval_strips/S1154L05.png,/Users/hrishi/Desktop/dev/Milestone1 BSAI/checkpoint_deliverable/data/casia_interval_strips_gt/S1154L05.png,True,True,,
/Users/hrishi/Desktop/dev/Milestone1 BSAI/checkpoint_deliverable/data/CASIA-Iris-Interval/154/L/S1154L04.jpg,1154_L,1154,L,train,S1154L04,True,/Users/hrishi/Desktop/dev/Milestone1 BSAI/checkpoint_deliverable/data/casia_interval_strips/S1154L04.png,/Users/hrishi/Desktop/dev/Milestone1 BSAI/checkpoint_deliverable/data/casia_interval_strips_gt/S1154L04.png,True,True,,
/Users/hrishi/Desktop/dev/Milestone1 BSAI/checkpoint_deliverable/data/CASIA-Iris-Interval/196/R/S1196R05.jpg,1196_R,1196,R,train,S1196R05,True,/Users/hrishi/Desktop/dev/Milestone1 BSAI/checkpoint_deliverable/data/casia_interval_strips/S1196R05.png,/Users/hrishi/Desktop/dev/Milestone1 BSAI/checkpoint_deliverable/data/casia_interval_strips_gt/S1196R05.png,True,True,,
/Users/hrishi/Desktop/dev/Milestone1 BSAI/checkpoint_deliverable/data/CASIA-Iris-Interval/196/R/S1196R04.jpg,1196_R,1196,R,train,S1196R04,True,/Users/hrishi/Desktop/dev/Milestone1 BSAI/checkpoint_deliverable/data/casia_interval_strips/S1196R04.png,/Users/hrishi/Desktop/dev/Milestone1 BSAI/checkpoint_deliverable/data/casia_interval_strips_gt/S1196R04.png,True,True,,
/Users/hrishi/Desktop/dev/Milestone1 BSAI/checkpoint_deliverable/data/CASIA-Iris-Interval/196/R/S1196R03.jpg,1196_R,1196,R,train,S1196R03,True,/Users/hrishi/Desktop/dev/Milestone1 BSAI/checkpoint_deliverable/data/casia_interval_strips/S1196R03.png,/Users/hrishi/Desktop/dev/Milestone1 BSAI/checkpoint_deliverable/data/casia_interval_strips_gt/S1196R03.png,True,True,,
/Users/hrishi/Desktop/dev/Milestone1 BSAI/checkpoint_deliverable/data/CASIA-Iris-Interval/196/R/S1196R02.jpg,1196_R,1196,R,train,S1196R02,True,/Users/hrishi/Desktop/dev/Milestone1 BSAI/checkpoint_deliverable/data/casia_interval_strips/S1196R02.png,/Users/hrishi/Desktop/dev/Milestone1 BSAI/checkpoint_deliverable/data/casia_interval_strips_gt/S1196R02.png,True,True,,
/Users/hrishi/Desktop/dev/Milestone1 BSAI/checkpoint_deliverable/data/CASIA-Iris-Interval/196/R/S1196R01.jpg,1196_R,1196,R,train,S1196R01,True,/Users/hrishi/Desktop/dev/Milestone1 BSAI/checkpoint_deliverable/data/casia_interval_strips/S1196R01.png,/Users/hrishi/Desktop/dev/Milestone1 BSAI/checkpoint_deliverable/data/casia_interval_strips_gt/S1196R01.png,True,True,,
/Users/hrishi/Desktop/dev/Milestone1 BSAI/checkpoint_deliverable/data/CASIA-Iris-Interval/162/R/S1162R06.jpg,1162_R,1162,R,test,S1162R06,True,/Users/hrishi/Desktop/dev/Milestone1 BSAI/checkpoint_deliverable/data/casia_interval_strips/S1162R06.png,/Users/hrishi/Desktop/dev/Milestone1 BSAI/checkpoint_deliverable/data/casia_interval_strips_gt/S1162R06.png,True,True,,
/Users/hrishi/Desktop/dev/Milestone1 BSAI/checkpoint_deliverable/data/CASIA-Iris-Interval/162/R/S1162R07.jpg,1162_R,1162,R,test,S1162R07,True,/Users/hrishi/Desktop/dev/Milestone1 BSAI/checkpoint_deliverable/data/casia_interval_strips/S1162R07.png,/Users/hrishi/Desktop/dev/Milestone1 BSAI/checkpoint_deliverable/data/casia_interval_strips_gt/S1162R07.png,True,True,,
/Users/hrishi/Desktop/dev/Milestone1 BSAI/checkpoint_deliverable/data/CASIA-Iris-Interval/162/R/S1162R05.jpg,1162_R,1162,R,test,S1162R05,True,/Users/hrishi/Desktop/dev/Milestone1 BSAI/checkpoint_deliverable/data/casia_interval_strips/S1162R05.png,/Users/hrishi/Desktop/dev/Milestone1 BSAI/checkpoint_deliverable/data/casia_interval_strips_gt/S1162R05.png,True,True,,
/Users/hrishi/Desktop/dev/Milestone1 BSAI/checkpoint_deliverable/data/CASIA-Iris-Interval/162/R/S1162R10.jpg,1162_R,1162,R,test,S1162R10,True,/Users/hrishi/Desktop/dev/Milestone1 BSAI/checkpoint_deliverable/data/casia_interval_strips/S1162R10.png,/Users/hrishi/Desktop/dev/Milestone1 BSAI/checkpoint_deliverable/data/casia_interval_strips_gt/S1162R10.png,True,True,,
/Users/hrishi/Desktop/dev/Milestone1 BSAI/checkpoint_deliverable/data/CASIA-Iris-Interval/162/R/S1162R04.jpg,1162_R,1162,R,test,S1162R04,True,/Users/hrishi/Desktop/dev/Milestone1 BSAI/checkpoint_deliverable/data/casia_interval_strips/S1162R04.png,/Users/hrishi/Desktop/dev/Milestone1 BSAI/checkpoint_deliverable/data/casia_interval_strips_gt/S1162R04.png,True,True,,
/Users/hrishi/Desktop/dev/Milestone1 BSAI/checkpoint_deliverable/data/CASIA-Iris-Interval/162/R/S1162R01.jpg,1162_R,1162,R,test,S1162R01,True,/Users/hrishi/Desktop/dev/Milestone1 BSAI/checkpoint_deliverable/data/casia_interval_strips/S1162R01.png,/Users/hrishi/Desktop/dev/Milestone1 BSAI/checkpoint_deliverable/data/casia_interval_strips_gt/S1162R01.png,True,True,,
/Users/hrishi/Desktop/dev/Milestone1 BSAI/checkpoint_deliverable/data/CASIA-Iris-Interval/162/R/S1162R03.jpg,1162_R,1162,R,test,S1162R03,True,/Users/hrishi/Desktop/dev/Milestone1 BSAI/checkpoint_deliverable/data/casia_interval_strips/S1162R03.png,/Users/hrishi/Desktop/dev/Milestone1 BSAI/checkpoint_deliverable/data/casia_interval_strips_gt/S1162R03.png,True,True,,
/Users/hrishi/Desktop/dev/Milestone1 BSAI/checkpoint_deliverable/data/CASIA-Iris-Interval/162/R/S1162R02.jpg,1162_R,1162,R,test,S1162R02,True,/Users/hrishi/Desktop/dev/Milestone1 BSAI/checkpoint_deliverable/data/casia_interval_strips/S1162R02.png,/Users/hrishi/Desktop/dev/Milestone1 BSAI/checkpoint_deliverable/data/casia_interval_strips_gt/S1162R02.png,True,True,,
/Users/hrishi/Desktop/dev/Milestone1 BSAI/checkpoint_deliverable/data/CASIA-Iris-Interval/162/R/S1162R09.jpg,1162_R,1162,R,test,S1162R09,True,/Users/hrishi/Desktop/dev/Milestone1 BSAI/checkpoint_deliverable/data/casia_interval_strips/S1162R09.png,/Users/hrishi/Desktop/dev/Milestone1 BSAI/checkpoint_deliverable/data/casia_interval_strips_gt/S1162R09.png,True,True,,
/Users/hrishi/Desktop/dev/Milestone1 BSAI/checkpoint_deliverable/data/CASIA-Iris-Interval/162/R/S1162R08.jpg,1162_R,1162,R,test,S1162R08,True,/Users/hrishi/Desktop/dev/Milestone1 BSAI/checkpoint_deliverable/data/casia_interval_strips/S1162R08.png,/Users/hrishi/Desktop/dev/Milestone1 BSAI/checkpoint_deliverable/data/casia_interval_strips_gt/S1162R08.png,True,True,,
/Users/hrishi/Desktop/dev/Milestone1 BSAI/checkpoint_deliverable/data/CASIA-Iris-Interval/162/L/S1162L01.jpg,1162_L,1162,L,train,S1162L01,True,/Users/hrishi/Desktop/dev/Milestone1 BSAI/checkpoint_deliverable/data/casia_interval_strips/S1162L01.png,/Users/hrishi/Desktop/dev/Milestone1 BSAI/checkpoint_deliverable/data/casia_interval_strips_gt/S1162L01.png,True,True,,
/Users/hrishi/Desktop/dev/Milestone1 BSAI/checkpoint_deliverable/data/CASIA-Iris-Interval/162/L/S1162L02.jpg,1162_L,1162,L,train,S1162L02,True,/Users/hrishi/Desktop/dev/Milestone1 BSAI/checkpoint_deliverable/data/casia_interval_strips/S1162L02.png,/Users/hrishi/Desktop/dev/Milestone1 BSAI/checkpoint_deliverable/data/casia_interval_strips_gt/S1162L02.png,True,True,,
/Users/hrishi/Desktop/dev/Milestone1 BSAI/checkpoint_deliverable/data/CASIA-Iris-Interval/162/L/S1162L03.jpg,1162_L,1162,L,train,S1162L03,True,/Users/hrishi/Desktop/dev/Milestone1 BSAI/checkpoint_deliverable/data/casia_interval_strips/S1162L03.png,/Users/hrishi/Desktop/dev/Milestone1 BSAI/checkpoint_deliverable/data/casia_interval_strips_gt/S1162L03.png,True,True,,
/Users/hrishi/Desktop/dev/Milestone1 BSAI/checkpoint_deliverable/data/CASIA-Iris-Interval/162/L/S1162L07.jpg,1162_L,1162,L,train,S1162L07,True,/Users/hrishi/Desktop/dev/Milestone1 BSAI/checkpoint_deliverable/data/casia_interval_strips/S1162L07.png,/Users/hrishi/Desktop/dev/Milestone1 BSAI/checkpoint_deliverable/data/casia_interval_strips_gt/S1162L07.png,True,True,,
/Users/hrishi/Desktop/dev/Milestone1 BSAI/checkpoint_deliverable/data/CASIA-Iris-Interval/162/L/S1162L06.jpg,1162_L,1162,L,train,S1162L06,True,/Users/hrishi/Desktop/dev/Milestone1 BSAI/checkpoint_deliverable/data/casia_interval_strips/S1162L06.png,/Users/hrishi/Desktop/dev/Milestone1 BSAI/checkpoint_deliverable/data/casia_interval_strips_gt/S1162L06.png,True,True,,
/Users/hrishi/Desktop/dev/Milestone1 BSAI/checkpoint_deliverable/data/CASIA-Iris-Interval/162/L/S1162L04.jpg,1162_L,1162,L,train,S1162L04,True,/Users/hrishi/Desktop/dev/Milestone1 BSAI/checkpoint_deliverable/data/casia_interval_strips/S1162L04.png,/Users/hrishi/Desktop/dev/Milestone1 BSAI/checkpoint_deliverable/data/casia_interval_strips_gt/S1162L04.png,True,True,,
/Users/hrishi/Desktop/dev/Milestone1 BSAI/checkpoint_deliverable/data/CASIA-Iris-Interval/162/L/S1162L10.jpg,1162_L,1162,L,train,S1162L10,True,/Users/hrishi/Desktop/dev/Milestone1 BSAI/checkpoint_deliverable/data/casia_interval_strips/S1162L10.png,/Users/hrishi/Desktop/dev/Milestone1 BSAI/checkpoint_deliverable/data/casia_interval_strips_gt/S1162L10.png,True,True,,
/Users/hrishi/Desktop/dev/Milestone1 BSAI/checkpoint_deliverable/data/CASIA-Iris-Interval/162/L/S1162L05.jpg,1162_L,1162,L,train,S1162L05,True,/Users/hrishi/Desktop/dev/Milestone1 BSAI/checkpoint_deliverable/data/casia_interval_strips/S1162L05.png,/Users/hrishi/Desktop/dev/Milestone1 BSAI/checkpoint_deliverable/data/casia_interval_strips_gt/S1162L05.png,True,True,,
/Users/hrishi/Desktop/dev/Milestone1 BSAI/checkpoint_deliverable/data/CASIA-Iris-Interval/162/L/S1162L08.jpg,1162_L,1162,L,train,S1162L08,True,/Users/hrishi/Desktop/dev/Milestone1 BSAI/checkpoint_deliverable/data/casia_interval_strips/S1162L08.png,/Users/hrishi/Desktop/dev/Milestone1 BSAI/checkpoint_deliverable/data/casia_interval_strips_gt/S1162L08.png,True,True,,
/Users/hrishi/Desktop/dev/Milestone1 BSAI/checkpoint_deliverable/data/CASIA-Iris-Interval/162/L/S1162L09.jpg,1162_L,1162,L,train,S1162L09,True,/Users/hrishi/Desktop/dev/Milestone1 BSAI/checkpoint_deliverable/data/casia_interval_strips/S1162L09.png,/Users/hrishi/Desktop/dev/Milestone1 BSAI/checkpoint_deliverable/data/casia_interval_strips_gt/S1162L09.png,True,True,,
/Users/hrishi/Desktop/dev/Milestone1 BSAI/checkpoint_deliverable/data/CASIA-Iris-Interval/165/R/S1165R09.jpg,1165_R,1165,R,val,S1165R09,True,/Users/hrishi/Desktop/dev/Milestone1 BSAI/checkpoint_deliverable/data/casia_interval_strips/S1165R09.png,/Users/hrishi/Desktop/dev/Milestone1 BSAI/checkpoint_deliverable/data/casia_interval_strips_gt/S1165R09.png,True,True,,
/Users/hrishi/Desktop/dev/Milestone1 BSAI/checkpoint_deliverable/data/CASIA-Iris-Interval/165/R/S1165R08.jpg,1165_R,1165,R,val,S1165R08,True,/Users/hrishi/Desktop/dev/Milestone1 BSAI/checkpoint_deliverable/data/casia_interval_strips/S1165R08.png,/Users/hrishi/Desktop/dev/Milestone1 BSAI/checkpoint_deliverable/data/casia_interval_strips_gt/S1165R08.png,True,True,,
/Users/hrishi/Desktop/dev/Milestone1 BSAI/checkpoint_deliverable/data/CASIA-Iris-Interval/165/R/S1165R06.jpg,1165_R,1165,R,val,S1165R06,True,/Users/hrishi/Desktop/dev/Milestone1 BSAI/checkpoint_deliverable/data/casia_interval_strips/S1165R06.png,/Users/hrishi/Desktop/dev/Milestone1 BSAI/checkpoint_deliverable/data/casia_interval_strips_gt/S1165R06.png,True,True,,
/Users/hrishi/Desktop/dev/Milestone1 BSAI/checkpoint_deliverable/data/CASIA-Iris-Interval/165/R/S1165R07.jpg,1165_R,1165,R,val,S1165R07,True,/Users/hrishi/Desktop/dev/Milestone1 BSAI/checkpoint_deliverable/data/casia_interval_strips/S1165R07.png,/Users/hrishi/Desktop/dev/Milestone1 BSAI/checkpoint_deliverable/data/casia_interval_strips_gt/S1165R07.png,True,True,,
/Users/hrishi/Desktop/dev/Milestone1 BSAI/checkpoint_deliverable/data/CASIA-Iris-Interval/165/R/S1165R05.jpg,1165_R,1165,R,val,S1165R05,True,/Users/hrishi/Desktop/dev/Milestone1 BSAI/checkpoint_deliverable/data/casia_interval_strips/S1165R05.png,/Users/hrishi/Desktop/dev/Milestone1 BSAI/checkpoint_deliverable/data/casia_interval_strips_gt/S1165R05.png,True,True,,
/Users/hrishi/Desktop/dev/Milestone1 BSAI/checkpoint_deliverable/data/CASIA-Iris-Interval/165/R/S1165R04.jpg,1165_R,1165,R,val,S1165R04,True,/Users/hrishi/Desktop/dev/Milestone1 BSAI/checkpoint_deliverable/data/casia_interval_strips/S1165R04.png,/Users/hrishi/Desktop/dev/Milestone1 BSAI/checkpoint_deliverable/data/casia_interval_strips_gt/S1165R04.png,True,True,,
/Users/hrishi/Desktop/dev/Milestone1 BSAI/checkpoint_deliverable/data/CASIA-Iris-Interval/165/R/S1165R01.jpg,1165_R,1165,R,val,S1165R01,True,/Users/hrishi/Desktop/dev/Milestone1 BSAI/checkpoint_deliverable/data/casia_interval_strips/S1165R01.png,/Users/hrishi/Desktop/dev/Milestone1 BSAI/checkpoint_deliverable/data/casia_interval_strips_gt/S1165R01.png,True,True,,
/Users/hrishi/Desktop/dev/Milestone1 BSAI/checkpoint_deliverable/data/CASIA-Iris-Interval/165/R/S1165R03.jpg,1165_R,1165,R,val,S1165R03,True,/Users/hrishi/Desktop/dev/Milestone1 BSAI/checkpoint_deliverable/data/casia_interval_strips/S1165R03.png,/Users/hrishi/Desktop/dev/Milestone1 BSAI/checkpoint_deliverable/data/casia_interval_strips_gt/S1165R03.png,True,True,,
/Users/hrishi/Desktop/dev/Milestone1 BSAI/checkpoint_deliverable/data/CASIA-Iris-Interval/165/R/S1165R02.jpg,1165_R,1165,R,val,S1165R02,True,/Users/hrishi/Desktop/dev/Milestone1 BSAI/checkpoint_deliverable/data/casia_interval_strips/S1165R02.png,/Users/hrishi/Desktop/dev/Milestone1 BSAI/checkpoint_deliverable/data/casia_interval_strips_gt/S1165R02.png,True,True,,
/Users/hrishi/Desktop/dev/Milestone1 BSAI/checkpoint_deliverable/data/CASIA-Iris-Interval/165/L/S1165L08.jpg,1165_L,1165,L,val,S1165L08,True,/Users/hrishi/Desktop/dev/Milestone1 BSAI/checkpoint_deliverable/data/casia_interval_strips/S1165L08.png,/Users/hrishi/Desktop/dev/Milestone1 BSAI/checkpoint_deliverable/data/casia_interval_strips_gt/S1165L08.png,True,True,,
/Users/hrishi/Desktop/dev/Milestone1 BSAI/checkpoint_deliverable/data/CASIA-Iris-Interval/165/L/S1165L09.jpg,1165_L,1165,L,val,S1165L09,True,/Users/hrishi/Desktop/dev/Milestone1 BSAI/checkpoint_deliverable/data/casia_interval_strips/S1165L09.png,/Users/hrishi/Desktop/dev/Milestone1 BSAI/checkpoint_deliverable/data/casia_interval_strips_gt/S1165L09.png,True,True,,
/Users/hrishi/Desktop/dev/Milestone1 BSAI/checkpoint_deliverable/data/CASIA-Iris-Interval/165/L/S1165L01.jpg,1165_L,1165,L,val,S1165L01,True,/Users/hrishi/Desktop/dev/Milestone1 BSAI/checkpoint_deliverable/data/casia_interval_strips/S1165L01.png,/Users/hrishi/Desktop/dev/Milestone1 BSAI/checkpoint_deliverable/data/casia_interval_strips_gt/S1165L01.png,True,True,,
/Users/hrishi/Desktop/dev/Milestone1 BSAI/checkpoint_deliverable/data/CASIA-Iris-Interval/165/L/S1165L02.jpg,1165_L,1165,L,val,S1165L02,True,/Users/hrishi/Desktop/dev/Milestone1 BSAI/checkpoint_deliverable/data/casia_interval_strips/S1165L02.png,/Users/hrishi/Desktop/dev/Milestone1 BSAI/checkpoint_deliverable/data/casia_interval_strips_gt/S1165L02.png,True,True,,
/Users/hrishi/Desktop/dev/Milestone1 BSAI/checkpoint_deliverable/data/CASIA-Iris-Interval/165/L/S1165L03.jpg,1165_L,1165,L,val,S1165L03,True,/Users/hrishi/Desktop/dev/Milestone1 BSAI/checkpoint_deliverable/data/casia_interval_strips/S1165L03.png,/Users/hrishi/Desktop/dev/Milestone1 BSAI/checkpoint_deliverable/data/casia_interval_strips_gt/S1165L03.png,True,True,,
/Users/hrishi/Desktop/dev/Milestone1 BSAI/checkpoint_deliverable/data/CASIA-Iris-Interval/165/L/S1165L07.jpg,1165_L,1165,L,val,S1165L07,True,/Users/hrishi/Desktop/dev/Milestone1 BSAI/checkpoint_deliverable/data/casia_interval_strips/S1165L07.png,/Users/hrishi/Desktop/dev/Milestone1 BSAI/checkpoint_deliverable/data/casia_interval_strips_gt/S1165L07.png,True,True,,
/Users/hrishi/Desktop/dev/Milestone1 BSAI/checkpoint_deliverable/data/CASIA-Iris-Interval/165/L/S1165L06.jpg,1165_L,1165,L,val,S1165L06,True,/Users/hrishi/Desktop/dev/Milestone1 BSAI/checkpoint_deliverable/data/casia_interval_strips/S1165L06.png,/Users/hrishi/Desktop/dev/Milestone1 BSAI/checkpoint_deliverable/data/casia_interval_strips_gt/S1165L06.png,True,True,,
/Users/hrishi/Desktop/dev/Milestone1 BSAI/checkpoint_deliverable/data/CASIA-Iris-Interval/165/L/S1165L04.jpg,1165_L,1165,L,val,S1165L04,True,/Users/hrishi/Desktop/dev/Milestone1 BSAI/checkpoint_deliverable/data/casia_interval_strips/S1165L04.png,/Users/hrishi/Desktop/dev/Milestone1 BSAI/checkpoint_deliverable/data/casia_interval_strips_gt/S1165L04.png,True,True,,
/Users/hrishi/Desktop/dev/Milestone1 BSAI/checkpoint_deliverable/data/CASIA-Iris-Interval/165/L/S1165L05.jpg,1165_L,1165,L,val,S1165L05,True,/Users/hrishi/Desktop/dev/Milestone1 BSAI/checkpoint_deliverable/data/casia_interval_strips/S1165L05.png,/Users/hrishi/Desktop/dev/Milestone1 BSAI/checkpoint_deliverable/data/casia_interval_strips_gt/S1165L05.png,True,True,,
/Users/hrishi/Desktop/dev/Milestone1 BSAI/checkpoint_deliverable/data/CASIA-Iris-Interval/191/R/S1191R05.jpg,1191_R,1191,R,val,S1191R05,True,/Users/hrishi/Desktop/dev/Milestone1 BSAI/checkpoint_deliverable/data/casia_interval_strips/S1191R05.png,/Users/hrishi/Desktop/dev/Milestone1 BSAI/checkpoint_deliverable/data/casia_interval_strips_gt/S1191R05.png,True,True,,
/Users/hrishi/Desktop/dev/Milestone1 BSAI/checkpoint_deliverable/data/CASIA-Iris-Interval/191/R/S1191R04.jpg,1191_R,1191,R,val,S1191R04,True,/Users/hrishi/Desktop/dev/Milestone1 BSAI/checkpoint_deliverable/data/casia_interval_strips/S1191R04.png,/Users/hrishi/Desktop/dev/Milestone1 BSAI/checkpoint_deliverable/data/casia_interval_strips_gt/S1191R04.png,True,True,,
/Users/hrishi/Desktop/dev/Milestone1 BSAI/checkpoint_deliverable/data/CASIA-Iris-Interval/191/R/S1191R10.jpg,1191_R,1191,R,val,S1191R10,True,/Users/hrishi/Desktop/dev/Milestone1 BSAI/checkpoint_deliverable/data/casia_interval_strips/S1191R10.png,/Users/hrishi/Desktop/dev/Milestone1 BSAI/checkpoint_deliverable/data/casia_interval_strips_gt/S1191R10.png,True,True,,
/Users/hrishi/Desktop/dev/Milestone1 BSAI/checkpoint_deliverable/data/CASIA-Iris-Interval/191/R/S1191R06.jpg,1191_R,1191,R,val,S1191R06,True,/Users/hrishi/Desktop/dev/Milestone1 BSAI/checkpoint_deliverable/data/casia_interval_strips/S1191R06.png,/Users/hrishi/Desktop/dev/Milestone1 BSAI/checkpoint_deliverable/data/casia_interval_strips_gt/S1191R06.png,True,True,,
/Users/hrishi/Desktop/dev/Milestone1 BSAI/checkpoint_deliverable/data/CASIA-Iris-Interval/191/R/S1191R07.jpg,1191_R,1191,R,val,S1191R07,True,/Users/hrishi/Desktop/dev/Milestone1 BSAI/checkpoint_deliverable/data/casia_interval_strips/S1191R07.png,/Users/hrishi/Desktop/dev/Milestone1 BSAI/checkpoint_deliverable/data/casia_interval_strips_gt/S1191R07.png,True,True,,
/Users/hrishi/Desktop/dev/Milestone1 BSAI/checkpoint_deliverable/data/CASIA-Iris-Interval/191/R/S1191R03.jpg,1191_R,1191,R,val,S1191R03,True,/Users/hrishi/Desktop/dev/Milestone1 BSAI/checkpoint_deliverable/data/casia_interval_strips/S1191R03.png,/Users/hrishi/Desktop/dev/Milestone1 BSAI/checkpoint_deliverable/data/casia_interval_strips_gt/S1191R03.png,True,True,,
/Users/hrishi/Desktop/dev/Milestone1 BSAI/checkpoint_deliverable/data/CASIA-Iris-Interval/191/R/S1191R02.jpg,1191_R,1191,R,val,S1191R02,True,/Users/hrishi/Desktop/dev/Milestone1 BSAI/checkpoint_deliverable/data/casia_interval_strips/S1191R02.png,/Users/hrishi/Desktop/dev/Milestone1 BSAI/checkpoint_deliverable/data/casia_interval_strips_gt/S1191R02.png,True,True,,
/Users/hrishi/Desktop/dev/Milestone1 BSAI/checkpoint_deliverable/data/CASIA-Iris-Interval/191/R/S1191R01.jpg,1191_R,1191,R,val,S1191R01,True,/Users/hrishi/Desktop/dev/Milestone1 BSAI/checkpoint_deliverable/data/casia_interval_strips/S1191R01.png,/Users/hrishi/Desktop/dev/Milestone1 BSAI/checkpoint_deliverable/data/casia_interval_strips_gt/S1191R01.png,True,True,,
/Users/hrishi/Desktop/dev/Milestone1 BSAI/checkpoint_deliverable/data/CASIA-Iris-Interval/191/R/S1191R09.jpg,1191_R,1191,R,val,S1191R09,True,/Users/hrishi/Desktop/dev/Milestone1 BSAI/checkpoint_deliverable/data/casia_interval_strips/S1191R09.png,/Users/hrishi/Desktop/dev/Milestone1 BSAI/checkpoint_deliverable/data/casia_interval_strips_gt/S1191R09.png,True,True,,
/Users/hrishi/Desktop/dev/Milestone1 BSAI/checkpoint_deliverable/data/CASIA-Iris-Interval/191/R/S1191R08.jpg,1191_R,1191,R,val,S1191R08,True,/Users/hrishi/Desktop/dev/Milestone1 BSAI/checkpoint_deliverable/data/casia_interval_strips/S1191R08.png,/Users/hrishi/Desktop/dev/Milestone1 BSAI/checkpoint_deliverable/data/casia_interval_strips_gt/S1191R08.png,True,True,,
/Users/hrishi/Desktop/dev/Milestone1 BSAI/checkpoint_deliverable/data/CASIA-Iris-Interval/191/L/S1191L02.jpg,1191_L,1191,L,test,S1191L02,True,/Users/hrishi/Desktop/dev/Milestone1 BSAI/checkpoint_deliverable/data/casia_interval_strips/S1191L02.png,/Users/hrishi/Desktop/dev/Milestone1 BSAI/checkpoint_deliverable/data/casia_interval_strips_gt/S1191L02.png,True,True,,
/Users/hrishi/Desktop/dev/Milestone1 BSAI/checkpoint_deliverable/data/CASIA-Iris-Interval/191/L/S1191L03.jpg,1191_L,1191,L,test,S1191L03,True,/Users/hrishi/Desktop/dev/Milestone1 BSAI/checkpoint_deliverable/data/casia_interval_strips/S1191L03.png,/Users/hrishi/Desktop/dev/Milestone1 BSAI/checkpoint_deliverable/data/casia_interval_strips_gt/S1191L03.png,True,True,,
/Users/hrishi/Desktop/dev/Milestone1 BSAI/checkpoint_deliverable/data/CASIA-Iris-Interval/191/L/S1191L01.jpg,1191_L,1191,L,test,S1191L01,True,/Users/hrishi/Desktop/dev/Milestone1 BSAI/checkpoint_deliverable/data/casia_interval_strips/S1191L01.png,/Users/hrishi/Desktop/dev/Milestone1 BSAI/checkpoint_deliverable/data/casia_interval_strips_gt/S1191L01.png,True,True,,
/Users/hrishi/Desktop/dev/Milestone1 BSAI/checkpoint_deliverable/data/CASIA-Iris-Interval/191/L/S1191L10.jpg,1191_L,1191,L,test,S1191L10,True,/Users/hrishi/Desktop/dev/Milestone1 BSAI/checkpoint_deliverable/data/casia_interval_strips/S1191L10.png,/Users/hrishi/Desktop/dev/Milestone1 BSAI/checkpoint_deliverable/data/casia_interval_strips_gt/S1191L10.png,True,True,,
/Users/hrishi/Desktop/dev/Milestone1 BSAI/checkpoint_deliverable/data/CASIA-Iris-Interval/191/L/S1191L04.jpg,1191_L,1191,L,test,S1191L04,True,/Users/hrishi/Desktop/dev/Milestone1 BSAI/checkpoint_deliverable/data/casia_interval_strips/S1191L04.png,/Users/hrishi/Desktop/dev/Milestone1 BSAI/checkpoint_deliverable/data/casia_interval_strips_gt/S1191L04.png,True,True,,
/Users/hrishi/Desktop/dev/Milestone1 BSAI/checkpoint_deliverable/data/CASIA-Iris-Interval/191/L/S1191L05.jpg,1191_L,1191,L,test,S1191L05,True,/Users/hrishi/Desktop/dev/Milestone1 BSAI/checkpoint_deliverable/data/casia_interval_strips/S1191L05.png,/Users/hrishi/Desktop/dev/Milestone1 BSAI/checkpoint_deliverable/data/casia_interval_strips_gt/S1191L05.png,True,True,,
/Users/hrishi/Desktop/dev/Milestone1 BSAI/checkpoint_deliverable/data/CASIA-Iris-Interval/191/L/S1191L07.jpg,1191_L,1191,L,test,S1191L07,True,/Users/hrishi/Desktop/dev/Milestone1 BSAI/checkpoint_deliverable/data/casia_interval_strips/S1191L07.png,/Users/hrishi/Desktop/dev/Milestone1 BSAI/checkpoint_deliverable/data/casia_interval_strips_gt/S1191L07.png,True,True,,
/Users/hrishi/Desktop/dev/Milestone1 BSAI/checkpoint_deliverable/data/CASIA-Iris-Interval/191/L/S1191L06.jpg,1191_L,1191,L,test,S1191L06,True,/Users/hrishi/Desktop/dev/Milestone1 BSAI/checkpoint_deliverable/data/casia_interval_strips/S1191L06.png,/Users/hrishi/Desktop/dev/Milestone1 BSAI/checkpoint_deliverable/data/casia_interval_strips_gt/S1191L06.png,True,True,,
/Users/hrishi/Desktop/dev/Milestone1 BSAI/checkpoint_deliverable/data/CASIA-Iris-Interval/191/L/S1191L08.jpg,1191_L,1191,L,test,S1191L08,True,/Users/hrishi/Desktop/dev/Milestone1 BSAI/checkpoint_deliverable/data/casia_interval_strips/S1191L08.png,/Users/hrishi/Desktop/dev/Milestone1 BSAI/checkpoint_deliverable/data/casia_interval_strips_gt/S1191L08.png,True,True,,
/Users/hrishi/Desktop/dev/Milestone1 BSAI/checkpoint_deliverable/data/CASIA-Iris-Interval/191/L/S1191L09.jpg,1191_L,1191,L,test,S1191L09,True,/Users/hrishi/Desktop/dev/Milestone1 BSAI/checkpoint_deliverable/data/casia_interval_strips/S1191L09.png,/Users/hrishi/Desktop/dev/Milestone1 BSAI/checkpoint_deliverable/data/casia_interval_strips_gt/S1191L09.png,True,True,,
/Users/hrishi/Desktop/dev/Milestone1 BSAI/checkpoint_deliverable/data/CASIA-Iris-Interval/131/R/S1131R05.jpg,1131_R,1131,R,train,S1131R05,True,/Users/hrishi/Desktop/dev/Milestone1 BSAI/checkpoint_deliverable/data/casia_interval_strips/S1131R05.png,/Users/hrishi/Desktop/dev/Milestone1 BSAI/checkpoint_deliverable/data/casia_interval_strips_gt/S1131R05.png,True,True,,
/Users/hrishi/Desktop/dev/Milestone1 BSAI/checkpoint_deliverable/data/CASIA-Iris-Interval/131/R/S1131R04.jpg,1131_R,1131,R,train,S1131R04,True,/Users/hrishi/Desktop/dev/Milestone1 BSAI/checkpoint_deliverable/data/casia_interval_strips/S1131R04.png,/Users/hrishi/Desktop/dev/Milestone1 BSAI/checkpoint_deliverable/data/casia_interval_strips_gt/S1131R04.png,True,True,,
/Users/hrishi/Desktop/dev/Milestone1 BSAI/checkpoint_deliverable/data/CASIA-Iris-Interval/131/R/S1131R03.jpg,1131_R,1131,R,train,S1131R03,True,/Users/hrishi/Desktop/dev/Milestone1 BSAI/checkpoint_deliverable/data/casia_interval_strips/S1131R03.png,/Users/hrishi/Desktop/dev/Milestone1 BSAI/checkpoint_deliverable/data/casia_interval_strips_gt/S1131R03.png,True,True,,
/Users/hrishi/Desktop/dev/Milestone1 BSAI/checkpoint_deliverable/data/CASIA-Iris-Interval/131/R/S1131R02.jpg,1131_R,1131,R,train,S1131R02,True,/Users/hrishi/Desktop/dev/Milestone1 BSAI/checkpoint_deliverable/data/casia_interval_strips/S1131R02.png,/Users/hrishi/Desktop/dev/Milestone1 BSAI/checkpoint_deliverable/data/casia_interval_strips_gt/S1131R02.png,True,True,,
/Users/hrishi/Desktop/dev/Milestone1 BSAI/checkpoint_deliverable/data/CASIA-Iris-Interval/131/R/S1131R01.jpg,1131_R,1131,R,train,S1131R01,True,/Users/hrishi/Desktop/dev/Milestone1 BSAI/checkpoint_deliverable/data/casia_interval_strips/S1131R01.png,/Users/hrishi/Desktop/dev/Milestone1 BSAI/checkpoint_deliverable/data/casia_interval_strips_gt/S1131R01.png,True,True,,
/Users/hrishi/Desktop/dev/Milestone1 BSAI/checkpoint_deliverable/data/CASIA-Iris-Interval/131/L/S1131L02.jpg,1131_L,1131,L,val,S1131L02,True,/Users/hrishi/Desktop/dev/Milestone1 BSAI/checkpoint_deliverable/data/casia_interval_strips/S1131L02.png,/Users/hrishi/Desktop/dev/Milestone1 BSAI/checkpoint_deliverable/data/casia_interval_strips_gt/S1131L02.png,True,True,,
/Users/hrishi/Desktop/dev/Milestone1 BSAI/checkpoint_deliverable/data/CASIA-Iris-Interval/131/L/S1131L03.jpg,1131_L,1131,L,val,S1131L03,True,/Users/hrishi/Desktop/dev/Milestone1 BSAI/checkpoint_deliverable/data/casia_interval_strips/S1131L03.png,/Users/hrishi/Desktop/dev/Milestone1 BSAI/checkpoint_deliverable/data/casia_interval_strips_gt/S1131L03.png,True,True,,
/Users/hrishi/Desktop/dev/Milestone1 BSAI/checkpoint_deliverable/data/CASIA-Iris-Interval/131/L/S1131L01.jpg,1131_L,1131,L,val,S1131L01,True,/Users/hrishi/Desktop/dev/Milestone1 BSAI/checkpoint_deliverable/data/casia_interval_strips/S1131L01.png,/Users/hrishi/Desktop/dev/Milestone1 BSAI/checkpoint_deliverable/data/casia_interval_strips_gt/S1131L01.png,True,True,,
/Users/hrishi/Desktop/dev/Milestone1 BSAI/checkpoint_deliverable/data/CASIA-Iris-Interval/131/L/S1131L04.jpg,1131_L,1131,L,val,S1131L04,True,/Users/hrishi/Desktop/dev/Milestone1 BSAI/checkpoint_deliverable/data/casia_interval_strips/S1131L04.png,/Users/hrishi/Desktop/dev/Milestone1 BSAI/checkpoint_deliverable/data/casia_interval_strips_gt/S1131L04.png,True,True,,
/Users/hrishi/Desktop/dev/Milestone1 BSAI/checkpoint_deliverable/data/CASIA-Iris-Interval/131/L/S1131L05.jpg,1131_L,1131,L,val,S1131L05,True,/Users/hrishi/Desktop/dev/Milestone1 BSAI/checkpoint_deliverable/data/casia_interval_strips/S1131L05.png,/Users/hrishi/Desktop/dev/Milestone1 BSAI/checkpoint_deliverable/data/casia_interval_strips_gt/S1131L05.png,True,True,,
/Users/hrishi/Desktop/dev/Milestone1 BSAI/checkpoint_deliverable/data/CASIA-Iris-Interval/131/L/S1131L07.jpg,1131_L,1131,L,val,S1131L07,True,/Users/hrishi/Desktop/dev/Milestone1 BSAI/checkpoint_deliverable/data/casia_interval_strips/S1131L07.png,/Users/hrishi/Desktop/dev/Milestone1 BSAI/checkpoint_deliverable/data/casia_interval_strips_gt/S1131L07.png,True,True,,
/Users/hrishi/Desktop/dev/Milestone1 BSAI/checkpoint_deliverable/data/CASIA-Iris-Interval/131/L/S1131L06.jpg,1131_L,1131,L,val,S1131L06,True,/Users/hrishi/Desktop/dev/Milestone1 BSAI/checkpoint_deliverable/data/casia_interval_strips/S1131L06.png,/Users/hrishi/Desktop/dev/Milestone1 BSAI/checkpoint_deliverable/data/casia_interval_strips_gt/S1131L06.png,True,True,,
/Users/hrishi/Desktop/dev/Milestone1 BSAI/checkpoint_deliverable/data/CASIA-Iris-Interval/136/R/S1136R09.jpg,1136_R,1136,R,train,S1136R09,True,/Users/hrishi/Desktop/dev/Milestone1 BSAI/checkpoint_deliverable/data/casia_interval_strips/S1136R09.png,/Users/hrishi/Desktop/dev/Milestone1 BSAI/checkpoint_deliverable/data/casia_interval_strips_gt/S1136R09.png,True,True,,
/Users/hrishi/Desktop/dev/Milestone1 BSAI/checkpoint_deliverable/data/CASIA-Iris-Interval/136/R/S1136R08.jpg,1136_R,1136,R,train,S1136R08,True,/Users/hrishi/Desktop/dev/Milestone1 BSAI/checkpoint_deliverable/data/casia_interval_strips/S1136R08.png,/Users/hrishi/Desktop/dev/Milestone1 BSAI/checkpoint_deliverable/data/casia_interval_strips_gt/S1136R08.png,True,True,,
/Users/hrishi/Desktop/dev/Milestone1 BSAI/checkpoint_deliverable/data/CASIA-Iris-Interval/136/R/S1136R05.jpg,1136_R,1136,R,train,S1136R05,True,/Users/hrishi/Desktop/dev/Milestone1 BSAI/checkpoint_deliverable/data/casia_interval_strips/S1136R05.png,/Users/hrishi/Desktop/dev/Milestone1 BSAI/checkpoint_deliverable/data/casia_interval_strips_gt/S1136R05.png,True,True,,
/Users/hrishi/Desktop/dev/Milestone1 BSAI/checkpoint_deliverable/data/CASIA-Iris-Interval/136/R/S1136R04.jpg,1136_R,1136,R,train,S1136R04,True,/Users/hrishi/Desktop/dev/Milestone1 BSAI/checkpoint_deliverable/data/casia_interval_strips/S1136R04.png,/Users/hrishi/Desktop/dev/Milestone1 BSAI/checkpoint_deliverable/data/casia_interval_strips_gt/S1136R04.png,True,True,,
/Users/hrishi/Desktop/dev/Milestone1 BSAI/checkpoint_deliverable/data/CASIA-Iris-Interval/136/R/S1136R10.jpg,1136_R,1136,R,train,S1136R10,True,/Users/hrishi/Desktop/dev/Milestone1 BSAI/checkpoint_deliverable/data/casia_interval_strips/S1136R10.png,/Users/hrishi/Desktop/dev/Milestone1 BSAI/checkpoint_deliverable/data/casia_interval_strips_gt/S1136R10.png,True,True,,
/Users/hrishi/Desktop/dev/Milestone1 BSAI/checkpoint_deliverable/data/CASIA-Iris-Interval/136/R/S1136R06.jpg,1136_R,1136,R,train,S1136R06,True,/Users/hrishi/Desktop/dev/Milestone1 BSAI/checkpoint_deliverable/data/casia_interval_strips/S1136R06.png,/Users/hrishi/Desktop/dev/Milestone1 BSAI/checkpoint_deliverable/data/casia_interval_strips_gt/S1136R06.png,True,True,,
/Users/hrishi/Desktop/dev/Milestone1 BSAI/checkpoint_deliverable/data/CASIA-Iris-Interval/136/R/S1136R07.jpg,1136_R,1136,R,train,S1136R07,True,/Users/hrishi/Desktop/dev/Milestone1 BSAI/checkpoint_deliverable/data/casia_interval_strips/S1136R07.png,/Users/hrishi/Desktop/dev/Milestone1 BSAI/checkpoint_deliverable/data/casia_interval_strips_gt/S1136R07.png,True,True,,
/Users/hrishi/Desktop/dev/Milestone1 BSAI/checkpoint_deliverable/data/CASIA-Iris-Interval/136/R/S1136R03.jpg,1136_R,1136,R,train,S1136R03,True,/Users/hrishi/Desktop/dev/Milestone1 BSAI/checkpoint_deliverable/data/casia_interval_strips/S1136R03.png,/Users/hrishi/Desktop/dev/Milestone1 BSAI/checkpoint_deliverable/data/casia_interval_strips_gt/S1136R03.png,True,True,,
/Users/hrishi/Desktop/dev/Milestone1 BSAI/checkpoint_deliverable/data/CASIA-Iris-Interval/136/R/S1136R02.jpg,1136_R,1136,R,train,S1136R02,True,/Users/hrishi/Desktop/dev/Milestone1 BSAI/checkpoint_deliverable/data/casia_interval_strips/S1136R02.png,/Users/hrishi/Desktop/dev/Milestone1 BSAI/checkpoint_deliverable/data/casia_interval_strips_gt/S1136R02.png,True,True,,
/Users/hrishi/Desktop/dev/Milestone1 BSAI/checkpoint_deliverable/data/CASIA-Iris-Interval/136/R/S1136R01.jpg,1136_R,1136,R,train,S1136R01,True,/Users/hrishi/Desktop/dev/Milestone1 BSAI/checkpoint_deliverable/data/casia_interval_strips/S1136R01.png,/Users/hrishi/Desktop/dev/Milestone1 BSAI/checkpoint_deliverable/data/casia_interval_strips_gt/S1136R01.png,True,True,,
/Users/hrishi/Desktop/dev/Milestone1 BSAI/checkpoint_deliverable/data/CASIA-Iris-Interval/136/L/S1136L08.jpg,1136_L,1136,L,train,S1136L08,True,/Users/hrishi/Desktop/dev/Milestone1 BSAI/checkpoint_deliverable/data/casia_interval_strips/S1136L08.png,/Users/hrishi/Desktop/dev/Milestone1 BSAI/checkpoint_deliverable/data/casia_interval_strips_gt/S1136L08.png,True,True,,
/Users/hrishi/Desktop/dev/Milestone1 BSAI/checkpoint_deliverable/data/CASIA-Iris-Interval/136/L/S1136L09.jpg,1136_L,1136,L,train,S1136L09,True,/Users/hrishi/Desktop/dev/Milestone1 BSAI/checkpoint_deliverable/data/casia_interval_strips/S1136L09.png,/Users/hrishi/Desktop/dev/Milestone1 BSAI/checkpoint_deliverable/data/casia_interval_strips_gt/S1136L09.png,True,True,,
/Users/hrishi/Desktop/dev/Milestone1 BSAI/checkpoint_deliverable/data/CASIA-Iris-Interval/136/L/S1136L02.jpg,1136_L,1136,L,train,S1136L02,True,/Users/hrishi/Desktop/dev/Milestone1 BSAI/checkpoint_deliverable/data/casia_interval_strips/S1136L02.png,/Users/hrishi/Desktop/dev/Milestone1 BSAI/checkpoint_deliverable/data/casia_interval_strips_gt/S1136L02.png,True,True,,
/Users/hrishi/Desktop/dev/Milestone1 BSAI/checkpoint_deliverable/data/CASIA-Iris-Interval/136/L/S1136L03.jpg,1136_L,1136,L,train,S1136L03,True,/Users/hrishi/Desktop/dev/Milestone1 BSAI/checkpoint_deliverable/data/casia_interval_strips/S1136L03.png,/Users/hrishi/Desktop/dev/Milestone1 BSAI/checkpoint_deliverable/data/casia_interval_strips_gt/S1136L03.png,True,True,,
/Users/hrishi/Desktop/dev/Milestone1 BSAI/checkpoint_deliverable/data/CASIA-Iris-Interval/136/L/S1136L01.jpg,1136_L,1136,L,train,S1136L01,True,/Users/hrishi/Desktop/dev/Milestone1 BSAI/checkpoint_deliverable/data/casia_interval_strips/S1136L01.png,/Users/hrishi/Desktop/dev/Milestone1 BSAI/checkpoint_deliverable/data/casia_interval_strips_gt/S1136L01.png,True,True,,
/Users/hrishi/Desktop/dev/Milestone1 BSAI/checkpoint_deliverable/data/CASIA-Iris-Interval/136/L/S1136L10.jpg,1136_L,1136,L,train,S1136L10,True,/Users/hrishi/Desktop/dev/Milestone1 BSAI/checkpoint_deliverable/data/casia_interval_strips/S1136L10.png,/Users/hrishi/Desktop/dev/Milestone1 BSAI/checkpoint_deliverable/data/casia_interval_strips_gt/S1136L10.png,True,True,,
/Users/hrishi/Desktop/dev/Milestone1 BSAI/checkpoint_deliverable/data/CASIA-Iris-Interval/136/L/S1136L04.jpg,1136_L,1136,L,train,S1136L04,True,/Users/hrishi/Desktop/dev/Milestone1 BSAI/checkpoint_deliverable/data/casia_interval_strips/S1136L04.png,/Users/hrishi/Desktop/dev/Milestone1 BSAI/checkpoint_deliverable/data/casia_interval_strips_gt/S1136L04.png,True,True,,
/Users/hrishi/Desktop/dev/Milestone1 BSAI/checkpoint_deliverable/data/CASIA-Iris-Interval/136/L/S1136L05.jpg,1136_L,1136,L,train,S1136L05,True,/Users/hrishi/Desktop/dev/Milestone1 BSAI/checkpoint_deliverable/data/casia_interval_strips/S1136L05.png,/Users/hrishi/Desktop/dev/Milestone1 BSAI/checkpoint_deliverable/data/casia_interval_strips_gt/S1136L05.png,True,True,,
/Users/hrishi/Desktop/dev/Milestone1 BSAI/checkpoint_deliverable/data/CASIA-Iris-Interval/136/L/S1136L07.jpg,1136_L,1136,L,train,S1136L07,True,/Users/hrishi/Desktop/dev/Milestone1 BSAI/checkpoint_deliverable/data/casia_interval_strips/S1136L07.png,/Users/hrishi/Desktop/dev/Milestone1 BSAI/checkpoint_deliverable/data/casia_interval_strips_gt/S1136L07.png,True,True,,
/Users/hrishi/Desktop/dev/Milestone1 BSAI/checkpoint_deliverable/data/CASIA-Iris-Interval/136/L/S1136L06.jpg,1136_L,1136,L,train,S1136L06,True,/Users/hrishi/Desktop/dev/Milestone1 BSAI/checkpoint_deliverable/data/casia_interval_strips/S1136L06.png,/Users/hrishi/Desktop/dev/Milestone1 BSAI/checkpoint_deliverable/data/casia_interval_strips_gt/S1136L06.png,True,True,,
/Users/hrishi/Desktop/dev/Milestone1 BSAI/checkpoint_deliverable/data/CASIA-Iris-Interval/109/R/S1109R01.jpg,1109_R,1109,R,test,S1109R01,True,/Users/hrishi/Desktop/dev/Milestone1 BSAI/checkpoint_deliverable/data/casia_interval_strips/S1109R01.png,/Users/hrishi/Desktop/dev/Milestone1 BSAI/checkpoint_deliverable/data/casia_interval_strips_gt/S1109R01.png,True,True,,
/Users/hrishi/Desktop/dev/Milestone1 BSAI/checkpoint_deliverable/data/CASIA-Iris-Interval/109/R/S1109R02.jpg,1109_R,1109,R,test,S1109R02,True,/Users/hrishi/Desktop/dev/Milestone1 BSAI/checkpoint_deliverable/data/casia_interval_strips/S1109R02.png,/Users/hrishi/Desktop/dev/Milestone1 BSAI/checkpoint_deliverable/data/casia_interval_strips_gt/S1109R02.png,True,True,,
/Users/hrishi/Desktop/dev/Milestone1 BSAI/checkpoint_deliverable/data/CASIA-Iris-Interval/109/R/S1109R03.jpg,1109_R,1109,R,test,S1109R03,True,/Users/hrishi/Desktop/dev/Milestone1 BSAI/checkpoint_deliverable/data/casia_interval_strips/S1109R03.png,/Users/hrishi/Desktop/dev/Milestone1 BSAI/checkpoint_deliverable/data/casia_interval_strips_gt/S1109R03.png,True,True,,
/Users/hrishi/Desktop/dev/Milestone1 BSAI/checkpoint_deliverable/data/CASIA-Iris-Interval/109/R/S1109R07.jpg,1109_R,1109,R,test,S1109R07,True,/Users/hrishi/Desktop/dev/Milestone1 BSAI/checkpoint_deliverable/data/casia_interval_strips/S1109R07.png,/Users/hrishi/Desktop/dev/Milestone1 BSAI/checkpoint_deliverable/data/casia_interval_strips_gt/S1109R07.png,True,True,,
/Users/hrishi/Desktop/dev/Milestone1 BSAI/checkpoint_deliverable/data/CASIA-Iris-Interval/109/R/S1109R06.jpg,1109_R,1109,R,test,S1109R06,True,/Users/hrishi/Desktop/dev/Milestone1 BSAI/checkpoint_deliverable/data/casia_interval_strips/S1109R06.png,/Users/hrishi/Desktop/dev/Milestone1 BSAI/checkpoint_deliverable/data/casia_interval_strips_gt/S1109R06.png,True,True,,
/Users/hrishi/Desktop/dev/Milestone1 BSAI/checkpoint_deliverable/data/CASIA-Iris-Interval/109/R/S1109R04.jpg,1109_R,1109,R,test,S1109R04,True,/Users/hrishi/Desktop/dev/Milestone1 BSAI/checkpoint_deliverable/data/casia_interval_strips/S1109R04.png,/Users/hrishi/Desktop/dev/Milestone1 BSAI/checkpoint_deliverable/data/casia_interval_strips_gt/S1109R04.png,True,True,,
/Users/hrishi/Desktop/dev/Milestone1 BSAI/checkpoint_deliverable/data/CASIA-Iris-Interval/109/R/S1109R05.jpg,1109_R,1109,R,test,S1109R05,True,/Users/hrishi/Desktop/dev/Milestone1 BSAI/checkpoint_deliverable/data/casia_interval_strips/S1109R05.png,/Users/hrishi/Desktop/dev/Milestone1 BSAI/checkpoint_deliverable/data/casia_interval_strips_gt/S1109R05.png,True,True,,
/Users/hrishi/Desktop/dev/Milestone1 BSAI/checkpoint_deliverable/data/CASIA-Iris-Interval/109/L/S1109L06.jpg,1109_L,1109,L,train,S1109L06,True,/Users/hrishi/Desktop/dev/Milestone1 BSAI/checkpoint_deliverable/data/casia_interval_strips/S1109L06.png,/Users/hrishi/Desktop/dev/Milestone1 BSAI/checkpoint_deliverable/data/casia_interval_strips_gt/S1109L06.png,True,True,,
/Users/hrishi/Desktop/dev/Milestone1 BSAI/checkpoint_deliverable/data/CASIA-Iris-Interval/109/L/S1109L05.jpg,1109_L,1109,L,train,S1109L05,True,/Users/hrishi/Desktop/dev/Milestone1 BSAI/checkpoint_deliverable/data/casia_interval_strips/S1109L05.png,/Users/hrishi/Desktop/dev/Milestone1 BSAI/checkpoint_deliverable/data/casia_interval_strips_gt/S1109L05.png,True,True,,
/Users/hrishi/Desktop/dev/Milestone1 BSAI/checkpoint_deliverable/data/CASIA-Iris-Interval/109/L/S1109L04.jpg,1109_L,1109,L,train,S1109L04,True,/Users/hrishi/Desktop/dev/Milestone1 BSAI/checkpoint_deliverable/data/casia_interval_strips/S1109L04.png,/Users/hrishi/Desktop/dev/Milestone1 BSAI/checkpoint_deliverable/data/casia_interval_strips_gt/S1109L04.png,True,True,,
/Users/hrishi/Desktop/dev/Milestone1 BSAI/checkpoint_deliverable/data/CASIA-Iris-Interval/109/L/S1109L01.jpg,1109_L,1109,L,train,S1109L01,True,/Users/hrishi/Desktop/dev/Milestone1 BSAI/checkpoint_deliverable/data/casia_interval_strips/S1109L01.png,/Users/hrishi/Desktop/dev/Milestone1 BSAI/checkpoint_deliverable/data/casia_interval_strips_gt/S1109L01.png,True,True,,
/Users/hrishi/Desktop/dev/Milestone1 BSAI/checkpoint_deliverable/data/CASIA-Iris-Interval/109/L/S1109L03.jpg,1109_L,1109,L,train,S1109L03,True,/Users/hrishi/Desktop/dev/Milestone1 BSAI/checkpoint_deliverable/data/casia_interval_strips/S1109L03.png,/Users/hrishi/Desktop/dev/Milestone1 BSAI/checkpoint_deliverable/data/casia_interval_strips_gt/S1109L03.png,True,True,,
/Users/hrishi/Desktop/dev/Milestone1 BSAI/checkpoint_deliverable/data/CASIA-Iris-Interval/109/L/S1109L02.jpg,1109_L,1109,L,train,S1109L02,True,/Users/hrishi/Desktop/dev/Milestone1 BSAI/checkpoint_deliverable/data/casia_interval_strips/S1109L02.png,/Users/hrishi/Desktop/dev/Milestone1 BSAI/checkpoint_deliverable/data/casia_interval_strips_gt/S1109L02.png,True,True,,
/Users/hrishi/Desktop/dev/Milestone1 BSAI/checkpoint_deliverable/data/CASIA-Iris-Interval/100/R/S1100R04.jpg,1100_R,1100,R,val,S1100R04,True,/Users/hrishi/Desktop/dev/Milestone1 BSAI/checkpoint_deliverable/data/casia_interval_strips/S1100R04.png,/Users/hrishi/Desktop/dev/Milestone1 BSAI/checkpoint_deliverable/data/casia_interval_strips_gt/S1100R04.png,True,True,,
/Users/hrishi/Desktop/dev/Milestone1 BSAI/checkpoint_deliverable/data/CASIA-Iris-Interval/100/R/S1100R05.jpg,1100_R,1100,R,val,S1100R05,True,/Users/hrishi/Desktop/dev/Milestone1 BSAI/checkpoint_deliverable/data/casia_interval_strips/S1100R05.png,/Users/hrishi/Desktop/dev/Milestone1 BSAI/checkpoint_deliverable/data/casia_interval_strips_gt/S1100R05.png,True,True,,
/Users/hrishi/Desktop/dev/Milestone1 BSAI/checkpoint_deliverable/data/CASIA-Iris-Interval/100/R/S1100R07.jpg,1100_R,1100,R,val,S1100R07,True,/Users/hrishi/Desktop/dev/Milestone1 BSAI/checkpoint_deliverable/data/casia_interval_strips/S1100R07.png,/Users/hrishi/Desktop/dev/Milestone1 BSAI/checkpoint_deliverable/data/casia_interval_strips_gt/S1100R07.png,True,True,,
/Users/hrishi/Desktop/dev/Milestone1 BSAI/checkpoint_deliverable/data/CASIA-Iris-Interval/100/R/S1100R06.jpg,1100_R,1100,R,val,S1100R06,True,/Users/hrishi/Desktop/dev/Milestone1 BSAI/checkpoint_deliverable/data/casia_interval_strips/S1100R06.png,/Users/hrishi/Desktop/dev/Milestone1 BSAI/checkpoint_deliverable/data/casia_interval_strips_gt/S1100R06.png,True,True,,
/Users/hrishi/Desktop/dev/Milestone1 BSAI/checkpoint_deliverable/data/CASIA-Iris-Interval/100/R/S1100R02.jpg,1100_R,1100,R,val,S1100R02,True,/Users/hrishi/Desktop/dev/Milestone1 BSAI/checkpoint_deliverable/data/casia_interval_strips/S1100R02.png,/Users/hrishi/Desktop/dev/Milestone1 BSAI/checkpoint_deliverable/data/casia_interval_strips_gt/S1100R02.png,True,True,,
/Users/hrishi/Desktop/dev/Milestone1 BSAI/checkpoint_deliverable/data/CASIA-Iris-Interval/100/R/S1100R03.jpg,1100_R,1100,R,val,S1100R03,True,/Users/hrishi/Desktop/dev/Milestone1 BSAI/checkpoint_deliverable/data/casia_interval_strips/S1100R03.png,/Users/hrishi/Desktop/dev/Milestone1 BSAI/checkpoint_deliverable/data/casia_interval_strips_gt/S1100R03.png,True,True,,
/Users/hrishi/Desktop/dev/Milestone1 BSAI/checkpoint_deliverable/data/CASIA-Iris-Interval/100/R/S1100R01.jpg,1100_R,1100,R,val,S1100R01,True,/Users/hrishi/Desktop/dev/Milestone1 BSAI/checkpoint_deliverable/data/casia_interval_strips/S1100R01.png,/Users/hrishi/Desktop/dev/Milestone1 BSAI/checkpoint_deliverable/data/casia_interval_strips_gt/S1100R01.png,True,True,,
/Users/hrishi/Desktop/dev/Milestone1 BSAI/checkpoint_deliverable/data/CASIA-Iris-Interval/100/L/S1100L03.jpg,1100_L,1100,L,train,S1100L03,True,/Users/hrishi/Desktop/dev/Milestone1 BSAI/checkpoint_deliverable/data/casia_interval_strips/S1100L03.png,/Users/hrishi/Desktop/dev/Milestone1 BSAI/checkpoint_deliverable/data/casia_interval_strips_gt/S1100L03.png,True,True,,
/Users/hrishi/Desktop/dev/Milestone1 BSAI/checkpoint_deliverable/data/CASIA-Iris-Interval/100/L/S1100L02.jpg,1100_L,1100,L,train,S1100L02,True,/Users/hrishi/Desktop/dev/Milestone1 BSAI/checkpoint_deliverable/data/casia_interval_strips/S1100L02.png,/Users/hrishi/Desktop/dev/Milestone1 BSAI/checkpoint_deliverable/data/casia_interval_strips_gt/S1100L02.png,True,True,,
/Users/hrishi/Desktop/dev/Milestone1 BSAI/checkpoint_deliverable/data/CASIA-Iris-Interval/100/L/S1100L01.jpg,1100_L,1100,L,train,S1100L01,True,/Users/hrishi/Desktop/dev/Milestone1 BSAI/checkpoint_deliverable/data/casia_interval_strips/S1100L01.png,/Users/hrishi/Desktop/dev/Milestone1 BSAI/checkpoint_deliverable/data/casia_interval_strips_gt/S1100L01.png,True,True,,
/Users/hrishi/Desktop/dev/Milestone1 BSAI/checkpoint_deliverable/data/CASIA-Iris-Interval/100/L/S1100L05.jpg,1100_L,1100,L,train,S1100L05,True,/Users/hrishi/Desktop/dev/Milestone1 BSAI/checkpoint_deliverable/data/casia_interval_strips/S1100L05.png,/Users/hrishi/Desktop/dev/Milestone1 BSAI/checkpoint_deliverable/data/casia_interval_strips_gt/S1100L05.png,True,True,,
/Users/hrishi/Desktop/dev/Milestone1 BSAI/checkpoint_deliverable/data/CASIA-Iris-Interval/100/L/S1100L04.jpg,1100_L,1100,L,train,S1100L04,True,/Users/hrishi/Desktop/dev/Milestone1 BSAI/checkpoint_deliverable/data/casia_interval_strips/S1100L04.png,/Users/hrishi/Desktop/dev/Milestone1 BSAI/checkpoint_deliverable/data/casia_interval_strips_gt/S1100L04.png,True,True,,
/Users/hrishi/Desktop/dev/Milestone1 BSAI/checkpoint_deliverable/data/CASIA-Iris-Interval/100/L/S1100L06.jpg,1100_L,1100,L,train,S1100L06,True,/Users/hrishi/Desktop/dev/Milestone1 BSAI/checkpoint_deliverable/data/casia_interval_strips/S1100L06.png,/Users/hrishi/Desktop/dev/Milestone1 BSAI/checkpoint_deliverable/data/casia_interval_strips_gt/S1100L06.png,True,True,,
/Users/hrishi/Desktop/dev/Milestone1 BSAI/checkpoint_deliverable/data/CASIA-Iris-Interval/100/L/S1100L07.jpg,1100_L,1100,L,train,S1100L07,True,/Users/hrishi/Desktop/dev/Milestone1 BSAI/checkpoint_deliverable/data/casia_interval_strips/S1100L07.png,/Users/hrishi/Desktop/dev/Milestone1 BSAI/checkpoint_deliverable/data/casia_interval_strips_gt/S1100L07.png,True,True,,
/Users/hrishi/Desktop/dev/Milestone1 BSAI/checkpoint_deliverable/data/CASIA-Iris-Interval/107/R/S1107R04.jpg,1107_R,1107,R,train,S1107R04,True,/Users/hrishi/Desktop/dev/Milestone1 BSAI/checkpoint_deliverable/data/casia_interval_strips/S1107R04.png,/Users/hrishi/Desktop/dev/Milestone1 BSAI/checkpoint_deliverable/data/casia_interval_strips_gt/S1107R04.png,True,True,,
/Users/hrishi/Desktop/dev/Milestone1 BSAI/checkpoint_deliverable/data/CASIA-Iris-Interval/107/R/S1107R05.jpg,1107_R,1107,R,train,S1107R05,True,/Users/hrishi/Desktop/dev/Milestone1 BSAI/checkpoint_deliverable/data/casia_interval_strips/S1107R05.png,/Users/hrishi/Desktop/dev/Milestone1 BSAI/checkpoint_deliverable/data/casia_interval_strips_gt/S1107R05.png,True,True,,
/Users/hrishi/Desktop/dev/Milestone1 BSAI/checkpoint_deliverable/data/CASIA-Iris-Interval/107/R/S1107R07.jpg,1107_R,1107,R,train,S1107R07,True,/Users/hrishi/Desktop/dev/Milestone1 BSAI/checkpoint_deliverable/data/casia_interval_strips/S1107R07.png,/Users/hrishi/Desktop/dev/Milestone1 BSAI/checkpoint_deliverable/data/casia_interval_strips_gt/S1107R07.png,True,True,,
/Users/hrishi/Desktop/dev/Milestone1 BSAI/checkpoint_deliverable/data/CASIA-Iris-Interval/107/R/S1107R06.jpg,1107_R,1107,R,train,S1107R06,True,/Users/hrishi/Desktop/dev/Milestone1 BSAI/checkpoint_deliverable/data/casia_interval_strips/S1107R06.png,/Users/hrishi/Desktop/dev/Milestone1 BSAI/checkpoint_deliverable/data/casia_interval_strips_gt/S1107R06.png,True,True,,
/Users/hrishi/Desktop/dev/Milestone1 BSAI/checkpoint_deliverable/data/CASIA-Iris-Interval/107/R/S1107R02.jpg,1107_R,1107,R,train,S1107R02,True,/Users/hrishi/Desktop/dev/Milestone1 BSAI/checkpoint_deliverable/data/casia_interval_strips/S1107R02.png,/Users/hrishi/Desktop/dev/Milestone1 BSAI/checkpoint_deliverable/data/casia_interval_strips_gt/S1107R02.png,True,True,,
/Users/hrishi/Desktop/dev/Milestone1 BSAI/checkpoint_deliverable/data/CASIA-Iris-Interval/107/R/S1107R03.jpg,1107_R,1107,R,train,S1107R03,True,/Users/hrishi/Desktop/dev/Milestone1 BSAI/checkpoint_deliverable/data/casia_interval_strips/S1107R03.png,/Users/hrishi/Desktop/dev/Milestone1 BSAI/checkpoint_deliverable/data/casia_interval_strips_gt/S1107R03.png,True,True,,
/Users/hrishi/Desktop/dev/Milestone1 BSAI/checkpoint_deliverable/data/CASIA-Iris-Interval/107/R/S1107R01.jpg,1107_R,1107,R,train,S1107R01,True,/Users/hrishi/Desktop/dev/Milestone1 BSAI/checkpoint_deliverable/data/casia_interval_strips/S1107R01.png,/Users/hrishi/Desktop/dev/Milestone1 BSAI/checkpoint_deliverable/data/casia_interval_strips_gt/S1107R01.png,True,True,,
/Users/hrishi/Desktop/dev/Milestone1 BSAI/checkpoint_deliverable/data/CASIA-Iris-Interval/107/L/S1107L03.jpg,1107_L,1107,L,val,S1107L03,True,/Users/hrishi/Desktop/dev/Milestone1 BSAI/checkpoint_deliverable/data/casia_interval_strips/S1107L03.png,/Users/hrishi/Desktop/dev/Milestone1 BSAI/checkpoint_deliverable/data/casia_interval_strips_gt/S1107L03.png,True,True,,
/Users/hrishi/Desktop/dev/Milestone1 BSAI/checkpoint_deliverable/data/CASIA-Iris-Interval/107/L/S1107L02.jpg,1107_L,1107,L,val,S1107L02,True,/Users/hrishi/Desktop/dev/Milestone1 BSAI/checkpoint_deliverable/data/casia_interval_strips/S1107L02.png,/Users/hrishi/Desktop/dev/Milestone1 BSAI/checkpoint_deliverable/data/casia_interval_strips_gt/S1107L02.png,True,True,,
/Users/hrishi/Desktop/dev/Milestone1 BSAI/checkpoint_deliverable/data/CASIA-Iris-Interval/107/L/S1107L01.jpg,1107_L,1107,L,val,S1107L01,True,/Users/hrishi/Desktop/dev/Milestone1 BSAI/checkpoint_deliverable/data/casia_interval_strips/S1107L01.png,/Users/hrishi/Desktop/dev/Milestone1 BSAI/checkpoint_deliverable/data/casia_interval_strips_gt/S1107L01.png,True,True,,
/Users/hrishi/Desktop/dev/Milestone1 BSAI/checkpoint_deliverable/data/CASIA-Iris-Interval/107/L/S1107L05.jpg,1107_L,1107,L,val,S1107L05,True,/Users/hrishi/Desktop/dev/Milestone1 BSAI/checkpoint_deliverable/data/casia_interval_strips/S1107L05.png,/Users/hrishi/Desktop/dev/Milestone1 BSAI/checkpoint_deliverable/data/casia_interval_strips_gt/S1107L05.png,True,True,,
/Users/hrishi/Desktop/dev/Milestone1 BSAI/checkpoint_deliverable/data/CASIA-Iris-Interval/107/L/S1107L04.jpg,1107_L,1107,L,val,S1107L04,True,/Users/hrishi/Desktop/dev/Milestone1 BSAI/checkpoint_deliverable/data/casia_interval_strips/S1107L04.png,/Users/hrishi/Desktop/dev/Milestone1 BSAI/checkpoint_deliverable/data/casia_interval_strips_gt/S1107L04.png,True,True,,
/Users/hrishi/Desktop/dev/Milestone1 BSAI/checkpoint_deliverable/data/CASIA-Iris-Interval/107/L/S1107L06.jpg,1107_L,1107,L,val,S1107L06,True,/Users/hrishi/Desktop/dev/Milestone1 BSAI/checkpoint_deliverable/data/casia_interval_strips/S1107L06.png,/Users/hrishi/Desktop/dev/Milestone1 BSAI/checkpoint_deliverable/data/casia_interval_strips_gt/S1107L06.png,True,True,,
/Users/hrishi/Desktop/dev/Milestone1 BSAI/checkpoint_deliverable/data/CASIA-Iris-Interval/107/L/S1107L07.jpg,1107_L,1107,L,val,S1107L07,True,/Users/hrishi/Desktop/dev/Milestone1 BSAI/checkpoint_deliverable/data/casia_interval_strips/S1107L07.png,/Users/hrishi/Desktop/dev/Milestone1 BSAI/checkpoint_deliverable/data/casia_interval_strips_gt/S1107L07.png,True,True,,
/Users/hrishi/Desktop/dev/Milestone1 BSAI/checkpoint_deliverable/data/CASIA-Iris-Interval/138/R/S1138R01.jpg,1138_R,1138,R,train,S1138R01,True,/Users/hrishi/Desktop/dev/Milestone1 BSAI/checkpoint_deliverable/data/casia_interval_strips/S1138R01.png,/Users/hrishi/Desktop/dev/Milestone1 BSAI/checkpoint_deliverable/data/casia_interval_strips_gt/S1138R01.png,True,True,,
/Users/hrishi/Desktop/dev/Milestone1 BSAI/checkpoint_deliverable/data/CASIA-Iris-Interval/138/R/S1138R03.jpg,1138_R,1138,R,train,S1138R03,True,/Users/hrishi/Desktop/dev/Milestone1 BSAI/checkpoint_deliverable/data/casia_interval_strips/S1138R03.png,/Users/hrishi/Desktop/dev/Milestone1 BSAI/checkpoint_deliverable/data/casia_interval_strips_gt/S1138R03.png,True,True,,
/Users/hrishi/Desktop/dev/Milestone1 BSAI/checkpoint_deliverable/data/CASIA-Iris-Interval/138/R/S1138R02.jpg,1138_R,1138,R,train,S1138R02,True,/Users/hrishi/Desktop/dev/Milestone1 BSAI/checkpoint_deliverable/data/casia_interval_strips/S1138R02.png,/Users/hrishi/Desktop/dev/Milestone1 BSAI/checkpoint_deliverable/data/casia_interval_strips_gt/S1138R02.png,True,True,,
/Users/hrishi/Desktop/dev/Milestone1 BSAI/checkpoint_deliverable/data/CASIA-Iris-Interval/138/R/S1138R06.jpg,1138_R,1138,R,train,S1138R06,True,/Users/hrishi/Desktop/dev/Milestone1 BSAI/checkpoint_deliverable/data/casia_interval_strips/S1138R06.png,/Users/hrishi/Desktop/dev/Milestone1 BSAI/checkpoint_deliverable/data/casia_interval_strips_gt/S1138R06.png,True,True,,
/Users/hrishi/Desktop/dev/Milestone1 BSAI/checkpoint_deliverable/data/CASIA-Iris-Interval/138/R/S1138R07.jpg,1138_R,1138,R,train,S1138R07,True,/Users/hrishi/Desktop/dev/Milestone1 BSAI/checkpoint_deliverable/data/casia_interval_strips/S1138R07.png,/Users/hrishi/Desktop/dev/Milestone1 BSAI/checkpoint_deliverable/data/casia_interval_strips_gt/S1138R07.png,True,True,,
/Users/hrishi/Desktop/dev/Milestone1 BSAI/checkpoint_deliverable/data/CASIA-Iris-Interval/138/R/S1138R05.jpg,1138_R,1138,R,train,S1138R05,True,/Users/hrishi/Desktop/dev/Milestone1 BSAI/checkpoint_deliverable/data/casia_interval_strips/S1138R05.png,/Users/hrishi/Desktop/dev/Milestone1 BSAI/checkpoint_deliverable/data/casia_interval_strips_gt/S1138R05.png,True,True,,
/Users/hrishi/Desktop/dev/Milestone1 BSAI/checkpoint_deliverable/data/CASIA-Iris-Interval/138/R/S1138R04.jpg,1138_R,1138,R,train,S1138R04,True,/Users/hrishi/Desktop/dev/Milestone1 BSAI/checkpoint_deliverable/data/casia_interval_strips/S1138R04.png,/Users/hrishi/Desktop/dev/Milestone1 BSAI/checkpoint_deliverable/data/casia_interval_strips_gt/S1138R04.png,True,True,,
/Users/hrishi/Desktop/dev/Milestone1 BSAI/checkpoint_deliverable/data/CASIA-Iris-Interval/138/L/S1138L07.jpg,1138_L,1138,L,train,S1138L07,True,/Users/hrishi/Desktop/dev/Milestone1 BSAI/checkpoint_deliverable/data/casia_interval_strips/S1138L07.png,/Users/hrishi/Desktop/dev/Milestone1 BSAI/checkpoint_deliverable/data/casia_interval_strips_gt/S1138L07.png,True,True,,
/Users/hrishi/Desktop/dev/Milestone1 BSAI/checkpoint_deliverable/data/CASIA-Iris-Interval/138/L/S1138L06.jpg,1138_L,1138,L,train,S1138L06,True,/Users/hrishi/Desktop/dev/Milestone1 BSAI/checkpoint_deliverable/data/casia_interval_strips/S1138L06.png,/Users/hrishi/Desktop/dev/Milestone1 BSAI/checkpoint_deliverable/data/casia_interval_strips_gt/S1138L06.png,True,True,,
/Users/hrishi/Desktop/dev/Milestone1 BSAI/checkpoint_deliverable/data/CASIA-Iris-Interval/138/L/S1138L04.jpg,1138_L,1138,L,train,S1138L04,True,/Users/hrishi/Desktop/dev/Milestone1 BSAI/checkpoint_deliverable/data/casia_interval_strips/S1138L04.png,/Users/hrishi/Desktop/dev/Milestone1 BSAI/checkpoint_deliverable/data/casia_interval_strips_gt/S1138L04.png,True,True,,
/Users/hrishi/Desktop/dev/Milestone1 BSAI/checkpoint_deliverable/data/CASIA-Iris-Interval/138/L/S1138L05.jpg,1138_L,1138,L,train,S1138L05,True,/Users/hrishi/Desktop/dev/Milestone1 BSAI/checkpoint_deliverable/data/casia_interval_strips/S1138L05.png,/Users/hrishi/Desktop/dev/Milestone1 BSAI/checkpoint_deliverable/data/casia_interval_strips_gt/S1138L05.png,True,True,,
/Users/hrishi/Desktop/dev/Milestone1 BSAI/checkpoint_deliverable/data/CASIA-Iris-Interval/138/L/S1138L01.jpg,1138_L,1138,L,train,S1138L01,True,/Users/hrishi/Desktop/dev/Milestone1 BSAI/checkpoint_deliverable/data/casia_interval_strips/S1138L01.png,/Users/hrishi/Desktop/dev/Milestone1 BSAI/checkpoint_deliverable/data/casia_interval_strips_gt/S1138L01.png,True,True,,
/Users/hrishi/Desktop/dev/Milestone1 BSAI/checkpoint_deliverable/data/CASIA-Iris-Interval/138/L/S1138L02.jpg,1138_L,1138,L,train,S1138L02,True,/Users/hrishi/Desktop/dev/Milestone1 BSAI/checkpoint_deliverable/data/casia_interval_strips/S1138L02.png,/Users/hrishi/Desktop/dev/Milestone1 BSAI/checkpoint_deliverable/data/casia_interval_strips_gt/S1138L02.png,True,True,,
/Users/hrishi/Desktop/dev/Milestone1 BSAI/checkpoint_deliverable/data/CASIA-Iris-Interval/138/L/S1138L03.jpg,1138_L,1138,L,train,S1138L03,True,/Users/hrishi/Desktop/dev/Milestone1 BSAI/checkpoint_deliverable/data/casia_interval_strips/S1138L03.png,/Users/hrishi/Desktop/dev/Milestone1 BSAI/checkpoint_deliverable/data/casia_interval_strips_gt/S1138L03.png,True,True,,
/Users/hrishi/Desktop/dev/Milestone1 BSAI/checkpoint_deliverable/data/CASIA-Iris-Interval/190/L/S1190L01.jpg,1190_L,1190,L,test,S1190L01,True,/Users/hrishi/Desktop/dev/Milestone1 BSAI/checkpoint_deliverable/data/casia_interval_strips/S1190L01.png,/Users/hrishi/Desktop/dev/Milestone1 BSAI/checkpoint_deliverable/data/casia_interval_strips_gt/S1190L01.png,True,True,,
/Users/hrishi/Desktop/dev/Milestone1 BSAI/checkpoint_deliverable/data/CASIA-Iris-Interval/190/L/S1190L03.jpg,1190_L,1190,L,test,S1190L03,True,/Users/hrishi/Desktop/dev/Milestone1 BSAI/checkpoint_deliverable/data/casia_interval_strips/S1190L03.png,/Users/hrishi/Desktop/dev/Milestone1 BSAI/checkpoint_deliverable/data/casia_interval_strips_gt/S1190L03.png,True,True,,
/Users/hrishi/Desktop/dev/Milestone1 BSAI/checkpoint_deliverable/data/CASIA-Iris-Interval/190/L/S1190L02.jpg,1190_L,1190,L,test,S1190L02,True,/Users/hrishi/Desktop/dev/Milestone1 BSAI/checkpoint_deliverable/data/casia_interval_strips/S1190L02.png,/Users/hrishi/Desktop/dev/Milestone1 BSAI/checkpoint_deliverable/data/casia_interval_strips_gt/S1190L02.png,True,True,,
/Users/hrishi/Desktop/dev/Milestone1 BSAI/checkpoint_deliverable/data/CASIA-Iris-Interval/190/L/S1190L05.jpg,1190_L,1190,L,test,S1190L05,True,/Users/hrishi/Desktop/dev/Milestone1 BSAI/checkpoint_deliverable/data/casia_interval_strips/S1190L05.png,/Users/hrishi/Desktop/dev/Milestone1 BSAI/checkpoint_deliverable/data/casia_interval_strips_gt/S1190L05.png,True,True,,
/Users/hrishi/Desktop/dev/Milestone1 BSAI/checkpoint_deliverable/data/CASIA-Iris-Interval/190/L/S1190L04.jpg,1190_L,1190,L,test,S1190L04,True,/Users/hrishi/Desktop/dev/Milestone1 BSAI/checkpoint_deliverable/data/casia_interval_strips/S1190L04.png,/Users/hrishi/Desktop/dev/Milestone1 BSAI/checkpoint_deliverable/data/casia_interval_strips_gt/S1190L04.png,True,True,,
/Users/hrishi/Desktop/dev/Milestone1 BSAI/checkpoint_deliverable/data/CASIA-Iris-Interval/164/R/S1164R04.jpg,1164_R,1164,R,train,S1164R04,True,/Users/hrishi/Desktop/dev/Milestone1 BSAI/checkpoint_deliverable/data/casia_interval_strips/S1164R04.png,/Users/hrishi/Desktop/dev/Milestone1 BSAI/checkpoint_deliverable/data/casia_interval_strips_gt/S1164R04.png,True,True,,
/Users/hrishi/Desktop/dev/Milestone1 BSAI/checkpoint_deliverable/data/CASIA-Iris-Interval/164/R/S1164R05.jpg,1164_R,1164,R,train,S1164R05,True,/Users/hrishi/Desktop/dev/Milestone1 BSAI/checkpoint_deliverable/data/casia_interval_strips/S1164R05.png,/Users/hrishi/Desktop/dev/Milestone1 BSAI/checkpoint_deliverable/data/casia_interval_strips_gt/S1164R05.png,True,True,,
/Users/hrishi/Desktop/dev/Milestone1 BSAI/checkpoint_deliverable/data/CASIA-Iris-Interval/164/R/S1164R02.jpg,1164_R,1164,R,train,S1164R02,True,/Users/hrishi/Desktop/dev/Milestone1 BSAI/checkpoint_deliverable/data/casia_interval_strips/S1164R02.png,/Users/hrishi/Desktop/dev/Milestone1 BSAI/checkpoint_deliverable/data/casia_interval_strips_gt/S1164R02.png,True,True,,
/Users/hrishi/Desktop/dev/Milestone1 BSAI/checkpoint_deliverable/data/CASIA-Iris-Interval/164/R/S1164R03.jpg,1164_R,1164,R,train,S1164R03,True,/Users/hrishi/Desktop/dev/Milestone1 BSAI/checkpoint_deliverable/data/casia_interval_strips/S1164R03.png,/Users/hrishi/Desktop/dev/Milestone1 BSAI/checkpoint_deliverable/data/casia_interval_strips_gt/S1164R03.png,True,True,,
/Users/hrishi/Desktop/dev/Milestone1 BSAI/checkpoint_deliverable/data/CASIA-Iris-Interval/164/R/S1164R01.jpg,1164_R,1164,R,train,S1164R01,True,/Users/hrishi/Desktop/dev/Milestone1 BSAI/checkpoint_deliverable/data/casia_interval_strips/S1164R01.png,/Users/hrishi/Desktop/dev/Milestone1 BSAI/checkpoint_deliverable/data/casia_interval_strips_gt/S1164R01.png,True,True,,
/Users/hrishi/Desktop/dev/Milestone1 BSAI/checkpoint_deliverable/data/CASIA-Iris-Interval/164/L/S1164L03.jpg,1164_L,1164,L,test,S1164L03,True,/Users/hrishi/Desktop/dev/Milestone1 BSAI/checkpoint_deliverable/data/casia_interval_strips/S1164L03.png,/Users/hrishi/Desktop/dev/Milestone1 BSAI/checkpoint_deliverable/data/casia_interval_strips_gt/S1164L03.png,True,True,,
/Users/hrishi/Desktop/dev/Milestone1 BSAI/checkpoint_deliverable/data/CASIA-Iris-Interval/164/L/S1164L02.jpg,1164_L,1164,L,test,S1164L02,True,/Users/hrishi/Desktop/dev/Milestone1 BSAI/checkpoint_deliverable/data/casia_interval_strips/S1164L02.png,/Users/hrishi/Desktop/dev/Milestone1 BSAI/checkpoint_deliverable/data/casia_interval_strips_gt/S1164L02.png,True,True,,
/Users/hrishi/Desktop/dev/Milestone1 BSAI/checkpoint_deliverable/data/CASIA-Iris-Interval/164/L/S1164L01.jpg,1164_L,1164,L,test,S1164L01,True,/Users/hrishi/Desktop/dev/Milestone1 BSAI/checkpoint_deliverable/data/casia_interval_strips/S1164L01.png,/Users/hrishi/Desktop/dev/Milestone1 BSAI/checkpoint_deliverable/data/casia_interval_strips_gt/S1164L01.png,True,True,,
/Users/hrishi/Desktop/dev/Milestone1 BSAI/checkpoint_deliverable/data/CASIA-Iris-Interval/164/L/S1164L05.jpg,1164_L,1164,L,test,S1164L05,True,/Users/hrishi/Desktop/dev/Milestone1 BSAI/checkpoint_deliverable/data/casia_interval_strips/S1164L05.png,/Users/hrishi/Desktop/dev/Milestone1 BSAI/checkpoint_deliverable/data/casia_interval_strips_gt/S1164L05.png,True,True,,
/Users/hrishi/Desktop/dev/Milestone1 BSAI/checkpoint_deliverable/data/CASIA-Iris-Interval/164/L/S1164L04.jpg,1164_L,1164,L,test,S1164L04,True,/Users/hrishi/Desktop/dev/Milestone1 BSAI/checkpoint_deliverable/data/casia_interval_strips/S1164L04.png,/Users/hrishi/Desktop/dev/Milestone1 BSAI/checkpoint_deliverable/data/casia_interval_strips_gt/S1164L04.png,True,True,,
/Users/hrishi/Desktop/dev/Milestone1 BSAI/checkpoint_deliverable/data/CASIA-Iris-Interval/163/R/S1163R04.jpg,1163_R,1163,R,val,S1163R04,True,/Users/hrishi/Desktop/dev/Milestone1 BSAI/checkpoint_deliverable/data/casia_interval_strips/S1163R04.png,/Users/hrishi/Desktop/dev/Milestone1 BSAI/checkpoint_deliverable/data/casia_interval_strips_gt/S1163R04.png,True,True,,
/Users/hrishi/Desktop/dev/Milestone1 BSAI/checkpoint_deliverable/data/CASIA-Iris-Interval/163/R/S1163R02.jpg,1163_R,1163,R,val,S1163R02,True,/Users/hrishi/Desktop/dev/Milestone1 BSAI/checkpoint_deliverable/data/casia_interval_strips/S1163R02.png,/Users/hrishi/Desktop/dev/Milestone1 BSAI/checkpoint_deliverable/data/casia_interval_strips_gt/S1163R02.png,True,True,,
/Users/hrishi/Desktop/dev/Milestone1 BSAI/checkpoint_deliverable/data/CASIA-Iris-Interval/163/R/S1163R03.jpg,1163_R,1163,R,val,S1163R03,True,/Users/hrishi/Desktop/dev/Milestone1 BSAI/checkpoint_deliverable/data/casia_interval_strips/S1163R03.png,/Users/hrishi/Desktop/dev/Milestone1 BSAI/checkpoint_deliverable/data/casia_interval_strips_gt/S1163R03.png,True,True,,
/Users/hrishi/Desktop/dev/Milestone1 BSAI/checkpoint_deliverable/data/CASIA-Iris-Interval/163/R/S1163R01.jpg,1163_R,1163,R,val,S1163R01,True,/Users/hrishi/Desktop/dev/Milestone1 BSAI/checkpoint_deliverable/data/casia_interval_strips/S1163R01.png,/Users/hrishi/Desktop/dev/Milestone1 BSAI/checkpoint_deliverable/data/casia_interval_strips_gt/S1163R01.png,True,True,,
/Users/hrishi/Desktop/dev/Milestone1 BSAI/checkpoint_deliverable/data/CASIA-Iris-Interval/163/L/S1163L03.jpg,1163_L,1163,L,train,S1163L03,True,/Users/hrishi/Desktop/dev/Milestone1 BSAI/checkpoint_deliverable/data/casia_interval_strips/S1163L03.png,/Users/hrishi/Desktop/dev/Milestone1 BSAI/checkpoint_deliverable/data/casia_interval_strips_gt/S1163L03.png,True,True,,
/Users/hrishi/Desktop/dev/Milestone1 BSAI/checkpoint_deliverable/data/CASIA-Iris-Interval/163/L/S1163L02.jpg,1163_L,1163,L,train,S1163L02,True,/Users/hrishi/Desktop/dev/Milestone1 BSAI/checkpoint_deliverable/data/casia_interval_strips/S1163L02.png,/Users/hrishi/Desktop/dev/Milestone1 BSAI/checkpoint_deliverable/data/casia_interval_strips_gt/S1163L02.png,True,True,,
/Users/hrishi/Desktop/dev/Milestone1 BSAI/checkpoint_deliverable/data/CASIA-Iris-Interval/163/L/S1163L01.jpg,1163_L,1163,L,train,S1163L01,True,/Users/hrishi/Desktop/dev/Milestone1 BSAI/checkpoint_deliverable/data/casia_interval_strips/S1163L01.png,/Users/hrishi/Desktop/dev/Milestone1 BSAI/checkpoint_deliverable/data/casia_interval_strips_gt/S1163L01.png,True,True,,
/Users/hrishi/Desktop/dev/Milestone1 BSAI/checkpoint_deliverable/data/CASIA-Iris-Interval/163/L/S1163L05.jpg,1163_L,1163,L,train,S1163L05,True,/Users/hrishi/Desktop/dev/Milestone1 BSAI/checkpoint_deliverable/data/casia_interval_strips/S1163L05.png,/Users/hrishi/Desktop/dev/Milestone1 BSAI/checkpoint_deliverable/data/casia_interval_strips_gt/S1163L05.png,True,True,,
/Users/hrishi/Desktop/dev/Milestone1 BSAI/checkpoint_deliverable/data/CASIA-Iris-Interval/163/L/S1163L04.jpg,1163_L,1163,L,train,S1163L04,True,/Users/hrishi/Desktop/dev/Milestone1 BSAI/checkpoint_deliverable/data/casia_interval_strips/S1163L04.png,/Users/hrishi/Desktop/dev/Milestone1 BSAI/checkpoint_deliverable/data/casia_interval_strips_gt/S1163L04.png,True,True,,
/Users/hrishi/Desktop/dev/Milestone1 BSAI/checkpoint_deliverable/data/CASIA-Iris-Interval/163/L/S1163L06.jpg,1163_L,1163,L,train,S1163L06,True,/Users/hrishi/Desktop/dev/Milestone1 BSAI/checkpoint_deliverable/data/casia_interval_strips/S1163L06.png,/Users/hrishi/Desktop/dev/Milestone1 BSAI/checkpoint_deliverable/data/casia_interval_strips_gt/S1163L06.png,True,True,,
/Users/hrishi/Desktop/dev/Milestone1 BSAI/checkpoint_deliverable/data/CASIA-Iris-Interval/197/R/S1197R01.jpg,1197_R,1197,R,train,S1197R01,True,/Users/hrishi/Desktop/dev/Milestone1 BSAI/checkpoint_deliverable/data/casia_interval_strips/S1197R01.png,/Users/hrishi/Desktop/dev/Milestone1 BSAI/checkpoint_deliverable/data/casia_interval_strips_gt/S1197R01.png,True,True,,
/Users/hrishi/Desktop/dev/Milestone1 BSAI/checkpoint_deliverable/data/CASIA-Iris-Interval/197/L/S1197L01.jpg,1197_L,1197,L,train,S1197L01,True,/Users/hrishi/Desktop/dev/Milestone1 BSAI/checkpoint_deliverable/data/casia_interval_strips/S1197L01.png,/Users/hrishi/Desktop/dev/Milestone1 BSAI/checkpoint_deliverable/data/casia_interval_strips_gt/S1197L01.png,True,True,,
/Users/hrishi/Desktop/dev/Milestone1 BSAI/checkpoint_deliverable/data/CASIA-Iris-Interval/197/L/S1197L03.jpg,1197_L,1197,L,train,S1197L03,True,/Users/hrishi/Desktop/dev/Milestone1 BSAI/checkpoint_deliverable/data/casia_interval_strips/S1197L03.png,/Users/hrishi/Desktop/dev/Milestone1 BSAI/checkpoint_deliverable/data/casia_interval_strips_gt/S1197L03.png,True,True,,
/Users/hrishi/Desktop/dev/Milestone1 BSAI/checkpoint_deliverable/data/CASIA-Iris-Interval/197/L/S1197L02.jpg,1197_L,1197,L,train,S1197L02,True,/Users/hrishi/Desktop/dev/Milestone1 BSAI/checkpoint_deliverable/data/casia_interval_strips/S1197L02.png,/Users/hrishi/Desktop/dev/Milestone1 BSAI/checkpoint_deliverable/data/casia_interval_strips_gt/S1197L02.png,True,True,,
/Users/hrishi/Desktop/dev/Milestone1 BSAI/checkpoint_deliverable/data/CASIA-Iris-Interval/197/L/S1197L05.jpg,1197_L,1197,L,train,S1197L05,True,/Users/hrishi/Desktop/dev/Milestone1 BSAI/checkpoint_deliverable/data/casia_interval_strips/S1197L05.png,/Users/hrishi/Desktop/dev/Milestone1 BSAI/checkpoint_deliverable/data/casia_interval_strips_gt/S1197L05.png,True,True,,
/Users/hrishi/Desktop/dev/Milestone1 BSAI/checkpoint_deliverable/data/CASIA-Iris-Interval/197/L/S1197L04.jpg,1197_L,1197,L,train,S1197L04,True,/Users/hrishi/Desktop/dev/Milestone1 BSAI/checkpoint_deliverable/data/casia_interval_strips/S1197L04.png,/Users/hrishi/Desktop/dev/Milestone1 BSAI/checkpoint_deliverable/data/casia_interval_strips_gt/S1197L04.png,True,True,,
/Users/hrishi/Desktop/dev/Milestone1 BSAI/checkpoint_deliverable/data/CASIA-Iris-Interval/155/L/S1155L02.jpg,1155_L,1155,L,train,S1155L02,True,/Users/hrishi/Desktop/dev/Milestone1 BSAI/checkpoint_deliverable/data/casia_interval_strips/S1155L02.png,/Users/hrishi/Desktop/dev/Milestone1 BSAI/checkpoint_deliverable/data/casia_interval_strips_gt/S1155L02.png,True,True,,
/Users/hrishi/Desktop/dev/Milestone1 BSAI/checkpoint_deliverable/data/CASIA-Iris-Interval/155/L/S1155L03.jpg,1155_L,1155,L,train,S1155L03,True,/Users/hrishi/Desktop/dev/Milestone1 BSAI/checkpoint_deliverable/data/casia_interval_strips/S1155L03.png,/Users/hrishi/Desktop/dev/Milestone1 BSAI/checkpoint_deliverable/data/casia_interval_strips_gt/S1155L03.png,True,True,,
/Users/hrishi/Desktop/dev/Milestone1 BSAI/checkpoint_deliverable/data/CASIA-Iris-Interval/155/L/S1155L01.jpg,1155_L,1155,L,train,S1155L01,True,/Users/hrishi/Desktop/dev/Milestone1 BSAI/checkpoint_deliverable/data/casia_interval_strips/S1155L01.png,/Users/hrishi/Desktop/dev/Milestone1 BSAI/checkpoint_deliverable/data/casia_interval_strips_gt/S1155L01.png,True,True,,
/Users/hrishi/Desktop/dev/Milestone1 BSAI/checkpoint_deliverable/data/CASIA-Iris-Interval/199/R/S1199R02.jpg,1199_R,1199,R,train,S1199R02,True,/Users/hrishi/Desktop/dev/Milestone1 BSAI/checkpoint_deliverable/data/casia_interval_strips/S1199R02.png,/Users/hrishi/Desktop/dev/Milestone1 BSAI/checkpoint_deliverable/data/casia_interval_strips_gt/S1199R02.png,True,True,,
/Users/hrishi/Desktop/dev/Milestone1 BSAI/checkpoint_deliverable/data/CASIA-Iris-Interval/199/R/S1199R03.jpg,1199_R,1199,R,train,S1199R03,True,/Users/hrishi/Desktop/dev/Milestone1 BSAI/checkpoint_deliverable/data/casia_interval_strips/S1199R03.png,/Users/hrishi/Desktop/dev/Milestone1 BSAI/checkpoint_deliverable/data/casia_interval_strips_gt/S1199R03.png,True,True,,
/Users/hrishi/Desktop/dev/Milestone1 BSAI/checkpoint_deliverable/data/CASIA-Iris-Interval/199/R/S1199R01.jpg,1199_R,1199,R,train,S1199R01,True,/Users/hrishi/Desktop/dev/Milestone1 BSAI/checkpoint_deliverable/data/casia_interval_strips/S1199R01.png,/Users/hrishi/Desktop/dev/Milestone1 BSAI/checkpoint_deliverable/data/casia_interval_strips_gt/S1199R01.png,True,True,,
/Users/hrishi/Desktop/dev/Milestone1 BSAI/checkpoint_deliverable/data/CASIA-Iris-Interval/199/R/S1199R10.jpg,1199_R,1199,R,train,S1199R10,True,/Users/hrishi/Desktop/dev/Milestone1 BSAI/checkpoint_deliverable/data/casia_interval_strips/S1199R10.png,/Users/hrishi/Desktop/dev/Milestone1 BSAI/checkpoint_deliverable/data/casia_interval_strips_gt/S1199R10.png,True,True,,
/Users/hrishi/Desktop/dev/Milestone1 BSAI/checkpoint_deliverable/data/CASIA-Iris-Interval/199/R/S1199R04.jpg,1199_R,1199,R,train,S1199R04,True,/Users/hrishi/Desktop/dev/Milestone1 BSAI/checkpoint_deliverable/data/casia_interval_strips/S1199R04.png,/Users/hrishi/Desktop/dev/Milestone1 BSAI/checkpoint_deliverable/data/casia_interval_strips_gt/S1199R04.png,True,True,,
/Users/hrishi/Desktop/dev/Milestone1 BSAI/checkpoint_deliverable/data/CASIA-Iris-Interval/199/R/S1199R05.jpg,1199_R,1199,R,train,S1199R05,True,/Users/hrishi/Desktop/dev/Milestone1 BSAI/checkpoint_deliverable/data/casia_interval_strips/S1199R05.png,/Users/hrishi/Desktop/dev/Milestone1 BSAI/checkpoint_deliverable/data/casia_interval_strips_gt/S1199R05.png,True,True,,
/Users/hrishi/Desktop/dev/Milestone1 BSAI/checkpoint_deliverable/data/CASIA-Iris-Interval/199/R/S1199R07.jpg,1199_R,1199,R,train,S1199R07,True,/Users/hrishi/Desktop/dev/Milestone1 BSAI/checkpoint_deliverable/data/casia_interval_strips/S1199R07.png,/Users/hrishi/Desktop/dev/Milestone1 BSAI/checkpoint_deliverable/data/casia_interval_strips_gt/S1199R07.png,True,True,,
/Users/hrishi/Desktop/dev/Milestone1 BSAI/checkpoint_deliverable/data/CASIA-Iris-Interval/199/R/S1199R06.jpg,1199_R,1199,R,train,S1199R06,True,/Users/hrishi/Desktop/dev/Milestone1 BSAI/checkpoint_deliverable/data/casia_interval_strips/S1199R06.png,/Users/hrishi/Desktop/dev/Milestone1 BSAI/checkpoint_deliverable/data/casia_interval_strips_gt/S1199R06.png,True,True,,
/Users/hrishi/Desktop/dev/Milestone1 BSAI/checkpoint_deliverable/data/CASIA-Iris-Interval/199/R/S1199R08.jpg,1199_R,1199,R,train,S1199R08,True,/Users/hrishi/Desktop/dev/Milestone1 BSAI/checkpoint_deliverable/data/casia_interval_strips/S1199R08.png,/Users/hrishi/Desktop/dev/Milestone1 BSAI/checkpoint_deliverable/data/casia_interval_strips_gt/S1199R08.png,True,True,,
/Users/hrishi/Desktop/dev/Milestone1 BSAI/checkpoint_deliverable/data/CASIA-Iris-Interval/199/R/S1199R09.jpg,1199_R,1199,R,train,S1199R09,True,/Users/hrishi/Desktop/dev/Milestone1 BSAI/checkpoint_deliverable/data/casia_interval_strips/S1199R09.png,/Users/hrishi/Desktop/dev/Milestone1 BSAI/checkpoint_deliverable/data/casia_interval_strips_gt/S1199R09.png,True,True,,
/Users/hrishi/Desktop/dev/Milestone1 BSAI/checkpoint_deliverable/data/CASIA-Iris-Interval/199/L/S1199L05.jpg,1199_L,1199,L,test,S1199L05,True,/Users/hrishi/Desktop/dev/Milestone1 BSAI/checkpoint_deliverable/data/casia_interval_strips/S1199L05.png,/Users/hrishi/Desktop/dev/Milestone1 BSAI/checkpoint_deliverable/data/casia_interval_strips_gt/S1199L05.png,True,True,,
/Users/hrishi/Desktop/dev/Milestone1 BSAI/checkpoint_deliverable/data/CASIA-Iris-Interval/199/L/S1199L04.jpg,1199_L,1199,L,test,S1199L04,True,/Users/hrishi/Desktop/dev/Milestone1 BSAI/checkpoint_deliverable/data/casia_interval_strips/S1199L04.png,/Users/hrishi/Desktop/dev/Milestone1 BSAI/checkpoint_deliverable/data/casia_interval_strips_gt/S1199L04.png,True,True,,
/Users/hrishi/Desktop/dev/Milestone1 BSAI/checkpoint_deliverable/data/CASIA-Iris-Interval/199/L/S1199L10.jpg,1199_L,1199,L,test,S1199L10,True,/Users/hrishi/Desktop/dev/Milestone1 BSAI/checkpoint_deliverable/data/casia_interval_strips/S1199L10.png,/Users/hrishi/Desktop/dev/Milestone1 BSAI/checkpoint_deliverable/data/casia_interval_strips_gt/S1199L10.png,True,True,,
/Users/hrishi/Desktop/dev/Milestone1 BSAI/checkpoint_deliverable/data/CASIA-Iris-Interval/199/L/S1199L06.jpg,1199_L,1199,L,test,S1199L06,True,/Users/hrishi/Desktop/dev/Milestone1 BSAI/checkpoint_deliverable/data/casia_interval_strips/S1199L06.png,/Users/hrishi/Desktop/dev/Milestone1 BSAI/checkpoint_deliverable/data/casia_interval_strips_gt/S1199L06.png,True,True,,
/Users/hrishi/Desktop/dev/Milestone1 BSAI/checkpoint_deliverable/data/CASIA-Iris-Interval/199/L/S1199L07.jpg,1199_L,1199,L,test,S1199L07,True,/Users/hrishi/Desktop/dev/Milestone1 BSAI/checkpoint_deliverable/data/casia_interval_strips/S1199L07.png,/Users/hrishi/Desktop/dev/Milestone1 BSAI/checkpoint_deliverable/data/casia_interval_strips_gt/S1199L07.png,True,True,,
/Users/hrishi/Desktop/dev/Milestone1 BSAI/checkpoint_deliverable/data/CASIA-Iris-Interval/199/L/S1199L03.jpg,1199_L,1199,L,test,S1199L03,True,/Users/hrishi/Desktop/dev/Milestone1 BSAI/checkpoint_deliverable/data/casia_interval_strips/S1199L03.png,/Users/hrishi/Desktop/dev/Milestone1 BSAI/checkpoint_deliverable/data/casia_interval_strips_gt/S1199L03.png,True,True,,
/Users/hrishi/Desktop/dev/Milestone1 BSAI/checkpoint_deliverable/data/CASIA-Iris-Interval/199/L/S1199L02.jpg,1199_L,1199,L,test,S1199L02,True,/Users/hrishi/Desktop/dev/Milestone1 BSAI/checkpoint_deliverable/data/casia_interval_strips/S1199L02.png,/Users/hrishi/Desktop/dev/Milestone1 BSAI/checkpoint_deliverable/data/casia_interval_strips_gt/S1199L02.png,True,True,,
/Users/hrishi/Desktop/dev/Milestone1 BSAI/checkpoint_deliverable/data/CASIA-Iris-Interval/199/L/S1199L01.jpg,1199_L,1199,L,test,S1199L01,True,/Users/hrishi/Desktop/dev/Milestone1 BSAI/checkpoint_deliverable/data/casia_interval_strips/S1199L01.png,/Users/hrishi/Desktop/dev/Milestone1 BSAI/checkpoint_deliverable/data/casia_interval_strips_gt/S1199L01.png,True,True,,
/Users/hrishi/Desktop/dev/Milestone1 BSAI/checkpoint_deliverable/data/CASIA-Iris-Interval/199/L/S1199L09.jpg,1199_L,1199,L,test,S1199L09,True,/Users/hrishi/Desktop/dev/Milestone1 BSAI/checkpoint_deliverable/data/casia_interval_strips/S1199L09.png,/Users/hrishi/Desktop/dev/Milestone1 BSAI/checkpoint_deliverable/data/casia_interval_strips_gt/S1199L09.png,True,True,,
/Users/hrishi/Desktop/dev/Milestone1 BSAI/checkpoint_deliverable/data/CASIA-Iris-Interval/199/L/S1199L08.jpg,1199_L,1199,L,test,S1199L08,True,/Users/hrishi/Desktop/dev/Milestone1 BSAI/checkpoint_deliverable/data/casia_interval_strips/S1199L08.png,/Users/hrishi/Desktop/dev/Milestone1 BSAI/checkpoint_deliverable/data/casia_interval_strips_gt/S1199L08.png,True,True,,
/Users/hrishi/Desktop/dev/Milestone1 BSAI/checkpoint_deliverable/data/CASIA-Iris-Interval/152/L/S1152L02.jpg,1152_L,1152,L,train,S1152L02,True,/Users/hrishi/Desktop/dev/Milestone1 BSAI/checkpoint_deliverable/data/casia_interval_strips/S1152L02.png,/Users/hrishi/Desktop/dev/Milestone1 BSAI/checkpoint_deliverable/data/casia_interval_strips_gt/S1152L02.png,True,True,,
/Users/hrishi/Desktop/dev/Milestone1 BSAI/checkpoint_deliverable/data/CASIA-Iris-Interval/152/L/S1152L03.jpg,1152_L,1152,L,train,S1152L03,True,/Users/hrishi/Desktop/dev/Milestone1 BSAI/checkpoint_deliverable/data/casia_interval_strips/S1152L03.png,/Users/hrishi/Desktop/dev/Milestone1 BSAI/checkpoint_deliverable/data/casia_interval_strips_gt/S1152L03.png,True,True,,
/Users/hrishi/Desktop/dev/Milestone1 BSAI/checkpoint_deliverable/data/CASIA-Iris-Interval/152/L/S1152L01.jpg,1152_L,1152,L,train,S1152L01,True,/Users/hrishi/Desktop/dev/Milestone1 BSAI/checkpoint_deliverable/data/casia_interval_strips/S1152L01.png,/Users/hrishi/Desktop/dev/Milestone1 BSAI/checkpoint_deliverable/data/casia_interval_strips_gt/S1152L01.png,True,True,,
/Users/hrishi/Desktop/dev/Milestone1 BSAI/checkpoint_deliverable/data/CASIA-Iris-Interval/152/L/S1152L04.jpg,1152_L,1152,L,train,S1152L04,True,/Users/hrishi/Desktop/dev/Milestone1 BSAI/checkpoint_deliverable/data/casia_interval_strips/S1152L04.png,/Users/hrishi/Desktop/dev/Milestone1 BSAI/checkpoint_deliverable/data/casia_interval_strips_gt/S1152L04.png,True,True,,
/Users/hrishi/Desktop/dev/Milestone1 BSAI/checkpoint_deliverable/data/CASIA-Iris-Interval/152/L/S1152L05.jpg,1152_L,1152,L,train,S1152L05,True,/Users/hrishi/Desktop/dev/Milestone1 BSAI/checkpoint_deliverable/data/casia_interval_strips/S1152L05.png,/Users/hrishi/Desktop/dev/Milestone1 BSAI/checkpoint_deliverable/data/casia_interval_strips_gt/S1152L05.png,True,True,,
/Users/hrishi/Desktop/dev/Milestone1 BSAI/checkpoint_deliverable/data/CASIA-Iris-Interval/106/R/S1106R06.jpg,1106_R,1106,R,train,S1106R06,True,/Users/hrishi/Desktop/dev/Milestone1 BSAI/checkpoint_deliverable/data/casia_interval_strips/S1106R06.png,/Users/hrishi/Desktop/dev/Milestone1 BSAI/checkpoint_deliverable/data/casia_interval_strips_gt/S1106R06.png,True,True,,
/Users/hrishi/Desktop/dev/Milestone1 BSAI/checkpoint_deliverable/data/CASIA-Iris-Interval/106/R/S1106R07.jpg,1106_R,1106,R,train,S1106R07,True,/Users/hrishi/Desktop/dev/Milestone1 BSAI/checkpoint_deliverable/data/casia_interval_strips/S1106R07.png,/Users/hrishi/Desktop/dev/Milestone1 BSAI/checkpoint_deliverable/data/casia_interval_strips_gt/S1106R07.png,True,True,,
/Users/hrishi/Desktop/dev/Milestone1 BSAI/checkpoint_deliverable/data/CASIA-Iris-Interval/106/R/S1106R05.jpg,1106_R,1106,R,train,S1106R05,True,/Users/hrishi/Desktop/dev/Milestone1 BSAI/checkpoint_deliverable/data/casia_interval_strips/S1106R05.png,/Users/hrishi/Desktop/dev/Milestone1 BSAI/checkpoint_deliverable/data/casia_interval_strips_gt/S1106R05.png,True,True,,
/Users/hrishi/Desktop/dev/Milestone1 BSAI/checkpoint_deliverable/data/CASIA-Iris-Interval/106/R/S1106R04.jpg,1106_R,1106,R,train,S1106R04,True,/Users/hrishi/Desktop/dev/Milestone1 BSAI/checkpoint_deliverable/data/casia_interval_strips/S1106R04.png,/Users/hrishi/Desktop/dev/Milestone1 BSAI/checkpoint_deliverable/data/casia_interval_strips_gt/S1106R04.png,True,True,,
/Users/hrishi/Desktop/dev/Milestone1 BSAI/checkpoint_deliverable/data/CASIA-Iris-Interval/106/R/S1106R01.jpg,1106_R,1106,R,train,S1106R01,True,/Users/hrishi/Desktop/dev/Milestone1 BSAI/checkpoint_deliverable/data/casia_interval_strips/S1106R01.png,/Users/hrishi/Desktop/dev/Milestone1 BSAI/checkpoint_deliverable/data/casia_interval_strips_gt/S1106R01.png,True,True,,
/Users/hrishi/Desktop/dev/Milestone1 BSAI/checkpoint_deliverable/data/CASIA-Iris-Interval/106/R/S1106R03.jpg,1106_R,1106,R,train,S1106R03,True,/Users/hrishi/Desktop/dev/Milestone1 BSAI/checkpoint_deliverable/data/casia_interval_strips/S1106R03.png,/Users/hrishi/Desktop/dev/Milestone1 BSAI/checkpoint_deliverable/data/casia_interval_strips_gt/S1106R03.png,True,True,,
/Users/hrishi/Desktop/dev/Milestone1 BSAI/checkpoint_deliverable/data/CASIA-Iris-Interval/106/R/S1106R02.jpg,1106_R,1106,R,train,S1106R02,True,/Users/hrishi/Desktop/dev/Milestone1 BSAI/checkpoint_deliverable/data/casia_interval_strips/S1106R02.png,/Users/hrishi/Desktop/dev/Milestone1 BSAI/checkpoint_deliverable/data/casia_interval_strips_gt/S1106R02.png,True,True,,
/Users/hrishi/Desktop/dev/Milestone1 BSAI/checkpoint_deliverable/data/CASIA-Iris-Interval/106/L/S1106L01.jpg,1106_L,1106,L,train,S1106L01,True,/Users/hrishi/Desktop/dev/Milestone1 BSAI/checkpoint_deliverable/data/casia_interval_strips/S1106L01.png,/Users/hrishi/Desktop/dev/Milestone1 BSAI/checkpoint_deliverable/data/casia_interval_strips_gt/S1106L01.png,True,True,,
/Users/hrishi/Desktop/dev/Milestone1 BSAI/checkpoint_deliverable/data/CASIA-Iris-Interval/106/L/S1106L02.jpg,1106_L,1106,L,train,S1106L02,True,/Users/hrishi/Desktop/dev/Milestone1 BSAI/checkpoint_deliverable/data/casia_interval_strips/S1106L02.png,/Users/hrishi/Desktop/dev/Milestone1 BSAI/checkpoint_deliverable/data/casia_interval_strips_gt/S1106L02.png,True,True,,
/Users/hrishi/Desktop/dev/Milestone1 BSAI/checkpoint_deliverable/data/CASIA-Iris-Interval/106/L/S1106L03.jpg,1106_L,1106,L,train,S1106L03,True,/Users/hrishi/Desktop/dev/Milestone1 BSAI/checkpoint_deliverable/data/casia_interval_strips/S1106L03.png,/Users/hrishi/Desktop/dev/Milestone1 BSAI/checkpoint_deliverable/data/casia_interval_strips_gt/S1106L03.png,True,True,,
/Users/hrishi/Desktop/dev/Milestone1 BSAI/checkpoint_deliverable/data/CASIA-Iris-Interval/106/L/S1106L07.jpg,1106_L,1106,L,train,S1106L07,True,/Users/hrishi/Desktop/dev/Milestone1 BSAI/checkpoint_deliverable/data/casia_interval_strips/S1106L07.png,/Users/hrishi/Desktop/dev/Milestone1 BSAI/checkpoint_deliverable/data/casia_interval_strips_gt/S1106L07.png,True,True,,
/Users/hrishi/Desktop/dev/Milestone1 BSAI/checkpoint_deliverable/data/CASIA-Iris-Interval/106/L/S1106L06.jpg,1106_L,1106,L,train,S1106L06,True,/Users/hrishi/Desktop/dev/Milestone1 BSAI/checkpoint_deliverable/data/casia_interval_strips/S1106L06.png,/Users/hrishi/Desktop/dev/Milestone1 BSAI/checkpoint_deliverable/data/casia_interval_strips_gt/S1106L06.png,True,True,,
/Users/hrishi/Desktop/dev/Milestone1 BSAI/checkpoint_deliverable/data/CASIA-Iris-Interval/106/L/S1106L04.jpg,1106_L,1106,L,train,S1106L04,True,/Users/hrishi/Desktop/dev/Milestone1 BSAI/checkpoint_deliverable/data/casia_interval_strips/S1106L04.png,/Users/hrishi/Desktop/dev/Milestone1 BSAI/checkpoint_deliverable/data/casia_interval_strips_gt/S1106L04.png,True,True,,
/Users/hrishi/Desktop/dev/Milestone1 BSAI/checkpoint_deliverable/data/CASIA-Iris-Interval/106/L/S1106L05.jpg,1106_L,1106,L,train,S1106L05,True,/Users/hrishi/Desktop/dev/Milestone1 BSAI/checkpoint_deliverable/data/casia_interval_strips/S1106L05.png,/Users/hrishi/Desktop/dev/Milestone1 BSAI/checkpoint_deliverable/data/casia_interval_strips_gt/S1106L05.png,True,True,,
/Users/hrishi/Desktop/dev/Milestone1 BSAI/checkpoint_deliverable/data/CASIA-Iris-Interval/139/R/S1139R02.jpg,1139_R,1139,R,train,S1139R02,True,/Users/hrishi/Desktop/dev/Milestone1 BSAI/checkpoint_deliverable/data/casia_interval_strips/S1139R02.png,/Users/hrishi/Desktop/dev/Milestone1 BSAI/checkpoint_deliverable/data/casia_interval_strips_gt/S1139R02.png,True,True,,
/Users/hrishi/Desktop/dev/Milestone1 BSAI/checkpoint_deliverable/data/CASIA-Iris-Interval/139/R/S1139R03.jpg,1139_R,1139,R,train,S1139R03,True,/Users/hrishi/Desktop/dev/Milestone1 BSAI/checkpoint_deliverable/data/casia_interval_strips/S1139R03.png,/Users/hrishi/Desktop/dev/Milestone1 BSAI/checkpoint_deliverable/data/casia_interval_strips_gt/S1139R03.png,True,True,,
/Users/hrishi/Desktop/dev/Milestone1 BSAI/checkpoint_deliverable/data/CASIA-Iris-Interval/139/R/S1139R01.jpg,1139_R,1139,R,train,S1139R01,True,/Users/hrishi/Desktop/dev/Milestone1 BSAI/checkpoint_deliverable/data/casia_interval_strips/S1139R01.png,/Users/hrishi/Desktop/dev/Milestone1 BSAI/checkpoint_deliverable/data/casia_interval_strips_gt/S1139R01.png,True,True,,
/Users/hrishi/Desktop/dev/Milestone1 BSAI/checkpoint_deliverable/data/CASIA-Iris-Interval/139/R/S1139R04.jpg,1139_R,1139,R,train,S1139R04,True,/Users/hrishi/Desktop/dev/Milestone1 BSAI/checkpoint_deliverable/data/casia_interval_strips/S1139R04.png,/Users/hrishi/Desktop/dev/Milestone1 BSAI/checkpoint_deliverable/data/casia_interval_strips_gt/S1139R04.png,True,True,,
/Users/hrishi/Desktop/dev/Milestone1 BSAI/checkpoint_deliverable/data/CASIA-Iris-Interval/139/R/S1139R05.jpg,1139_R,1139,R,train,S1139R05,True,/Users/hrishi/Desktop/dev/Milestone1 BSAI/checkpoint_deliverable/data/casia_interval_strips/S1139R05.png,/Users/hrishi/Desktop/dev/Milestone1 BSAI/checkpoint_deliverable/data/casia_interval_strips_gt/S1139R05.png,True,True,,
/Users/hrishi/Desktop/dev/Milestone1 BSAI/checkpoint_deliverable/data/CASIA-Iris-Interval/139/R/S1139R07.jpg,1139_R,1139,R,train,S1139R07,True,/Users/hrishi/Desktop/dev/Milestone1 BSAI/checkpoint_deliverable/data/casia_interval_strips/S1139R07.png,/Users/hrishi/Desktop/dev/Milestone1 BSAI/checkpoint_deliverable/data/casia_interval_strips_gt/S1139R07.png,True,True,,
/Users/hrishi/Desktop/dev/Milestone1 BSAI/checkpoint_deliverable/data/CASIA-Iris-Interval/139/R/S1139R06.jpg,1139_R,1139,R,train,S1139R06,True,/Users/hrishi/Desktop/dev/Milestone1 BSAI/checkpoint_deliverable/data/casia_interval_strips/S1139R06.png,/Users/hrishi/Desktop/dev/Milestone1 BSAI/checkpoint_deliverable/data/casia_interval_strips_gt/S1139R06.png,True,True,,
/Users/hrishi/Desktop/dev/Milestone1 BSAI/checkpoint_deliverable/data/CASIA-Iris-Interval/139/L/S1139L05.jpg,1139_L,1139,L,train,S1139L05,True,/Users/hrishi/Desktop/dev/Milestone1 BSAI/checkpoint_deliverable/data/casia_interval_strips/S1139L05.png,/Users/hrishi/Desktop/dev/Milestone1 BSAI/checkpoint_deliverable/data/casia_interval_strips_gt/S1139L05.png,True,True,,
/Users/hrishi/Desktop/dev/Milestone1 BSAI/checkpoint_deliverable/data/CASIA-Iris-Interval/139/L/S1139L04.jpg,1139_L,1139,L,train,S1139L04,True,/Users/hrishi/Desktop/dev/Milestone1 BSAI/checkpoint_deliverable/data/casia_interval_strips/S1139L04.png,/Users/hrishi/Desktop/dev/Milestone1 BSAI/checkpoint_deliverable/data/casia_interval_strips_gt/S1139L04.png,True,True,,
/Users/hrishi/Desktop/dev/Milestone1 BSAI/checkpoint_deliverable/data/CASIA-Iris-Interval/139/L/S1139L06.jpg,1139_L,1139,L,train,S1139L06,True,/Users/hrishi/Desktop/dev/Milestone1 BSAI/checkpoint_deliverable/data/casia_interval_strips/S1139L06.png,/Users/hrishi/Desktop/dev/Milestone1 BSAI/checkpoint_deliverable/data/casia_interval_strips_gt/S1139L06.png,True,True,,
/Users/hrishi/Desktop/dev/Milestone1 BSAI/checkpoint_deliverable/data/CASIA-Iris-Interval/139/L/S1139L03.jpg,1139_L,1139,L,train,S1139L03,True,/Users/hrishi/Desktop/dev/Milestone1 BSAI/checkpoint_deliverable/data/casia_interval_strips/S1139L03.png,/Users/hrishi/Desktop/dev/Milestone1 BSAI/checkpoint_deliverable/data/casia_interval_strips_gt/S1139L03.png,True,True,,
/Users/hrishi/Desktop/dev/Milestone1 BSAI/checkpoint_deliverable/data/CASIA-Iris-Interval/139/L/S1139L02.jpg,1139_L,1139,L,train,S1139L02,True,/Users/hrishi/Desktop/dev/Milestone1 BSAI/checkpoint_deliverable/data/casia_interval_strips/S1139L02.png,/Users/hrishi/Desktop/dev/Milestone1 BSAI/checkpoint_deliverable/data/casia_interval_strips_gt/S1139L02.png,True,True,,
/Users/hrishi/Desktop/dev/Milestone1 BSAI/checkpoint_deliverable/data/CASIA-Iris-Interval/139/L/S1139L01.jpg,1139_L,1139,L,train,S1139L01,True,/Users/hrishi/Desktop/dev/Milestone1 BSAI/checkpoint_deliverable/data/casia_interval_strips/S1139L01.png,/Users/hrishi/Desktop/dev/Milestone1 BSAI/checkpoint_deliverable/data/casia_interval_strips_gt/S1139L01.png,True,True,,
/Users/hrishi/Desktop/dev/Milestone1 BSAI/checkpoint_deliverable/data/CASIA-Iris-Interval/101/R/S1101R06.jpg,1101_R,1101,R,train,S1101R06,True,/Users/hrishi/Desktop/dev/Milestone1 BSAI/checkpoint_deliverable/data/casia_interval_strips/S1101R06.png,/Users/hrishi/Desktop/dev/Milestone1 BSAI/checkpoint_deliverable/data/casia_interval_strips_gt/S1101R06.png,True,True,,
/Users/hrishi/Desktop/dev/Milestone1 BSAI/checkpoint_deliverable/data/CASIA-Iris-Interval/101/R/S1101R07.jpg,1101_R,1101,R,train,S1101R07,True,/Users/hrishi/Desktop/dev/Milestone1 BSAI/checkpoint_deliverable/data/casia_interval_strips/S1101R07.png,/Users/hrishi/Desktop/dev/Milestone1 BSAI/checkpoint_deliverable/data/casia_interval_strips_gt/S1101R07.png,True,True,,
/Users/hrishi/Desktop/dev/Milestone1 BSAI/checkpoint_deliverable/data/CASIA-Iris-Interval/101/R/S1101R05.jpg,1101_R,1101,R,train,S1101R05,True,/Users/hrishi/Desktop/dev/Milestone1 BSAI/checkpoint_deliverable/data/casia_interval_strips/S1101R05.png,/Users/hrishi/Desktop/dev/Milestone1 BSAI/checkpoint_deliverable/data/casia_interval_strips_gt/S1101R05.png,True,True,,
/Users/hrishi/Desktop/dev/Milestone1 BSAI/checkpoint_deliverable/data/CASIA-Iris-Interval/101/R/S1101R04.jpg,1101_R,1101,R,train,S1101R04,True,/Users/hrishi/Desktop/dev/Milestone1 BSAI/checkpoint_deliverable/data/casia_interval_strips/S1101R04.png,/Users/hrishi/Desktop/dev/Milestone1 BSAI/checkpoint_deliverable/data/casia_interval_strips_gt/S1101R04.png,True,True,,
/Users/hrishi/Desktop/dev/Milestone1 BSAI/checkpoint_deliverable/data/CASIA-Iris-Interval/101/R/S1101R01.jpg,1101_R,1101,R,train,S1101R01,True,/Users/hrishi/Desktop/dev/Milestone1 BSAI/checkpoint_deliverable/data/casia_interval_strips/S1101R01.png,/Users/hrishi/Desktop/dev/Milestone1 BSAI/checkpoint_deliverable/data/casia_interval_strips_gt/S1101R01.png,True,True,,
/Users/hrishi/Desktop/dev/Milestone1 BSAI/checkpoint_deliverable/data/CASIA-Iris-Interval/101/R/S1101R03.jpg,1101_R,1101,R,train,S1101R03,True,/Users/hrishi/Desktop/dev/Milestone1 BSAI/checkpoint_deliverable/data/casia_interval_strips/S1101R03.png,/Users/hrishi/Desktop/dev/Milestone1 BSAI/checkpoint_deliverable/data/casia_interval_strips_gt/S1101R03.png,True,True,,
/Users/hrishi/Desktop/dev/Milestone1 BSAI/checkpoint_deliverable/data/CASIA-Iris-Interval/101/R/S1101R02.jpg,1101_R,1101,R,train,S1101R02,True,/Users/hrishi/Desktop/dev/Milestone1 BSAI/checkpoint_deliverable/data/casia_interval_strips/S1101R02.png,/Users/hrishi/Desktop/dev/Milestone1 BSAI/checkpoint_deliverable/data/casia_interval_strips_gt/S1101R02.png,True,True,,
/Users/hrishi/Desktop/dev/Milestone1 BSAI/checkpoint_deliverable/data/CASIA-Iris-Interval/101/L/S1101L01.jpg,1101_L,1101,L,train,S1101L01,True,/Users/hrishi/Desktop/dev/Milestone1 BSAI/checkpoint_deliverable/data/casia_interval_strips/S1101L01.png,/Users/hrishi/Desktop/dev/Milestone1 BSAI/checkpoint_deliverable/data/casia_interval_strips_gt/S1101L01.png,True,True,,
/Users/hrishi/Desktop/dev/Milestone1 BSAI/checkpoint_deliverable/data/CASIA-Iris-Interval/101/L/S1101L02.jpg,1101_L,1101,L,train,S1101L02,True,/Users/hrishi/Desktop/dev/Milestone1 BSAI/checkpoint_deliverable/data/casia_interval_strips/S1101L02.png,/Users/hrishi/Desktop/dev/Milestone1 BSAI/checkpoint_deliverable/data/casia_interval_strips_gt/S1101L02.png,True,True,,
/Users/hrishi/Desktop/dev/Milestone1 BSAI/checkpoint_deliverable/data/CASIA-Iris-Interval/101/L/S1101L03.jpg,1101_L,1101,L,train,S1101L03,True,/Users/hrishi/Desktop/dev/Milestone1 BSAI/checkpoint_deliverable/data/casia_interval_strips/S1101L03.png,/Users/hrishi/Desktop/dev/Milestone1 BSAI/checkpoint_deliverable/data/casia_interval_strips_gt/S1101L03.png,True,True,,
/Users/hrishi/Desktop/dev/Milestone1 BSAI/checkpoint_deliverable/data/CASIA-Iris-Interval/101/L/S1101L07.jpg,1101_L,1101,L,train,S1101L07,True,/Users/hrishi/Desktop/dev/Milestone1 BSAI/checkpoint_deliverable/data/casia_interval_strips/S1101L07.png,/Users/hrishi/Desktop/dev/Milestone1 BSAI/checkpoint_deliverable/data/casia_interval_strips_gt/S1101L07.png,True,True,,
/Users/hrishi/Desktop/dev/Milestone1 BSAI/checkpoint_deliverable/data/CASIA-Iris-Interval/101/L/S1101L06.jpg,1101_L,1101,L,train,S1101L06,True,/Users/hrishi/Desktop/dev/Milestone1 BSAI/checkpoint_deliverable/data/casia_interval_strips/S1101L06.png,/Users/hrishi/Desktop/dev/Milestone1 BSAI/checkpoint_deliverable/data/casia_interval_strips_gt/S1101L06.png,True,True,,
/Users/hrishi/Desktop/dev/Milestone1 BSAI/checkpoint_deliverable/data/CASIA-Iris-Interval/101/L/S1101L04.jpg,1101_L,1101,L,train,S1101L04,True,/Users/hrishi/Desktop/dev/Milestone1 BSAI/checkpoint_deliverable/data/casia_interval_strips/S1101L04.png,/Users/hrishi/Desktop/dev/Milestone1 BSAI/checkpoint_deliverable/data/casia_interval_strips_gt/S1101L04.png,True,True,,
/Users/hrishi/Desktop/dev/Milestone1 BSAI/checkpoint_deliverable/data/CASIA-Iris-Interval/101/L/S1101L05.jpg,1101_L,1101,L,train,S1101L05,True,/Users/hrishi/Desktop/dev/Milestone1 BSAI/checkpoint_deliverable/data/casia_interval_strips/S1101L05.png,/Users/hrishi/Desktop/dev/Milestone1 BSAI/checkpoint_deliverable/data/casia_interval_strips_gt/S1101L05.png,True,True,,
/Users/hrishi/Desktop/dev/Milestone1 BSAI/checkpoint_deliverable/data/CASIA-Iris-Interval/137/R/S1137R07.jpg,1137_R,1137,R,train,S1137R07,True,/Users/hrishi/Desktop/dev/Milestone1 BSAI/checkpoint_deliverable/data/casia_interval_strips/S1137R07.png,/Users/hrishi/Desktop/dev/Milestone1 BSAI/checkpoint_deliverable/data/casia_interval_strips_gt/S1137R07.png,True,True,,
/Users/hrishi/Desktop/dev/Milestone1 BSAI/checkpoint_deliverable/data/CASIA-Iris-Interval/137/R/S1137R06.jpg,1137_R,1137,R,train,S1137R06,True,/Users/hrishi/Desktop/dev/Milestone1 BSAI/checkpoint_deliverable/data/casia_interval_strips/S1137R06.png,/Users/hrishi/Desktop/dev/Milestone1 BSAI/checkpoint_deliverable/data/casia_interval_strips_gt/S1137R06.png,True,True,,
/Users/hrishi/Desktop/dev/Milestone1 BSAI/checkpoint_deliverable/data/CASIA-Iris-Interval/137/R/S1137R04.jpg,1137_R,1137,R,train,S1137R04,True,/Users/hrishi/Desktop/dev/Milestone1 BSAI/checkpoint_deliverable/data/casia_interval_strips/S1137R04.png,/Users/hrishi/Desktop/dev/Milestone1 BSAI/checkpoint_deliverable/data/casia_interval_strips_gt/S1137R04.png,True,True,,
/Users/hrishi/Desktop/dev/Milestone1 BSAI/checkpoint_deliverable/data/CASIA-Iris-Interval/137/R/S1137R05.jpg,1137_R,1137,R,train,S1137R05,True,/Users/hrishi/Desktop/dev/Milestone1 BSAI/checkpoint_deliverable/data/casia_interval_strips/S1137R05.png,/Users/hrishi/Desktop/dev/Milestone1 BSAI/checkpoint_deliverable/data/casia_interval_strips_gt/S1137R05.png,True,True,,
/Users/hrishi/Desktop/dev/Milestone1 BSAI/checkpoint_deliverable/data/CASIA-Iris-Interval/137/R/S1137R01.jpg,1137_R,1137,R,train,S1137R01,True,/Users/hrishi/Desktop/dev/Milestone1 BSAI/checkpoint_deliverable/data/casia_interval_strips/S1137R01.png,/Users/hrishi/Desktop/dev/Milestone1 BSAI/checkpoint_deliverable/data/casia_interval_strips_gt/S1137R01.png,True,True,,
/Users/hrishi/Desktop/dev/Milestone1 BSAI/checkpoint_deliverable/data/CASIA-Iris-Interval/137/R/S1137R02.jpg,1137_R,1137,R,train,S1137R02,True,/Users/hrishi/Desktop/dev/Milestone1 BSAI/checkpoint_deliverable/data/casia_interval_strips/S1137R02.png,/Users/hrishi/Desktop/dev/Milestone1 BSAI/checkpoint_deliverable/data/casia_interval_strips_gt/S1137R02.png,True,True,,
/Users/hrishi/Desktop/dev/Milestone1 BSAI/checkpoint_deliverable/data/CASIA-Iris-Interval/137/R/S1137R03.jpg,1137_R,1137,R,train,S1137R03,True,/Users/hrishi/Desktop/dev/Milestone1 BSAI/checkpoint_deliverable/data/casia_interval_strips/S1137R03.png,/Users/hrishi/Desktop/dev/Milestone1 BSAI/checkpoint_deliverable/data/casia_interval_strips_gt/S1137R03.png,True,True,,
/Users/hrishi/Desktop/dev/Milestone1 BSAI/checkpoint_deliverable/data/CASIA-Iris-Interval/137/L/S1137L01.jpg,1137_L,1137,L,train,S1137L01,True,/Users/hrishi/Desktop/dev/Milestone1 BSAI/checkpoint_deliverable/data/casia_interval_strips/S1137L01.png,/Users/hrishi/Desktop/dev/Milestone1 BSAI/checkpoint_deliverable/data/casia_interval_strips_gt/S1137L01.png,True,True,,
/Users/hrishi/Desktop/dev/Milestone1 BSAI/checkpoint_deliverable/data/CASIA-Iris-Interval/137/L/S1137L03.jpg,1137_L,1137,L,train,S1137L03,True,/Users/hrishi/Desktop/dev/Milestone1 BSAI/checkpoint_deliverable/data/casia_interval_strips/S1137L03.png,/Users/hrishi/Desktop/dev/Milestone1 BSAI/checkpoint_deliverable/data/casia_interval_strips_gt/S1137L03.png,True,True,,
/Users/hrishi/Desktop/dev/Milestone1 BSAI/checkpoint_deliverable/data/CASIA-Iris-Interval/137/L/S1137L02.jpg,1137_L,1137,L,train,S1137L02,True,/Users/hrishi/Desktop/dev/Milestone1 BSAI/checkpoint_deliverable/data/casia_interval_strips/S1137L02.png,/Users/hrishi/Desktop/dev/Milestone1 BSAI/checkpoint_deliverable/data/casia_interval_strips_gt/S1137L02.png,True,True,,
/Users/hrishi/Desktop/dev/Milestone1 BSAI/checkpoint_deliverable/data/CASIA-Iris-Interval/137/L/S1137L06.jpg,1137_L,1137,L,train,S1137L06,True,/Users/hrishi/Desktop/dev/Milestone1 BSAI/checkpoint_deliverable/data/casia_interval_strips/S1137L06.png,/Users/hrishi/Desktop/dev/Milestone1 BSAI/checkpoint_deliverable/data/casia_interval_strips_gt/S1137L06.png,True,True,,
/Users/hrishi/Desktop/dev/Milestone1 BSAI/checkpoint_deliverable/data/CASIA-Iris-Interval/137/L/S1137L07.jpg,1137_L,1137,L,train,S1137L07,True,/Users/hrishi/Desktop/dev/Milestone1 BSAI/checkpoint_deliverable/data/casia_interval_strips/S1137L07.png,/Users/hrishi/Desktop/dev/Milestone1 BSAI/checkpoint_deliverable/data/casia_interval_strips_gt/S1137L07.png,True,True,,
/Users/hrishi/Desktop/dev/Milestone1 BSAI/checkpoint_deliverable/data/CASIA-Iris-Interval/137/L/S1137L05.jpg,1137_L,1137,L,train,S1137L05,True,/Users/hrishi/Desktop/dev/Milestone1 BSAI/checkpoint_deliverable/data/casia_interval_strips/S1137L05.png,/Users/hrishi/Desktop/dev/Milestone1 BSAI/checkpoint_deliverable/data/casia_interval_strips_gt/S1137L05.png,True,True,,
/Users/hrishi/Desktop/dev/Milestone1 BSAI/checkpoint_deliverable/data/CASIA-Iris-Interval/137/L/S1137L04.jpg,1137_L,1137,L,train,S1137L04,True,/Users/hrishi/Desktop/dev/Milestone1 BSAI/checkpoint_deliverable/data/casia_interval_strips/S1137L04.png,/Users/hrishi/Desktop/dev/Milestone1 BSAI/checkpoint_deliverable/data/casia_interval_strips_gt/S1137L04.png,True,True,,
/Users/hrishi/Desktop/dev/Milestone1 BSAI/checkpoint_deliverable/data/CASIA-Iris-Interval/108/R/S1108R03.jpg,1108_R,1108,R,train,S1108R03,True,/Users/hrishi/Desktop/dev/Milestone1 BSAI/checkpoint_deliverable/data/casia_interval_strips/S1108R03.png,/Users/hrishi/Desktop/dev/Milestone1 BSAI/checkpoint_deliverable/data/casia_interval_strips_gt/S1108R03.png,True,True,,
/Users/hrishi/Desktop/dev/Milestone1 BSAI/checkpoint_deliverable/data/CASIA-Iris-Interval/108/R/S1108R02.jpg,1108_R,1108,R,train,S1108R02,True,/Users/hrishi/Desktop/dev/Milestone1 BSAI/checkpoint_deliverable/data/casia_interval_strips/S1108R02.png,/Users/hrishi/Desktop/dev/Milestone1 BSAI/checkpoint_deliverable/data/casia_interval_strips_gt/S1108R02.png,True,True,,
/Users/hrishi/Desktop/dev/Milestone1 BSAI/checkpoint_deliverable/data/CASIA-Iris-Interval/108/R/S1108R01.jpg,1108_R,1108,R,train,S1108R01,True,/Users/hrishi/Desktop/dev/Milestone1 BSAI/checkpoint_deliverable/data/casia_interval_strips/S1108R01.png,/Users/hrishi/Desktop/dev/Milestone1 BSAI/checkpoint_deliverable/data/casia_interval_strips_gt/S1108R01.png,True,True,,
/Users/hrishi/Desktop/dev/Milestone1 BSAI/checkpoint_deliverable/data/CASIA-Iris-Interval/108/R/S1108R05.jpg,1108_R,1108,R,train,S1108R05,True,/Users/hrishi/Desktop/dev/Milestone1 BSAI/checkpoint_deliverable/data/casia_interval_strips/S1108R05.png,/Users/hrishi/Desktop/dev/Milestone1 BSAI/checkpoint_deliverable/data/casia_interval_strips_gt/S1108R05.png,True,True,,
/Users/hrishi/Desktop/dev/Milestone1 BSAI/checkpoint_deliverable/data/CASIA-Iris-Interval/108/R/S1108R04.jpg,1108_R,1108,R,train,S1108R04,True,/Users/hrishi/Desktop/dev/Milestone1 BSAI/checkpoint_deliverable/data/casia_interval_strips/S1108R04.png,/Users/hrishi/Desktop/dev/Milestone1 BSAI/checkpoint_deliverable/data/casia_interval_strips_gt/S1108R04.png,True,True,,
/Users/hrishi/Desktop/dev/Milestone1 BSAI/checkpoint_deliverable/data/CASIA-Iris-Interval/108/R/S1108R06.jpg,1108_R,1108,R,train,S1108R06,True,/Users/hrishi/Desktop/dev/Milestone1 BSAI/checkpoint_deliverable/data/casia_interval_strips/S1108R06.png,/Users/hrishi/Desktop/dev/Milestone1 BSAI/checkpoint_deliverable/data/casia_interval_strips_gt/S1108R06.png,True,True,,
/Users/hrishi/Desktop/dev/Milestone1 BSAI/checkpoint_deliverable/data/CASIA-Iris-Interval/108/L/S1108L04.jpg,1108_L,1108,L,train,S1108L04,True,/Users/hrishi/Desktop/dev/Milestone1 BSAI/checkpoint_deliverable/data/casia_interval_strips/S1108L04.png,/Users/hrishi/Desktop/dev/Milestone1 BSAI/checkpoint_deliverable/data/casia_interval_strips_gt/S1108L04.png,True,True,,
/Users/hrishi/Desktop/dev/Milestone1 BSAI/checkpoint_deliverable/data/CASIA-Iris-Interval/108/L/S1108L05.jpg,1108_L,1108,L,train,S1108L05,True,/Users/hrishi/Desktop/dev/Milestone1 BSAI/checkpoint_deliverable/data/casia_interval_strips/S1108L05.png,/Users/hrishi/Desktop/dev/Milestone1 BSAI/checkpoint_deliverable/data/casia_interval_strips_gt/S1108L05.png,True,True,,
/Users/hrishi/Desktop/dev/Milestone1 BSAI/checkpoint_deliverable/data/CASIA-Iris-Interval/108/L/S1108L06.jpg,1108_L,1108,L,train,S1108L06,True,/Users/hrishi/Desktop/dev/Milestone1 BSAI/checkpoint_deliverable/data/casia_interval_strips/S1108L06.png,/Users/hrishi/Desktop/dev/Milestone1 BSAI/checkpoint_deliverable/data/casia_interval_strips_gt/S1108L06.png,True,True,,
/Users/hrishi/Desktop/dev/Milestone1 BSAI/checkpoint_deliverable/data/CASIA-Iris-Interval/108/L/S1108L02.jpg,1108_L,1108,L,train,S1108L02,True,/Users/hrishi/Desktop/dev/Milestone1 BSAI/checkpoint_deliverable/data/casia_interval_strips/S1108L02.png,/Users/hrishi/Desktop/dev/Milestone1 BSAI/checkpoint_deliverable/data/casia_interval_strips_gt/S1108L02.png,True,True,,
/Users/hrishi/Desktop/dev/Milestone1 BSAI/checkpoint_deliverable/data/CASIA-Iris-Interval/108/L/S1108L03.jpg,1108_L,1108,L,train,S1108L03,True,/Users/hrishi/Desktop/dev/Milestone1 BSAI/checkpoint_deliverable/data/casia_interval_strips/S1108L03.png,/Users/hrishi/Desktop/dev/Milestone1 BSAI/checkpoint_deliverable/data/casia_interval_strips_gt/S1108L03.png,True,True,,
/Users/hrishi/Desktop/dev/Milestone1 BSAI/checkpoint_deliverable/data/CASIA-Iris-Interval/108/L/S1108L01.jpg,1108_L,1108,L,train,S1108L01,True,/Users/hrishi/Desktop/dev/Milestone1 BSAI/checkpoint_deliverable/data/casia_interval_strips/S1108L01.png,/Users/hrishi/Desktop/dev/Milestone1 BSAI/checkpoint_deliverable/data/casia_interval_strips_gt/S1108L01.png,True,True,,
/Users/hrishi/Desktop/dev/Milestone1 BSAI/checkpoint_deliverable/data/CASIA-Iris-Interval/130/R/S1130R07.jpg,1130_R,1130,R,train,S1130R07,True,/Users/hrishi/Desktop/dev/Milestone1 BSAI/checkpoint_deliverable/data/casia_interval_strips/S1130R07.png,/Users/hrishi/Desktop/dev/Milestone1 BSAI/checkpoint_deliverable/data/casia_interval_strips_gt/S1130R07.png,True,True,,
/Users/hrishi/Desktop/dev/Milestone1 BSAI/checkpoint_deliverable/data/CASIA-Iris-Interval/130/R/S1130R06.jpg,1130_R,1130,R,train,S1130R06,True,/Users/hrishi/Desktop/dev/Milestone1 BSAI/checkpoint_deliverable/data/casia_interval_strips/S1130R06.png,/Users/hrishi/Desktop/dev/Milestone1 BSAI/checkpoint_deliverable/data/casia_interval_strips_gt/S1130R06.png,True,True,,
/Users/hrishi/Desktop/dev/Milestone1 BSAI/checkpoint_deliverable/data/CASIA-Iris-Interval/130/R/S1130R04.jpg,1130_R,1130,R,train,S1130R04,True,/Users/hrishi/Desktop/dev/Milestone1 BSAI/checkpoint_deliverable/data/casia_interval_strips/S1130R04.png,/Users/hrishi/Desktop/dev/Milestone1 BSAI/checkpoint_deliverable/data/casia_interval_strips_gt/S1130R04.png,True,True,,
/Users/hrishi/Desktop/dev/Milestone1 BSAI/checkpoint_deliverable/data/CASIA-Iris-Interval/130/R/S1130R05.jpg,1130_R,1130,R,train,S1130R05,True,/Users/hrishi/Desktop/dev/Milestone1 BSAI/checkpoint_deliverable/data/casia_interval_strips/S1130R05.png,/Users/hrishi/Desktop/dev/Milestone1 BSAI/checkpoint_deliverable/data/casia_interval_strips_gt/S1130R05.png,True,True,,
/Users/hrishi/Desktop/dev/Milestone1 BSAI/checkpoint_deliverable/data/CASIA-Iris-Interval/130/R/S1130R01.jpg,1130_R,1130,R,train,S1130R01,True,/Users/hrishi/Desktop/dev/Milestone1 BSAI/checkpoint_deliverable/data/casia_interval_strips/S1130R01.png,/Users/hrishi/Desktop/dev/Milestone1 BSAI/checkpoint_deliverable/data/casia_interval_strips_gt/S1130R01.png,True,True,,
/Users/hrishi/Desktop/dev/Milestone1 BSAI/checkpoint_deliverable/data/CASIA-Iris-Interval/130/R/S1130R02.jpg,1130_R,1130,R,train,S1130R02,True,/Users/hrishi/Desktop/dev/Milestone1 BSAI/checkpoint_deliverable/data/casia_interval_strips/S1130R02.png,/Users/hrishi/Desktop/dev/Milestone1 BSAI/checkpoint_deliverable/data/casia_interval_strips_gt/S1130R02.png,True,True,,
/Users/hrishi/Desktop/dev/Milestone1 BSAI/checkpoint_deliverable/data/CASIA-Iris-Interval/130/R/S1130R03.jpg,1130_R,1130,R,train,S1130R03,True,/Users/hrishi/Desktop/dev/Milestone1 BSAI/checkpoint_deliverable/data/casia_interval_strips/S1130R03.png,/Users/hrishi/Desktop/dev/Milestone1 BSAI/checkpoint_deliverable/data/casia_interval_strips_gt/S1130R03.png,True,True,,
/Users/hrishi/Desktop/dev/Milestone1 BSAI/checkpoint_deliverable/data/CASIA-Iris-Interval/130/L/S1130L01.jpg,1130_L,1130,L,train,S1130L01,True,/Users/hrishi/Desktop/dev/Milestone1 BSAI/checkpoint_deliverable/data/casia_interval_strips/S1130L01.png,/Users/hrishi/Desktop/dev/Milestone1 BSAI/checkpoint_deliverable/data/casia_interval_strips_gt/S1130L01.png,True,True,,
/Users/hrishi/Desktop/dev/Milestone1 BSAI/checkpoint_deliverable/data/CASIA-Iris-Interval/130/L/S1130L03.jpg,1130_L,1130,L,train,S1130L03,True,/Users/hrishi/Desktop/dev/Milestone1 BSAI/checkpoint_deliverable/data/casia_interval_strips/S1130L03.png,/Users/hrishi/Desktop/dev/Milestone1 BSAI/checkpoint_deliverable/data/casia_interval_strips_gt/S1130L03.png,True,True,,
/Users/hrishi/Desktop/dev/Milestone1 BSAI/checkpoint_deliverable/data/CASIA-Iris-Interval/130/L/S1130L02.jpg,1130_L,1130,L,train,S1130L02,True,/Users/hrishi/Desktop/dev/Milestone1 BSAI/checkpoint_deliverable/data/casia_interval_strips/S1130L02.png,/Users/hrishi/Desktop/dev/Milestone1 BSAI/checkpoint_deliverable/data/casia_interval_strips_gt/S1130L02.png,True,True,,
/Users/hrishi/Desktop/dev/Milestone1 BSAI/checkpoint_deliverable/data/CASIA-Iris-Interval/130/L/S1130L06.jpg,1130_L,1130,L,train,S1130L06,True,/Users/hrishi/Desktop/dev/Milestone1 BSAI/checkpoint_deliverable/data/casia_interval_strips/S1130L06.png,/Users/hrishi/Desktop/dev/Milestone1 BSAI/checkpoint_deliverable/data/casia_interval_strips_gt/S1130L06.png,True,True,,
/Users/hrishi/Desktop/dev/Milestone1 BSAI/checkpoint_deliverable/data/CASIA-Iris-Interval/130/L/S1130L07.jpg,1130_L,1130,L,train,S1130L07,True,/Users/hrishi/Desktop/dev/Milestone1 BSAI/checkpoint_deliverable/data/casia_interval_strips/S1130L07.png,/Users/hrishi/Desktop/dev/Milestone1 BSAI/checkpoint_deliverable/data/casia_interval_strips_gt/S1130L07.png,True,True,,
/Users/hrishi/Desktop/dev/Milestone1 BSAI/checkpoint_deliverable/data/CASIA-Iris-Interval/130/L/S1130L05.jpg,1130_L,1130,L,train,S1130L05,True,/Users/hrishi/Desktop/dev/Milestone1 BSAI/checkpoint_deliverable/data/casia_interval_strips/S1130L05.png,/Users/hrishi/Desktop/dev/Milestone1 BSAI/checkpoint_deliverable/data/casia_interval_strips_gt/S1130L05.png,True,True,,
/Users/hrishi/Desktop/dev/Milestone1 BSAI/checkpoint_deliverable/data/CASIA-Iris-Interval/130/L/S1130L04.jpg,1130_L,1130,L,train,S1130L04,True,/Users/hrishi/Desktop/dev/Milestone1 BSAI/checkpoint_deliverable/data/casia_interval_strips/S1130L04.png,/Users/hrishi/Desktop/dev/Milestone1 BSAI/checkpoint_deliverable/data/casia_interval_strips_gt/S1130L04.png,True,True,,
/Users/hrishi/Desktop/dev/Milestone1 BSAI/checkpoint_deliverable/data/CASIA-Iris-Interval/089/R/S1089R07.jpg,1089_R,1089,R,train,S1089R07,True,/Users/hrishi/Desktop/dev/Milestone1 BSAI/checkpoint_deliverable/data/casia_interval_strips/S1089R07.png,/Users/hrishi/Desktop/dev/Milestone1 BSAI/checkpoint_deliverable/data/casia_interval_strips_gt/S1089R07.png,True,True,,
/Users/hrishi/Desktop/dev/Milestone1 BSAI/checkpoint_deliverable/data/CASIA-Iris-Interval/089/R/S1089R06.jpg,1089_R,1089,R,train,S1089R06,True,/Users/hrishi/Desktop/dev/Milestone1 BSAI/checkpoint_deliverable/data/casia_interval_strips/S1089R06.png,/Users/hrishi/Desktop/dev/Milestone1 BSAI/checkpoint_deliverable/data/casia_interval_strips_gt/S1089R06.png,True,True,,
/Users/hrishi/Desktop/dev/Milestone1 BSAI/checkpoint_deliverable/data/CASIA-Iris-Interval/089/R/S1089R04.jpg,1089_R,1089,R,train,S1089R04,True,/Users/hrishi/Desktop/dev/Milestone1 BSAI/checkpoint_deliverable/data/casia_interval_strips/S1089R04.png,/Users/hrishi/Desktop/dev/Milestone1 BSAI/checkpoint_deliverable/data/casia_interval_strips_gt/S1089R04.png,True,True,,
/Users/hrishi/Desktop/dev/Milestone1 BSAI/checkpoint_deliverable/data/CASIA-Iris-Interval/089/R/S1089R05.jpg,1089_R,1089,R,train,S1089R05,True,/Users/hrishi/Desktop/dev/Milestone1 BSAI/checkpoint_deliverable/data/casia_interval_strips/S1089R05.png,/Users/hrishi/Desktop/dev/Milestone1 BSAI/checkpoint_deliverable/data/casia_interval_strips_gt/S1089R05.png,True,True,,
/Users/hrishi/Desktop/dev/Milestone1 BSAI/checkpoint_deliverable/data/CASIA-Iris-Interval/089/R/S1089R01.jpg,1089_R,1089,R,train,S1089R01,True,/Users/hrishi/Desktop/dev/Milestone1 BSAI/checkpoint_deliverable/data/casia_interval_strips/S1089R01.png,/Users/hrishi/Desktop/dev/Milestone1 BSAI/checkpoint_deliverable/data/casia_interval_strips_gt/S1089R01.png,True,True,,
/Users/hrishi/Desktop/dev/Milestone1 BSAI/checkpoint_deliverable/data/CASIA-Iris-Interval/089/R/S1089R02.jpg,1089_R,1089,R,train,S1089R02,True,/Users/hrishi/Desktop/dev/Milestone1 BSAI/checkpoint_deliverable/data/casia_interval_strips/S1089R02.png,/Users/hrishi/Desktop/dev/Milestone1 BSAI/checkpoint_deliverable/data/casia_interval_strips_gt/S1089R02.png,True,True,,
/Users/hrishi/Desktop/dev/Milestone1 BSAI/checkpoint_deliverable/data/CASIA-Iris-Interval/089/R/S1089R03.jpg,1089_R,1089,R,train,S1089R03,True,/Users/hrishi/Desktop/dev/Milestone1 BSAI/checkpoint_deliverable/data/casia_interval_strips/S1089R03.png,/Users/hrishi/Desktop/dev/Milestone1 BSAI/checkpoint_deliverable/data/casia_interval_strips_gt/S1089R03.png,True,True,,
/Users/hrishi/Desktop/dev/Milestone1 BSAI/checkpoint_deliverable/data/CASIA-Iris-Interval/089/L/S1089L01.jpg,1089_L,1089,L,train,S1089L01,True,/Users/hrishi/Desktop/dev/Milestone1 BSAI/checkpoint_deliverable/data/casia_interval_strips/S1089L01.png,/Users/hrishi/Desktop/dev/Milestone1 BSAI/checkpoint_deliverable/data/casia_interval_strips_gt/S1089L01.png,True,True,,
/Users/hrishi/Desktop/dev/Milestone1 BSAI/checkpoint_deliverable/data/CASIA-Iris-Interval/089/L/S1089L03.jpg,1089_L,1089,L,train,S1089L03,True,/Users/hrishi/Desktop/dev/Milestone1 BSAI/checkpoint_deliverable/data/casia_interval_strips/S1089L03.png,/Users/hrishi/Desktop/dev/Milestone1 BSAI/checkpoint_deliverable/data/casia_interval_strips_gt/S1089L03.png,True,True,,
/Users/hrishi/Desktop/dev/Milestone1 BSAI/checkpoint_deliverable/data/CASIA-Iris-Interval/089/L/S1089L02.jpg,1089_L,1089,L,train,S1089L02,True,/Users/hrishi/Desktop/dev/Milestone1 BSAI/checkpoint_deliverable/data/casia_interval_strips/S1089L02.png,/Users/hrishi/Desktop/dev/Milestone1 BSAI/checkpoint_deliverable/data/casia_interval_strips_gt/S1089L02.png,True,True,,
/Users/hrishi/Desktop/dev/Milestone1 BSAI/checkpoint_deliverable/data/CASIA-Iris-Interval/089/L/S1089L06.jpg,1089_L,1089,L,train,S1089L06,True,/Users/hrishi/Desktop/dev/Milestone1 BSAI/checkpoint_deliverable/data/casia_interval_strips/S1089L06.png,/Users/hrishi/Desktop/dev/Milestone1 BSAI/checkpoint_deliverable/data/casia_interval_strips_gt/S1089L06.png,True,True,,
/Users/hrishi/Desktop/dev/Milestone1 BSAI/checkpoint_deliverable/data/CASIA-Iris-Interval/089/L/S1089L07.jpg,1089_L,1089,L,train,S1089L07,True,/Users/hrishi/Desktop/dev/Milestone1 BSAI/checkpoint_deliverable/data/casia_interval_strips/S1089L07.png,/Users/hrishi/Desktop/dev/Milestone1 BSAI/checkpoint_deliverable/data/casia_interval_strips_gt/S1089L07.png,True,True,,
/Users/hrishi/Desktop/dev/Milestone1 BSAI/checkpoint_deliverable/data/CASIA-Iris-Interval/089/L/S1089L05.jpg,1089_L,1089,L,train,S1089L05,True,/Users/hrishi/Desktop/dev/Milestone1 BSAI/checkpoint_deliverable/data/casia_interval_strips/S1089L05.png,/Users/hrishi/Desktop/dev/Milestone1 BSAI/checkpoint_deliverable/data/casia_interval_strips_gt/S1089L05.png,True,True,,
/Users/hrishi/Desktop/dev/Milestone1 BSAI/checkpoint_deliverable/data/CASIA-Iris-Interval/089/L/S1089L04.jpg,1089_L,1089,L,train,S1089L04,True,/Users/hrishi/Desktop/dev/Milestone1 BSAI/checkpoint_deliverable/data/casia_interval_strips/S1089L04.png,/Users/hrishi/Desktop/dev/Milestone1 BSAI/checkpoint_deliverable/data/casia_interval_strips_gt/S1089L04.png,True,True,,
/Users/hrishi/Desktop/dev/Milestone1 BSAI/checkpoint_deliverable/data/CASIA-Iris-Interval/042/R/S1042R01.jpg,1042_R,1042,R,train,S1042R01,True,/Users/hrishi/Desktop/dev/Milestone1 BSAI/checkpoint_deliverable/data/casia_interval_strips/S1042R01.png,/Users/hrishi/Desktop/dev/Milestone1 BSAI/checkpoint_deliverable/data/casia_interval_strips_gt/S1042R01.png,True,True,,
/Users/hrishi/Desktop/dev/Milestone1 BSAI/checkpoint_deliverable/data/CASIA-Iris-Interval/042/R/S1042R03.jpg,1042_R,1042,R,train,S1042R03,True,/Users/hrishi/Desktop/dev/Milestone1 BSAI/checkpoint_deliverable/data/casia_interval_strips/S1042R03.png,/Users/hrishi/Desktop/dev/Milestone1 BSAI/checkpoint_deliverable/data/casia_interval_strips_gt/S1042R03.png,True,True,,
/Users/hrishi/Desktop/dev/Milestone1 BSAI/checkpoint_deliverable/data/CASIA-Iris-Interval/042/R/S1042R02.jpg,1042_R,1042,R,train,S1042R02,True,/Users/hrishi/Desktop/dev/Milestone1 BSAI/checkpoint_deliverable/data/casia_interval_strips/S1042R02.png,/Users/hrishi/Desktop/dev/Milestone1 BSAI/checkpoint_deliverable/data/casia_interval_strips_gt/S1042R02.png,True,True,,
/Users/hrishi/Desktop/dev/Milestone1 BSAI/checkpoint_deliverable/data/CASIA-Iris-Interval/042/R/S1042R06.jpg,1042_R,1042,R,train,S1042R06,True,/Users/hrishi/Desktop/dev/Milestone1 BSAI/checkpoint_deliverable/data/casia_interval_strips/S1042R06.png,/Users/hrishi/Desktop/dev/Milestone1 BSAI/checkpoint_deliverable/data/casia_interval_strips_gt/S1042R06.png,True,True,,
/Users/hrishi/Desktop/dev/Milestone1 BSAI/checkpoint_deliverable/data/CASIA-Iris-Interval/042/R/S1042R07.jpg,1042_R,1042,R,train,S1042R07,True,/Users/hrishi/Desktop/dev/Milestone1 BSAI/checkpoint_deliverable/data/casia_interval_strips/S1042R07.png,/Users/hrishi/Desktop/dev/Milestone1 BSAI/checkpoint_deliverable/data/casia_interval_strips_gt/S1042R07.png,True,True,,
/Users/hrishi/Desktop/dev/Milestone1 BSAI/checkpoint_deliverable/data/CASIA-Iris-Interval/042/R/S1042R05.jpg,1042_R,1042,R,train,S1042R05,True,/Users/hrishi/Desktop/dev/Milestone1 BSAI/checkpoint_deliverable/data/casia_interval_strips/S1042R05.png,/Users/hrishi/Desktop/dev/Milestone1 BSAI/checkpoint_deliverable/data/casia_interval_strips_gt/S1042R05.png,True,True,,
/Users/hrishi/Desktop/dev/Milestone1 BSAI/checkpoint_deliverable/data/CASIA-Iris-Interval/042/R/S1042R10.jpg,1042_R,1042,R,train,S1042R10,True,/Users/hrishi/Desktop/dev/Milestone1 BSAI/checkpoint_deliverable/data/casia_interval_strips/S1042R10.png,/Users/hrishi/Desktop/dev/Milestone1 BSAI/checkpoint_deliverable/data/casia_interval_strips_gt/S1042R10.png,True,True,,
/Users/hrishi/Desktop/dev/Milestone1 BSAI/checkpoint_deliverable/data/CASIA-Iris-Interval/042/R/S1042R04.jpg,1042_R,1042,R,train,S1042R04,True,/Users/hrishi/Desktop/dev/Milestone1 BSAI/checkpoint_deliverable/data/casia_interval_strips/S1042R04.png,/Users/hrishi/Desktop/dev/Milestone1 BSAI/checkpoint_deliverable/data/casia_interval_strips_gt/S1042R04.png,True,True,,
/Users/hrishi/Desktop/dev/Milestone1 BSAI/checkpoint_deliverable/data/CASIA-Iris-Interval/042/R/S1042R09.jpg,1042_R,1042,R,train,S1042R09,True,/Users/hrishi/Desktop/dev/Milestone1 BSAI/checkpoint_deliverable/data/casia_interval_strips/S1042R09.png,/Users/hrishi/Desktop/dev/Milestone1 BSAI/checkpoint_deliverable/data/casia_interval_strips_gt/S1042R09.png,True,True,,
/Users/hrishi/Desktop/dev/Milestone1 BSAI/checkpoint_deliverable/data/CASIA-Iris-Interval/042/R/S1042R08.jpg,1042_R,1042,R,train,S1042R08,True,/Users/hrishi/Desktop/dev/Milestone1 BSAI/checkpoint_deliverable/data/casia_interval_strips/S1042R08.png,/Users/hrishi/Desktop/dev/Milestone1 BSAI/checkpoint_deliverable/data/casia_interval_strips_gt/S1042R08.png,True,True,,
/Users/hrishi/Desktop/dev/Milestone1 BSAI/checkpoint_deliverable/data/CASIA-Iris-Interval/042/L/S1042L07.jpg,1042_L,1042,L,train,S1042L07,True,/Users/hrishi/Desktop/dev/Milestone1 BSAI/checkpoint_deliverable/data/casia_interval_strips/S1042L07.png,/Users/hrishi/Desktop/dev/Milestone1 BSAI/checkpoint_deliverable/data/casia_interval_strips_gt/S1042L07.png,True,True,,
/Users/hrishi/Desktop/dev/Milestone1 BSAI/checkpoint_deliverable/data/CASIA-Iris-Interval/042/L/S1042L06.jpg,1042_L,1042,L,train,S1042L06,True,/Users/hrishi/Desktop/dev/Milestone1 BSAI/checkpoint_deliverable/data/casia_interval_strips/S1042L06.png,/Users/hrishi/Desktop/dev/Milestone1 BSAI/checkpoint_deliverable/data/casia_interval_strips_gt/S1042L06.png,True,True,,
/Users/hrishi/Desktop/dev/Milestone1 BSAI/checkpoint_deliverable/data/CASIA-Iris-Interval/042/L/S1042L04.jpg,1042_L,1042,L,train,S1042L04,True,/Users/hrishi/Desktop/dev/Milestone1 BSAI/checkpoint_deliverable/data/casia_interval_strips/S1042L04.png,/Users/hrishi/Desktop/dev/Milestone1 BSAI/checkpoint_deliverable/data/casia_interval_strips_gt/S1042L04.png,True,True,,
/Users/hrishi/Desktop/dev/Milestone1 BSAI/checkpoint_deliverable/data/CASIA-Iris-Interval/042/L/S1042L10.jpg,1042_L,1042,L,train,S1042L10,True,/Users/hrishi/Desktop/dev/Milestone1 BSAI/checkpoint_deliverable/data/casia_interval_strips/S1042L10.png,/Users/hrishi/Desktop/dev/Milestone1 BSAI/checkpoint_deliverable/data/casia_interval_strips_gt/S1042L10.png,True,True,,
/Users/hrishi/Desktop/dev/Milestone1 BSAI/checkpoint_deliverable/data/CASIA-Iris-Interval/042/L/S1042L05.jpg,1042_L,1042,L,train,S1042L05,True,/Users/hrishi/Desktop/dev/Milestone1 BSAI/checkpoint_deliverable/data/casia_interval_strips/S1042L05.png,/Users/hrishi/Desktop/dev/Milestone1 BSAI/checkpoint_deliverable/data/casia_interval_strips_gt/S1042L05.png,True,True,,
/Users/hrishi/Desktop/dev/Milestone1 BSAI/checkpoint_deliverable/data/CASIA-Iris-Interval/042/L/S1042L01.jpg,1042_L,1042,L,train,S1042L01,True,/Users/hrishi/Desktop/dev/Milestone1 BSAI/checkpoint_deliverable/data/casia_interval_strips/S1042L01.png,/Users/hrishi/Desktop/dev/Milestone1 BSAI/checkpoint_deliverable/data/casia_interval_strips_gt/S1042L01.png,True,True,,
/Users/hrishi/Desktop/dev/Milestone1 BSAI/checkpoint_deliverable/data/CASIA-Iris-Interval/042/L/S1042L02.jpg,1042_L,1042,L,train,S1042L02,True,/Users/hrishi/Desktop/dev/Milestone1 BSAI/checkpoint_deliverable/data/casia_interval_strips/S1042L02.png,/Users/hrishi/Desktop/dev/Milestone1 BSAI/checkpoint_deliverable/data/casia_interval_strips_gt/S1042L02.png,True,True,,
/Users/hrishi/Desktop/dev/Milestone1 BSAI/checkpoint_deliverable/data/CASIA-Iris-Interval/042/L/S1042L03.jpg,1042_L,1042,L,train,S1042L03,True,/Users/hrishi/Desktop/dev/Milestone1 BSAI/checkpoint_deliverable/data/casia_interval_strips/S1042L03.png,/Users/hrishi/Desktop/dev/Milestone1 BSAI/checkpoint_deliverable/data/casia_interval_strips_gt/S1042L03.png,True,True,,
/Users/hrishi/Desktop/dev/Milestone1 BSAI/checkpoint_deliverable/data/CASIA-Iris-Interval/042/L/S1042L08.jpg,1042_L,1042,L,train,S1042L08,True,/Users/hrishi/Desktop/dev/Milestone1 BSAI/checkpoint_deliverable/data/casia_interval_strips/S1042L08.png,/Users/hrishi/Desktop/dev/Milestone1 BSAI/checkpoint_deliverable/data/casia_interval_strips_gt/S1042L08.png,True,True,,
/Users/hrishi/Desktop/dev/Milestone1 BSAI/checkpoint_deliverable/data/CASIA-Iris-Interval/042/L/S1042L09.jpg,1042_L,1042,L,train,S1042L09,True,/Users/hrishi/Desktop/dev/Milestone1 BSAI/checkpoint_deliverable/data/casia_interval_strips/S1042L09.png,/Users/hrishi/Desktop/dev/Milestone1 BSAI/checkpoint_deliverable/data/casia_interval_strips_gt/S1042L09.png,True,True,,
/Users/hrishi/Desktop/dev/Milestone1 BSAI/checkpoint_deliverable/data/CASIA-Iris-Interval/248/R/S1248R07.jpg,1248_R,1248,R,train,S1248R07,True,/Users/hrishi/Desktop/dev/Milestone1 BSAI/checkpoint_deliverable/data/casia_interval_strips/S1248R07.png,/Users/hrishi/Desktop/dev/Milestone1 BSAI/checkpoint_deliverable/data/casia_interval_strips_gt/S1248R07.png,True,True,,
/Users/hrishi/Desktop/dev/Milestone1 BSAI/checkpoint_deliverable/data/CASIA-Iris-Interval/248/R/S1248R06.jpg,1248_R,1248,R,train,S1248R06,True,/Users/hrishi/Desktop/dev/Milestone1 BSAI/checkpoint_deliverable/data/casia_interval_strips/S1248R06.png,/Users/hrishi/Desktop/dev/Milestone1 BSAI/checkpoint_deliverable/data/casia_interval_strips_gt/S1248R06.png,True,True,,
/Users/hrishi/Desktop/dev/Milestone1 BSAI/checkpoint_deliverable/data/CASIA-Iris-Interval/248/R/S1248R04.jpg,1248_R,1248,R,train,S1248R04,True,/Users/hrishi/Desktop/dev/Milestone1 BSAI/checkpoint_deliverable/data/casia_interval_strips/S1248R04.png,/Users/hrishi/Desktop/dev/Milestone1 BSAI/checkpoint_deliverable/data/casia_interval_strips_gt/S1248R04.png,True,True,,
/Users/hrishi/Desktop/dev/Milestone1 BSAI/checkpoint_deliverable/data/CASIA-Iris-Interval/248/R/S1248R05.jpg,1248_R,1248,R,train,S1248R05,True,/Users/hrishi/Desktop/dev/Milestone1 BSAI/checkpoint_deliverable/data/casia_interval_strips/S1248R05.png,/Users/hrishi/Desktop/dev/Milestone1 BSAI/checkpoint_deliverable/data/casia_interval_strips_gt/S1248R05.png,True,True,,
/Users/hrishi/Desktop/dev/Milestone1 BSAI/checkpoint_deliverable/data/CASIA-Iris-Interval/248/R/S1248R01.jpg,1248_R,1248,R,train,S1248R01,True,/Users/hrishi/Desktop/dev/Milestone1 BSAI/checkpoint_deliverable/data/casia_interval_strips/S1248R01.png,/Users/hrishi/Desktop/dev/Milestone1 BSAI/checkpoint_deliverable/data/casia_interval_strips_gt/S1248R01.png,True,True,,
/Users/hrishi/Desktop/dev/Milestone1 BSAI/checkpoint_deliverable/data/CASIA-Iris-Interval/248/R/S1248R02.jpg,1248_R,1248,R,train,S1248R02,True,/Users/hrishi/Desktop/dev/Milestone1 BSAI/checkpoint_deliverable/data/casia_interval_strips/S1248R02.png,/Users/hrishi/Desktop/dev/Milestone1 BSAI/checkpoint_deliverable/data/casia_interval_strips_gt/S1248R02.png,True,True,,
/Users/hrishi/Desktop/dev/Milestone1 BSAI/checkpoint_deliverable/data/CASIA-Iris-Interval/248/R/S1248R03.jpg,1248_R,1248,R,train,S1248R03,True,/Users/hrishi/Desktop/dev/Milestone1 BSAI/checkpoint_deliverable/data/casia_interval_strips/S1248R03.png,/Users/hrishi/Desktop/dev/Milestone1 BSAI/checkpoint_deliverable/data/casia_interval_strips_gt/S1248R03.png,True,True,,
/Users/hrishi/Desktop/dev/Milestone1 BSAI/checkpoint_deliverable/data/CASIA-Iris-Interval/248/L/S1248L01.jpg,1248_L,1248,L,train,S1248L01,True,/Users/hrishi/Desktop/dev/Milestone1 BSAI/checkpoint_deliverable/data/casia_interval_strips/S1248L01.png,/Users/hrishi/Desktop/dev/Milestone1 BSAI/checkpoint_deliverable/data/casia_interval_strips_gt/S1248L01.png,True,True,,
/Users/hrishi/Desktop/dev/Milestone1 BSAI/checkpoint_deliverable/data/CASIA-Iris-Interval/045/R/S1045R09.jpg,1045_R,1045,R,train,S1045R09,True,/Users/hrishi/Desktop/dev/Milestone1 BSAI/checkpoint_deliverable/data/casia_interval_strips/S1045R09.png,/Users/hrishi/Desktop/dev/Milestone1 BSAI/checkpoint_deliverable/data/casia_interval_strips_gt/S1045R09.png,True,True,,
/Users/hrishi/Desktop/dev/Milestone1 BSAI/checkpoint_deliverable/data/CASIA-Iris-Interval/045/R/S1045R08.jpg,1045_R,1045,R,train,S1045R08,True,/Users/hrishi/Desktop/dev/Milestone1 BSAI/checkpoint_deliverable/data/casia_interval_strips/S1045R08.png,/Users/hrishi/Desktop/dev/Milestone1 BSAI/checkpoint_deliverable/data/casia_interval_strips_gt/S1045R08.png,True,True,,
/Users/hrishi/Desktop/dev/Milestone1 BSAI/checkpoint_deliverable/data/CASIA-Iris-Interval/045/R/S1045R01.jpg,1045_R,1045,R,train,S1045R01,True,/Users/hrishi/Desktop/dev/Milestone1 BSAI/checkpoint_deliverable/data/casia_interval_strips/S1045R01.png,/Users/hrishi/Desktop/dev/Milestone1 BSAI/checkpoint_deliverable/data/casia_interval_strips_gt/S1045R01.png,True,True,,
/Users/hrishi/Desktop/dev/Milestone1 BSAI/checkpoint_deliverable/data/CASIA-Iris-Interval/045/R/S1045R03.jpg,1045_R,1045,R,train,S1045R03,True,/Users/hrishi/Desktop/dev/Milestone1 BSAI/checkpoint_deliverable/data/casia_interval_strips/S1045R03.png,/Users/hrishi/Desktop/dev/Milestone1 BSAI/checkpoint_deliverable/data/casia_interval_strips_gt/S1045R03.png,True,True,,
/Users/hrishi/Desktop/dev/Milestone1 BSAI/checkpoint_deliverable/data/CASIA-Iris-Interval/045/R/S1045R02.jpg,1045_R,1045,R,train,S1045R02,True,/Users/hrishi/Desktop/dev/Milestone1 BSAI/checkpoint_deliverable/data/casia_interval_strips/S1045R02.png,/Users/hrishi/Desktop/dev/Milestone1 BSAI/checkpoint_deliverable/data/casia_interval_strips_gt/S1045R02.png,True,True,,
/Users/hrishi/Desktop/dev/Milestone1 BSAI/checkpoint_deliverable/data/CASIA-Iris-Interval/045/R/S1045R06.jpg,1045_R,1045,R,train,S1045R06,True,/Users/hrishi/Desktop/dev/Milestone1 BSAI/checkpoint_deliverable/data/casia_interval_strips/S1045R06.png,/Users/hrishi/Desktop/dev/Milestone1 BSAI/checkpoint_deliverable/data/casia_interval_strips_gt/S1045R06.png,True,True,,
/Users/hrishi/Desktop/dev/Milestone1 BSAI/checkpoint_deliverable/data/CASIA-Iris-Interval/045/R/S1045R07.jpg,1045_R,1045,R,train,S1045R07,True,/Users/hrishi/Desktop/dev/Milestone1 BSAI/checkpoint_deliverable/data/casia_interval_strips/S1045R07.png,/Users/hrishi/Desktop/dev/Milestone1 BSAI/checkpoint_deliverable/data/casia_interval_strips_gt/S1045R07.png,True,True,,
/Users/hrishi/Desktop/dev/Milestone1 BSAI/checkpoint_deliverable/data/CASIA-Iris-Interval/045/R/S1045R05.jpg,1045_R,1045,R,train,S1045R05,True,/Users/hrishi/Desktop/dev/Milestone1 BSAI/checkpoint_deliverable/data/casia_interval_strips/S1045R05.png,/Users/hrishi/Desktop/dev/Milestone1 BSAI/checkpoint_deliverable/data/casia_interval_strips_gt/S1045R05.png,True,True,,
/Users/hrishi/Desktop/dev/Milestone1 BSAI/checkpoint_deliverable/data/CASIA-Iris-Interval/045/R/S1045R04.jpg,1045_R,1045,R,train,S1045R04,True,/Users/hrishi/Desktop/dev/Milestone1 BSAI/checkpoint_deliverable/data/casia_interval_strips/S1045R04.png,/Users/hrishi/Desktop/dev/Milestone1 BSAI/checkpoint_deliverable/data/casia_interval_strips_gt/S1045R04.png,True,True,,
/Users/hrishi/Desktop/dev/Milestone1 BSAI/checkpoint_deliverable/data/CASIA-Iris-Interval/045/R/S1045R10.jpg,1045_R,1045,R,train,S1045R10,True,/Users/hrishi/Desktop/dev/Milestone1 BSAI/checkpoint_deliverable/data/casia_interval_strips/S1045R10.png,/Users/hrishi/Desktop/dev/Milestone1 BSAI/checkpoint_deliverable/data/casia_interval_strips_gt/S1045R10.png,True,True,,
/Users/hrishi/Desktop/dev/Milestone1 BSAI/checkpoint_deliverable/data/CASIA-Iris-Interval/045/L/S1045L08.jpg,1045_L,1045,L,train,S1045L08,True,/Users/hrishi/Desktop/dev/Milestone1 BSAI/checkpoint_deliverable/data/casia_interval_strips/S1045L08.png,/Users/hrishi/Desktop/dev/Milestone1 BSAI/checkpoint_deliverable/data/casia_interval_strips_gt/S1045L08.png,True,True,,
/Users/hrishi/Desktop/dev/Milestone1 BSAI/checkpoint_deliverable/data/CASIA-Iris-Interval/045/L/S1045L09.jpg,1045_L,1045,L,train,S1045L09,True,/Users/hrishi/Desktop/dev/Milestone1 BSAI/checkpoint_deliverable/data/casia_interval_strips/S1045L09.png,/Users/hrishi/Desktop/dev/Milestone1 BSAI/checkpoint_deliverable/data/casia_interval_strips_gt/S1045L09.png,True,True,,
/Users/hrishi/Desktop/dev/Milestone1 BSAI/checkpoint_deliverable/data/CASIA-Iris-Interval/045/L/S1045L07.jpg,1045_L,1045,L,train,S1045L07,True,/Users/hrishi/Desktop/dev/Milestone1 BSAI/checkpoint_deliverable/data/casia_interval_strips/S1045L07.png,/Users/hrishi/Desktop/dev/Milestone1 BSAI/checkpoint_deliverable/data/casia_interval_strips_gt/S1045L07.png,True,True,,
/Users/hrishi/Desktop/dev/Milestone1 BSAI/checkpoint_deliverable/data/CASIA-Iris-Interval/045/L/S1045L06.jpg,1045_L,1045,L,train,S1045L06,True,/Users/hrishi/Desktop/dev/Milestone1 BSAI/checkpoint_deliverable/data/casia_interval_strips/S1045L06.png,/Users/hrishi/Desktop/dev/Milestone1 BSAI/checkpoint_deliverable/data/casia_interval_strips_gt/S1045L06.png,True,True,,
/Users/hrishi/Desktop/dev/Milestone1 BSAI/checkpoint_deliverable/data/CASIA-Iris-Interval/045/L/S1045L10.jpg,1045_L,1045,L,train,S1045L10,True,/Users/hrishi/Desktop/dev/Milestone1 BSAI/checkpoint_deliverable/data/casia_interval_strips/S1045L10.png,/Users/hrishi/Desktop/dev/Milestone1 BSAI/checkpoint_deliverable/data/casia_interval_strips_gt/S1045L10.png,True,True,,
/Users/hrishi/Desktop/dev/Milestone1 BSAI/checkpoint_deliverable/data/CASIA-Iris-Interval/045/L/S1045L04.jpg,1045_L,1045,L,train,S1045L04,True,/Users/hrishi/Desktop/dev/Milestone1 BSAI/checkpoint_deliverable/data/casia_interval_strips/S1045L04.png,/Users/hrishi/Desktop/dev/Milestone1 BSAI/checkpoint_deliverable/data/casia_interval_strips_gt/S1045L04.png,True,True,,
/Users/hrishi/Desktop/dev/Milestone1 BSAI/checkpoint_deliverable/data/CASIA-Iris-Interval/045/L/S1045L05.jpg,1045_L,1045,L,train,S1045L05,True,/Users/hrishi/Desktop/dev/Milestone1 BSAI/checkpoint_deliverable/data/casia_interval_strips/S1045L05.png,/Users/hrishi/Desktop/dev/Milestone1 BSAI/checkpoint_deliverable/data/casia_interval_strips_gt/S1045L05.png,True,True,,
/Users/hrishi/Desktop/dev/Milestone1 BSAI/checkpoint_deliverable/data/CASIA-Iris-Interval/045/L/S1045L11.jpg,1045_L,1045,L,train,S1045L11,True,/Users/hrishi/Desktop/dev/Milestone1 BSAI/checkpoint_deliverable/data/casia_interval_strips/S1045L11.png,/Users/hrishi/Desktop/dev/Milestone1 BSAI/checkpoint_deliverable/data/casia_interval_strips_gt/S1045L11.png,True,True,,
/Users/hrishi/Desktop/dev/Milestone1 BSAI/checkpoint_deliverable/data/CASIA-Iris-Interval/045/L/S1045L01.jpg,1045_L,1045,L,train,S1045L01,True,/Users/hrishi/Desktop/dev/Milestone1 BSAI/checkpoint_deliverable/data/casia_interval_strips/S1045L01.png,/Users/hrishi/Desktop/dev/Milestone1 BSAI/checkpoint_deliverable/data/casia_interval_strips_gt/S1045L01.png,True,True,,
/Users/hrishi/Desktop/dev/Milestone1 BSAI/checkpoint_deliverable/data/CASIA-Iris-Interval/045/L/S1045L02.jpg,1045_L,1045,L,train,S1045L02,True,/Users/hrishi/Desktop/dev/Milestone1 BSAI/checkpoint_deliverable/data/casia_interval_strips/S1045L02.png,/Users/hrishi/Desktop/dev/Milestone1 BSAI/checkpoint_deliverable/data/casia_interval_strips_gt/S1045L02.png,True,True,,
/Users/hrishi/Desktop/dev/Milestone1 BSAI/checkpoint_deliverable/data/CASIA-Iris-Interval/045/L/S1045L03.jpg,1045_L,1045,L,train,S1045L03,True,/Users/hrishi/Desktop/dev/Milestone1 BSAI/checkpoint_deliverable/data/casia_interval_strips/S1045L03.png,/Users/hrishi/Desktop/dev/Milestone1 BSAI/checkpoint_deliverable/data/casia_interval_strips_gt/S1045L03.png,True,True,,
/Users/hrishi/Desktop/dev/Milestone1 BSAI/checkpoint_deliverable/data/CASIA-Iris-Interval/087/R/S1087R02.jpg,1087_R,1087,R,train,S1087R02,True,/Users/hrishi/Desktop/dev/Milestone1 BSAI/checkpoint_deliverable/data/casia_interval_strips/S1087R02.png,/Users/hrishi/Desktop/dev/Milestone1 BSAI/checkpoint_deliverable/data/casia_interval_strips_gt/S1087R02.png,True,True,,
/Users/hrishi/Desktop/dev/Milestone1 BSAI/checkpoint_deliverable/data/CASIA-Iris-Interval/087/R/S1087R03.jpg,1087_R,1087,R,train,S1087R03,True,/Users/hrishi/Desktop/dev/Milestone1 BSAI/checkpoint_deliverable/data/casia_interval_strips/S1087R03.png,/Users/hrishi/Desktop/dev/Milestone1 BSAI/checkpoint_deliverable/data/casia_interval_strips_gt/S1087R03.png,True,True,,
/Users/hrishi/Desktop/dev/Milestone1 BSAI/checkpoint_deliverable/data/CASIA-Iris-Interval/087/R/S1087R01.jpg,1087_R,1087,R,train,S1087R01,True,/Users/hrishi/Desktop/dev/Milestone1 BSAI/checkpoint_deliverable/data/casia_interval_strips/S1087R01.png,/Users/hrishi/Desktop/dev/Milestone1 BSAI/checkpoint_deliverable/data/casia_interval_strips_gt/S1087R01.png,True,True,,
/Users/hrishi/Desktop/dev/Milestone1 BSAI/checkpoint_deliverable/data/CASIA-Iris-Interval/087/R/S1087R04.jpg,1087_R,1087,R,train,S1087R04,True,/Users/hrishi/Desktop/dev/Milestone1 BSAI/checkpoint_deliverable/data/casia_interval_strips/S1087R04.png,/Users/hrishi/Desktop/dev/Milestone1 BSAI/checkpoint_deliverable/data/casia_interval_strips_gt/S1087R04.png,True,True,,
/Users/hrishi/Desktop/dev/Milestone1 BSAI/checkpoint_deliverable/data/CASIA-Iris-Interval/087/R/S1087R05.jpg,1087_R,1087,R,train,S1087R05,True,/Users/hrishi/Desktop/dev/Milestone1 BSAI/checkpoint_deliverable/data/casia_interval_strips/S1087R05.png,/Users/hrishi/Desktop/dev/Milestone1 BSAI/checkpoint_deliverable/data/casia_interval_strips_gt/S1087R05.png,True,True,,
/Users/hrishi/Desktop/dev/Milestone1 BSAI/checkpoint_deliverable/data/CASIA-Iris-Interval/087/R/S1087R06.jpg,1087_R,1087,R,train,S1087R06,True,/Users/hrishi/Desktop/dev/Milestone1 BSAI/checkpoint_deliverable/data/casia_interval_strips/S1087R06.png,/Users/hrishi/Desktop/dev/Milestone1 BSAI/checkpoint_deliverable/data/casia_interval_strips_gt/S1087R06.png,True,True,,
/Users/hrishi/Desktop/dev/Milestone1 BSAI/checkpoint_deliverable/data/CASIA-Iris-Interval/087/L/S1087L05.jpg,1087_L,1087,L,train,S1087L05,True,/Users/hrishi/Desktop/dev/Milestone1 BSAI/checkpoint_deliverable/data/casia_interval_strips/S1087L05.png,/Users/hrishi/Desktop/dev/Milestone1 BSAI/checkpoint_deliverable/data/casia_interval_strips_gt/S1087L05.png,True,True,,
/Users/hrishi/Desktop/dev/Milestone1 BSAI/checkpoint_deliverable/data/CASIA-Iris-Interval/087/L/S1087L04.jpg,1087_L,1087,L,train,S1087L04,True,/Users/hrishi/Desktop/dev/Milestone1 BSAI/checkpoint_deliverable/data/casia_interval_strips/S1087L04.png,/Users/hrishi/Desktop/dev/Milestone1 BSAI/checkpoint_deliverable/data/casia_interval_strips_gt/S1087L04.png,True,True,,
/Users/hrishi/Desktop/dev/Milestone1 BSAI/checkpoint_deliverable/data/CASIA-Iris-Interval/087/L/S1087L06.jpg,1087_L,1087,L,train,S1087L06,True,/Users/hrishi/Desktop/dev/Milestone1 BSAI/checkpoint_deliverable/data/casia_interval_strips/S1087L06.png,/Users/hrishi/Desktop/dev/Milestone1 BSAI/checkpoint_deliverable/data/casia_interval_strips_gt/S1087L06.png,True,True,,
/Users/hrishi/Desktop/dev/Milestone1 BSAI/checkpoint_deliverable/data/CASIA-Iris-Interval/087/L/S1087L07.jpg,1087_L,1087,L,train,S1087L07,True,/Users/hrishi/Desktop/dev/Milestone1 BSAI/checkpoint_deliverable/data/casia_interval_strips/S1087L07.png,/Users/hrishi/Desktop/dev/Milestone1 BSAI/checkpoint_deliverable/data/casia_interval_strips_gt/S1087L07.png,True,True,,
/Users/hrishi/Desktop/dev/Milestone1 BSAI/checkpoint_deliverable/data/CASIA-Iris-Interval/087/L/S1087L03.jpg,1087_L,1087,L,train,S1087L03,True,/Users/hrishi/Desktop/dev/Milestone1 BSAI/checkpoint_deliverable/data/casia_interval_strips/S1087L03.png,/Users/hrishi/Desktop/dev/Milestone1 BSAI/checkpoint_deliverable/data/casia_interval_strips_gt/S1087L03.png,True,True,,
/Users/hrishi/Desktop/dev/Milestone1 BSAI/checkpoint_deliverable/data/CASIA-Iris-Interval/087/L/S1087L02.jpg,1087_L,1087,L,train,S1087L02,True,/Users/hrishi/Desktop/dev/Milestone1 BSAI/checkpoint_deliverable/data/casia_interval_strips/S1087L02.png,/Users/hrishi/Desktop/dev/Milestone1 BSAI/checkpoint_deliverable/data/casia_interval_strips_gt/S1087L02.png,True,True,,
/Users/hrishi/Desktop/dev/Milestone1 BSAI/checkpoint_deliverable/data/CASIA-Iris-Interval/087/L/S1087L01.jpg,1087_L,1087,L,train,S1087L01,True,/Users/hrishi/Desktop/dev/Milestone1 BSAI/checkpoint_deliverable/data/casia_interval_strips/S1087L01.png,/Users/hrishi/Desktop/dev/Milestone1 BSAI/checkpoint_deliverable/data/casia_interval_strips_gt/S1087L01.png,True,True,,
/Users/hrishi/Desktop/dev/Milestone1 BSAI/checkpoint_deliverable/data/CASIA-Iris-Interval/073/R/S1073R01.jpg,1073_R,1073,R,train,S1073R01,True,/Users/hrishi/Desktop/dev/Milestone1 BSAI/checkpoint_deliverable/data/casia_interval_strips/S1073R01.png,/Users/hrishi/Desktop/dev/Milestone1 BSAI/checkpoint_deliverable/data/casia_interval_strips_gt/S1073R01.png,True,True,,
/Users/hrishi/Desktop/dev/Milestone1 BSAI/checkpoint_deliverable/data/CASIA-Iris-Interval/073/R/S1073R02.jpg,1073_R,1073,R,train,S1073R02,True,/Users/hrishi/Desktop/dev/Milestone1 BSAI/checkpoint_deliverable/data/casia_interval_strips/S1073R02.png,/Users/hrishi/Desktop/dev/Milestone1 BSAI/checkpoint_deliverable/data/casia_interval_strips_gt/S1073R02.png,True,True,,
/Users/hrishi/Desktop/dev/Milestone1 BSAI/checkpoint_deliverable/data/CASIA-Iris-Interval/073/R/S1073R03.jpg,1073_R,1073,R,train,S1073R03,True,/Users/hrishi/Desktop/dev/Milestone1 BSAI/checkpoint_deliverable/data/casia_interval_strips/S1073R03.png,/Users/hrishi/Desktop/dev/Milestone1 BSAI/checkpoint_deliverable/data/casia_interval_strips_gt/S1073R03.png,True,True,,
/Users/hrishi/Desktop/dev/Milestone1 BSAI/checkpoint_deliverable/data/CASIA-Iris-Interval/073/R/S1073R07.jpg,1073_R,1073,R,train,S1073R07,True,/Users/hrishi/Desktop/dev/Milestone1 BSAI/checkpoint_deliverable/data/casia_interval_strips/S1073R07.png,/Users/hrishi/Desktop/dev/Milestone1 BSAI/checkpoint_deliverable/data/casia_interval_strips_gt/S1073R07.png,True,True,,
/Users/hrishi/Desktop/dev/Milestone1 BSAI/checkpoint_deliverable/data/CASIA-Iris-Interval/073/R/S1073R06.jpg,1073_R,1073,R,train,S1073R06,True,/Users/hrishi/Desktop/dev/Milestone1 BSAI/checkpoint_deliverable/data/casia_interval_strips/S1073R06.png,/Users/hrishi/Desktop/dev/Milestone1 BSAI/checkpoint_deliverable/data/casia_interval_strips_gt/S1073R06.png,True,True,,
/Users/hrishi/Desktop/dev/Milestone1 BSAI/checkpoint_deliverable/data/CASIA-Iris-Interval/073/R/S1073R04.jpg,1073_R,1073,R,train,S1073R04,True,/Users/hrishi/Desktop/dev/Milestone1 BSAI/checkpoint_deliverable/data/casia_interval_strips/S1073R04.png,/Users/hrishi/Desktop/dev/Milestone1 BSAI/checkpoint_deliverable/data/casia_interval_strips_gt/S1073R04.png,True,True,,
/Users/hrishi/Desktop/dev/Milestone1 BSAI/checkpoint_deliverable/data/CASIA-Iris-Interval/073/R/S1073R05.jpg,1073_R,1073,R,train,S1073R05,True,/Users/hrishi/Desktop/dev/Milestone1 BSAI/checkpoint_deliverable/data/casia_interval_strips/S1073R05.png,/Users/hrishi/Desktop/dev/Milestone1 BSAI/checkpoint_deliverable/data/casia_interval_strips_gt/S1073R05.png,True,True,,
/Users/hrishi/Desktop/dev/Milestone1 BSAI/checkpoint_deliverable/data/CASIA-Iris-Interval/073/L/S1073L06.jpg,1073_L,1073,L,val,S1073L06,True,/Users/hrishi/Desktop/dev/Milestone1 BSAI/checkpoint_deliverable/data/casia_interval_strips/S1073L06.png,/Users/hrishi/Desktop/dev/Milestone1 BSAI/checkpoint_deliverable/data/casia_interval_strips_gt/S1073L06.png,True,True,,
/Users/hrishi/Desktop/dev/Milestone1 BSAI/checkpoint_deliverable/data/CASIA-Iris-Interval/073/L/S1073L07.jpg,1073_L,1073,L,val,S1073L07,True,/Users/hrishi/Desktop/dev/Milestone1 BSAI/checkpoint_deliverable/data/casia_interval_strips/S1073L07.png,/Users/hrishi/Desktop/dev/Milestone1 BSAI/checkpoint_deliverable/data/casia_interval_strips_gt/S1073L07.png,True,True,,
/Users/hrishi/Desktop/dev/Milestone1 BSAI/checkpoint_deliverable/data/CASIA-Iris-Interval/073/L/S1073L05.jpg,1073_L,1073,L,val,S1073L05,True,/Users/hrishi/Desktop/dev/Milestone1 BSAI/checkpoint_deliverable/data/casia_interval_strips/S1073L05.png,/Users/hrishi/Desktop/dev/Milestone1 BSAI/checkpoint_deliverable/data/casia_interval_strips_gt/S1073L05.png,True,True,,
/Users/hrishi/Desktop/dev/Milestone1 BSAI/checkpoint_deliverable/data/CASIA-Iris-Interval/073/L/S1073L04.jpg,1073_L,1073,L,val,S1073L04,True,/Users/hrishi/Desktop/dev/Milestone1 BSAI/checkpoint_deliverable/data/casia_interval_strips/S1073L04.png,/Users/hrishi/Desktop/dev/Milestone1 BSAI/checkpoint_deliverable/data/casia_interval_strips_gt/S1073L04.png,True,True,,
/Users/hrishi/Desktop/dev/Milestone1 BSAI/checkpoint_deliverable/data/CASIA-Iris-Interval/073/L/S1073L01.jpg,1073_L,1073,L,val,S1073L01,True,/Users/hrishi/Desktop/dev/Milestone1 BSAI/checkpoint_deliverable/data/casia_interval_strips/S1073L01.png,/Users/hrishi/Desktop/dev/Milestone1 BSAI/checkpoint_deliverable/data/casia_interval_strips_gt/S1073L01.png,True,True,,
/Users/hrishi/Desktop/dev/Milestone1 BSAI/checkpoint_deliverable/data/CASIA-Iris-Interval/073/L/S1073L03.jpg,1073_L,1073,L,val,S1073L03,True,/Users/hrishi/Desktop/dev/Milestone1 BSAI/checkpoint_deliverable/data/casia_interval_strips/S1073L03.png,/Users/hrishi/Desktop/dev/Milestone1 BSAI/checkpoint_deliverable/data/casia_interval_strips_gt/S1073L03.png,True,True,,
/Users/hrishi/Desktop/dev/Milestone1 BSAI/checkpoint_deliverable/data/CASIA-Iris-Interval/073/L/S1073L02.jpg,1073_L,1073,L,val,S1073L02,True,/Users/hrishi/Desktop/dev/Milestone1 BSAI/checkpoint_deliverable/data/casia_interval_strips/S1073L02.png,/Users/hrishi/Desktop/dev/Milestone1 BSAI/checkpoint_deliverable/data/casia_interval_strips_gt/S1073L02.png,True,True,,
/Users/hrishi/Desktop/dev/Milestone1 BSAI/checkpoint_deliverable/data/CASIA-Iris-Interval/241/R/S1241R02.jpg,1241_R,1241,R,train,S1241R02,True,/Users/hrishi/Desktop/dev/Milestone1 BSAI/checkpoint_deliverable/data/casia_interval_strips/S1241R02.png,/Users/hrishi/Desktop/dev/Milestone1 BSAI/checkpoint_deliverable/data/casia_interval_strips_gt/S1241R02.png,True,True,,
/Users/hrishi/Desktop/dev/Milestone1 BSAI/checkpoint_deliverable/data/CASIA-Iris-Interval/241/R/S1241R03.jpg,1241_R,1241,R,train,S1241R03,True,/Users/hrishi/Desktop/dev/Milestone1 BSAI/checkpoint_deliverable/data/casia_interval_strips/S1241R03.png,/Users/hrishi/Desktop/dev/Milestone1 BSAI/checkpoint_deliverable/data/casia_interval_strips_gt/S1241R03.png,True,True,,
/Users/hrishi/Desktop/dev/Milestone1 BSAI/checkpoint_deliverable/data/CASIA-Iris-Interval/241/R/S1241R01.jpg,1241_R,1241,R,train,S1241R01,True,/Users/hrishi/Desktop/dev/Milestone1 BSAI/checkpoint_deliverable/data/casia_interval_strips/S1241R01.png,/Users/hrishi/Desktop/dev/Milestone1 BSAI/checkpoint_deliverable/data/casia_interval_strips_gt/S1241R01.png,True,True,,
/Users/hrishi/Desktop/dev/Milestone1 BSAI/checkpoint_deliverable/data/CASIA-Iris-Interval/246/R/S1246R02.jpg,1246_R,1246,R,train,S1246R02,True,/Users/hrishi/Desktop/dev/Milestone1 BSAI/checkpoint_deliverable/data/casia_interval_strips/S1246R02.png,/Users/hrishi/Desktop/dev/Milestone1 BSAI/checkpoint_deliverable/data/casia_interval_strips_gt/S1246R02.png,True,True,,
/Users/hrishi/Desktop/dev/Milestone1 BSAI/checkpoint_deliverable/data/CASIA-Iris-Interval/246/R/S1246R03.jpg,1246_R,1246,R,train,S1246R03,True,/Users/hrishi/Desktop/dev/Milestone1 BSAI/checkpoint_deliverable/data/casia_interval_strips/S1246R03.png,/Users/hrishi/Desktop/dev/Milestone1 BSAI/checkpoint_deliverable/data/casia_interval_strips_gt/S1246R03.png,True,True,,
/Users/hrishi/Desktop/dev/Milestone1 BSAI/checkpoint_deliverable/data/CASIA-Iris-Interval/246/R/S1246R01.jpg,1246_R,1246,R,train,S1246R01,True,/Users/hrishi/Desktop/dev/Milestone1 BSAI/checkpoint_deliverable/data/casia_interval_strips/S1246R01.png,/Users/hrishi/Desktop/dev/Milestone1 BSAI/checkpoint_deliverable/data/casia_interval_strips_gt/S1246R01.png,True,True,,
/Users/hrishi/Desktop/dev/Milestone1 BSAI/checkpoint_deliverable/data/CASIA-Iris-Interval/074/R/S1074R01.jpg,1074_R,1074,R,train,S1074R01,True,/Users/hrishi/Desktop/dev/Milestone1 BSAI/checkpoint_deliverable/data/casia_interval_strips/S1074R01.png,/Users/hrishi/Desktop/dev/Milestone1 BSAI/checkpoint_deliverable/data/casia_interval_strips_gt/S1074R01.png,True,True,,
/Users/hrishi/Desktop/dev/Milestone1 BSAI/checkpoint_deliverable/data/CASIA-Iris-Interval/074/R/S1074R02.jpg,1074_R,1074,R,train,S1074R02,True,/Users/hrishi/Desktop/dev/Milestone1 BSAI/checkpoint_deliverable/data/casia_interval_strips/S1074R02.png,/Users/hrishi/Desktop/dev/Milestone1 BSAI/checkpoint_deliverable/data/casia_interval_strips_gt/S1074R02.png,True,True,,
/Users/hrishi/Desktop/dev/Milestone1 BSAI/checkpoint_deliverable/data/CASIA-Iris-Interval/074/R/S1074R03.jpg,1074_R,1074,R,train,S1074R03,True,/Users/hrishi/Desktop/dev/Milestone1 BSAI/checkpoint_deliverable/data/casia_interval_strips/S1074R03.png,/Users/hrishi/Desktop/dev/Milestone1 BSAI/checkpoint_deliverable/data/casia_interval_strips_gt/S1074R03.png,True,True,,
/Users/hrishi/Desktop/dev/Milestone1 BSAI/checkpoint_deliverable/data/CASIA-Iris-Interval/074/R/S1074R07.jpg,1074_R,1074,R,train,S1074R07,True,/Users/hrishi/Desktop/dev/Milestone1 BSAI/checkpoint_deliverable/data/casia_interval_strips/S1074R07.png,/Users/hrishi/Desktop/dev/Milestone1 BSAI/checkpoint_deliverable/data/casia_interval_strips_gt/S1074R07.png,True,True,,
/Users/hrishi/Desktop/dev/Milestone1 BSAI/checkpoint_deliverable/data/CASIA-Iris-Interval/074/R/S1074R06.jpg,1074_R,1074,R,train,S1074R06,True,/Users/hrishi/Desktop/dev/Milestone1 BSAI/checkpoint_deliverable/data/casia_interval_strips/S1074R06.png,/Users/hrishi/Desktop/dev/Milestone1 BSAI/checkpoint_deliverable/data/casia_interval_strips_gt/S1074R06.png,True,True,,
/Users/hrishi/Desktop/dev/Milestone1 BSAI/checkpoint_deliverable/data/CASIA-Iris-Interval/074/R/S1074R04.jpg,1074_R,1074,R,train,S1074R04,True,/Users/hrishi/Desktop/dev/Milestone1 BSAI/checkpoint_deliverable/data/casia_interval_strips/S1074R04.png,/Users/hrishi/Desktop/dev/Milestone1 BSAI/checkpoint_deliverable/data/casia_interval_strips_gt/S1074R04.png,True,True,,
/Users/hrishi/Desktop/dev/Milestone1 BSAI/checkpoint_deliverable/data/CASIA-Iris-Interval/074/R/S1074R05.jpg,1074_R,1074,R,train,S1074R05,True,/Users/hrishi/Desktop/dev/Milestone1 BSAI/checkpoint_deliverable/data/casia_interval_strips/S1074R05.png,/Users/hrishi/Desktop/dev/Milestone1 BSAI/checkpoint_deliverable/data/casia_interval_strips_gt/S1074R05.png,True,True,,
/Users/hrishi/Desktop/dev/Milestone1 BSAI/checkpoint_deliverable/data/CASIA-Iris-Interval/074/L/S1074L06.jpg,1074_L,1074,L,test,S1074L06,True,/Users/hrishi/Desktop/dev/Milestone1 BSAI/checkpoint_deliverable/data/casia_interval_strips/S1074L06.png,/Users/hrishi/Desktop/dev/Milestone1 BSAI/checkpoint_deliverable/data/casia_interval_strips_gt/S1074L06.png,True,True,,
/Users/hrishi/Desktop/dev/Milestone1 BSAI/checkpoint_deliverable/data/CASIA-Iris-Interval/074/L/S1074L07.jpg,1074_L,1074,L,test,S1074L07,True,/Users/hrishi/Desktop/dev/Milestone1 BSAI/checkpoint_deliverable/data/casia_interval_strips/S1074L07.png,/Users/hrishi/Desktop/dev/Milestone1 BSAI/checkpoint_deliverable/data/casia_interval_strips_gt/S1074L07.png,True,True,,
/Users/hrishi/Desktop/dev/Milestone1 BSAI/checkpoint_deliverable/data/CASIA-Iris-Interval/074/L/S1074L05.jpg,1074_L,1074,L,test,S1074L05,True,/Users/hrishi/Desktop/dev/Milestone1 BSAI/checkpoint_deliverable/data/casia_interval_strips/S1074L05.png,/Users/hrishi/Desktop/dev/Milestone1 BSAI/checkpoint_deliverable/data/casia_interval_strips_gt/S1074L05.png,True,True,,
/Users/hrishi/Desktop/dev/Milestone1 BSAI/checkpoint_deliverable/data/CASIA-Iris-Interval/074/L/S1074L04.jpg,1074_L,1074,L,test,S1074L04,True,/Users/hrishi/Desktop/dev/Milestone1 BSAI/checkpoint_deliverable/data/casia_interval_strips/S1074L04.png,/Users/hrishi/Desktop/dev/Milestone1 BSAI/checkpoint_deliverable/data/casia_interval_strips_gt/S1074L04.png,True,True,,
/Users/hrishi/Desktop/dev/Milestone1 BSAI/checkpoint_deliverable/data/CASIA-Iris-Interval/074/L/S1074L01.jpg,1074_L,1074,L,test,S1074L01,True,/Users/hrishi/Desktop/dev/Milestone1 BSAI/checkpoint_deliverable/data/casia_interval_strips/S1074L01.png,/Users/hrishi/Desktop/dev/Milestone1 BSAI/checkpoint_deliverable/data/casia_interval_strips_gt/S1074L01.png,True,True,,
/Users/hrishi/Desktop/dev/Milestone1 BSAI/checkpoint_deliverable/data/CASIA-Iris-Interval/074/L/S1074L03.jpg,1074_L,1074,L,test,S1074L03,True,/Users/hrishi/Desktop/dev/Milestone1 BSAI/checkpoint_deliverable/data/casia_interval_strips/S1074L03.png,/Users/hrishi/Desktop/dev/Milestone1 BSAI/checkpoint_deliverable/data/casia_interval_strips_gt/S1074L03.png,True,True,,
/Users/hrishi/Desktop/dev/Milestone1 BSAI/checkpoint_deliverable/data/CASIA-Iris-Interval/074/L/S1074L02.jpg,1074_L,1074,L,test,S1074L02,True,/Users/hrishi/Desktop/dev/Milestone1 BSAI/checkpoint_deliverable/data/casia_interval_strips/S1074L02.png,/Users/hrishi/Desktop/dev/Milestone1 BSAI/checkpoint_deliverable/data/casia_interval_strips_gt/S1074L02.png,True,True,,
/Users/hrishi/Desktop/dev/Milestone1 BSAI/checkpoint_deliverable/data/CASIA-Iris-Interval/080/R/S1080R02.jpg,1080_R,1080,R,val,S1080R02,True,/Users/hrishi/Desktop/dev/Milestone1 BSAI/checkpoint_deliverable/data/casia_interval_strips/S1080R02.png,/Users/hrishi/Desktop/dev/Milestone1 BSAI/checkpoint_deliverable/data/casia_interval_strips_gt/S1080R02.png,True,True,,
/Users/hrishi/Desktop/dev/Milestone1 BSAI/checkpoint_deliverable/data/CASIA-Iris-Interval/080/R/S1080R03.jpg,1080_R,1080,R,val,S1080R03,True,/Users/hrishi/Desktop/dev/Milestone1 BSAI/checkpoint_deliverable/data/casia_interval_strips/S1080R03.png,/Users/hrishi/Desktop/dev/Milestone1 BSAI/checkpoint_deliverable/data/casia_interval_strips_gt/S1080R03.png,True,True,,
/Users/hrishi/Desktop/dev/Milestone1 BSAI/checkpoint_deliverable/data/CASIA-Iris-Interval/080/R/S1080R01.jpg,1080_R,1080,R,val,S1080R01,True,/Users/hrishi/Desktop/dev/Milestone1 BSAI/checkpoint_deliverable/data/casia_interval_strips/S1080R01.png,/Users/hrishi/Desktop/dev/Milestone1 BSAI/checkpoint_deliverable/data/casia_interval_strips_gt/S1080R01.png,True,True,,
/Users/hrishi/Desktop/dev/Milestone1 BSAI/checkpoint_deliverable/data/CASIA-Iris-Interval/080/R/S1080R04.jpg,1080_R,1080,R,val,S1080R04,True,/Users/hrishi/Desktop/dev/Milestone1 BSAI/checkpoint_deliverable/data/casia_interval_strips/S1080R04.png,/Users/hrishi/Desktop/dev/Milestone1 BSAI/checkpoint_deliverable/data/casia_interval_strips_gt/S1080R04.png,True,True,,
/Users/hrishi/Desktop/dev/Milestone1 BSAI/checkpoint_deliverable/data/CASIA-Iris-Interval/080/R/S1080R05.jpg,1080_R,1080,R,val,S1080R05,True,/Users/hrishi/Desktop/dev/Milestone1 BSAI/checkpoint_deliverable/data/casia_interval_strips/S1080R05.png,/Users/hrishi/Desktop/dev/Milestone1 BSAI/checkpoint_deliverable/data/casia_interval_strips_gt/S1080R05.png,True,True,,
/Users/hrishi/Desktop/dev/Milestone1 BSAI/checkpoint_deliverable/data/CASIA-Iris-Interval/080/L/S1080L05.jpg,1080_L,1080,L,val,S1080L05,True,/Users/hrishi/Desktop/dev/Milestone1 BSAI/checkpoint_deliverable/data/casia_interval_strips/S1080L05.png,/Users/hrishi/Desktop/dev/Milestone1 BSAI/checkpoint_deliverable/data/casia_interval_strips_gt/S1080L05.png,True,True,,
/Users/hrishi/Desktop/dev/Milestone1 BSAI/checkpoint_deliverable/data/CASIA-Iris-Interval/080/L/S1080L04.jpg,1080_L,1080,L,val,S1080L04,True,/Users/hrishi/Desktop/dev/Milestone1 BSAI/checkpoint_deliverable/data/casia_interval_strips/S1080L04.png,/Users/hrishi/Desktop/dev/Milestone1 BSAI/checkpoint_deliverable/data/casia_interval_strips_gt/S1080L04.png,True,True,,
/Users/hrishi/Desktop/dev/Milestone1 BSAI/checkpoint_deliverable/data/CASIA-Iris-Interval/080/L/S1080L06.jpg,1080_L,1080,L,val,S1080L06,True,/Users/hrishi/Desktop/dev/Milestone1 BSAI/checkpoint_deliverable/data/casia_interval_strips/S1080L06.png,/Users/hrishi/Desktop/dev/Milestone1 BSAI/checkpoint_deliverable/data/casia_interval_strips_gt/S1080L06.png,True,True,,
/Users/hrishi/Desktop/dev/Milestone1 BSAI/checkpoint_deliverable/data/CASIA-Iris-Interval/080/L/S1080L07.jpg,1080_L,1080,L,val,S1080L07,True,/Users/hrishi/Desktop/dev/Milestone1 BSAI/checkpoint_deliverable/data/casia_interval_strips/S1080L07.png,/Users/hrishi/Desktop/dev/Milestone1 BSAI/checkpoint_deliverable/data/casia_interval_strips_gt/S1080L07.png,True,True,,
/Users/hrishi/Desktop/dev/Milestone1 BSAI/checkpoint_deliverable/data/CASIA-Iris-Interval/080/L/S1080L03.jpg,1080_L,1080,L,val,S1080L03,True,/Users/hrishi/Desktop/dev/Milestone1 BSAI/checkpoint_deliverable/data/casia_interval_strips/S1080L03.png,/Users/hrishi/Desktop/dev/Milestone1 BSAI/checkpoint_deliverable/data/casia_interval_strips_gt/S1080L03.png,True,True,,
/Users/hrishi/Desktop/dev/Milestone1 BSAI/checkpoint_deliverable/data/CASIA-Iris-Interval/080/L/S1080L02.jpg,1080_L,1080,L,val,S1080L02,True,/Users/hrishi/Desktop/dev/Milestone1 BSAI/checkpoint_deliverable/data/casia_interval_strips/S1080L02.png,/Users/hrishi/Desktop/dev/Milestone1 BSAI/checkpoint_deliverable/data/casia_interval_strips_gt/S1080L02.png,True,True,,
/Users/hrishi/Desktop/dev/Milestone1 BSAI/checkpoint_deliverable/data/CASIA-Iris-Interval/080/L/S1080L01.jpg,1080_L,1080,L,val,S1080L01,True,/Users/hrishi/Desktop/dev/Milestone1 BSAI/checkpoint_deliverable/data/casia_interval_strips/S1080L01.png,/Users/hrishi/Desktop/dev/Milestone1 BSAI/checkpoint_deliverable/data/casia_interval_strips_gt/S1080L01.png,True,True,,
/Users/hrishi/Desktop/dev/Milestone1 BSAI/checkpoint_deliverable/data/CASIA-Iris-Interval/020/R/S1020R02.jpg,1020_R,1020,R,train,S1020R02,True,/Users/hrishi/Desktop/dev/Milestone1 BSAI/checkpoint_deliverable/data/casia_interval_strips/S1020R02.png,/Users/hrishi/Desktop/dev/Milestone1 BSAI/checkpoint_deliverable/data/casia_interval_strips_gt/S1020R02.png,True,True,,
/Users/hrishi/Desktop/dev/Milestone1 BSAI/checkpoint_deliverable/data/CASIA-Iris-Interval/020/R/S1020R03.jpg,1020_R,1020,R,train,S1020R03,True,/Users/hrishi/Desktop/dev/Milestone1 BSAI/checkpoint_deliverable/data/casia_interval_strips/S1020R03.png,/Users/hrishi/Desktop/dev/Milestone1 BSAI/checkpoint_deliverable/data/casia_interval_strips_gt/S1020R03.png,True,True,,
/Users/hrishi/Desktop/dev/Milestone1 BSAI/checkpoint_deliverable/data/CASIA-Iris-Interval/020/R/S1020R01.jpg,1020_R,1020,R,train,S1020R01,True,/Users/hrishi/Desktop/dev/Milestone1 BSAI/checkpoint_deliverable/data/casia_interval_strips/S1020R01.png,/Users/hrishi/Desktop/dev/Milestone1 BSAI/checkpoint_deliverable/data/casia_interval_strips_gt/S1020R01.png,True,True,,
/Users/hrishi/Desktop/dev/Milestone1 BSAI/checkpoint_deliverable/data/CASIA-Iris-Interval/020/R/S1020R04.jpg,1020_R,1020,R,train,S1020R04,True,/Users/hrishi/Desktop/dev/Milestone1 BSAI/checkpoint_deliverable/data/casia_interval_strips/S1020R04.png,/Users/hrishi/Desktop/dev/Milestone1 BSAI/checkpoint_deliverable/data/casia_interval_strips_gt/S1020R04.png,True,True,,
/Users/hrishi/Desktop/dev/Milestone1 BSAI/checkpoint_deliverable/data/CASIA-Iris-Interval/020/R/S1020R05.jpg,1020_R,1020,R,train,S1020R05,True,/Users/hrishi/Desktop/dev/Milestone1 BSAI/checkpoint_deliverable/data/casia_interval_strips/S1020R05.png,/Users/hrishi/Desktop/dev/Milestone1 BSAI/checkpoint_deliverable/data/casia_interval_strips_gt/S1020R05.png,True,True,,
/Users/hrishi/Desktop/dev/Milestone1 BSAI/checkpoint_deliverable/data/CASIA-Iris-Interval/020/L/S1020L01.jpg,1020_L,1020,L,train,S1020L01,True,/Users/hrishi/Desktop/dev/Milestone1 BSAI/checkpoint_deliverable/data/casia_interval_strips/S1020L01.png,/Users/hrishi/Desktop/dev/Milestone1 BSAI/checkpoint_deliverable/data/casia_interval_strips_gt/S1020L01.png,True,True,,
/Users/hrishi/Desktop/dev/Milestone1 BSAI/checkpoint_deliverable/data/CASIA-Iris-Interval/212/R/S1212R01.jpg,1212_R,1212,R,test,S1212R01,True,/Users/hrishi/Desktop/dev/Milestone1 BSAI/checkpoint_deliverable/data/casia_interval_strips/S1212R01.png,/Users/hrishi/Desktop/dev/Milestone1 BSAI/checkpoint_deliverable/data/casia_interval_strips_gt/S1212R01.png,True,True,,
/Users/hrishi/Desktop/dev/Milestone1 BSAI/checkpoint_deliverable/data/CASIA-Iris-Interval/212/L/S1212L06.jpg,1212_L,1212,L,val,S1212L06,True,/Users/hrishi/Desktop/dev/Milestone1 BSAI/checkpoint_deliverable/data/casia_interval_strips/S1212L06.png,/Users/hrishi/Desktop/dev/Milestone1 BSAI/checkpoint_deliverable/data/casia_interval_strips_gt/S1212L06.png,True,True,,
/Users/hrishi/Desktop/dev/Milestone1 BSAI/checkpoint_deliverable/data/CASIA-Iris-Interval/212/L/S1212L07.jpg,1212_L,1212,L,val,S1212L07,True,/Users/hrishi/Desktop/dev/Milestone1 BSAI/checkpoint_deliverable/data/casia_interval_strips/S1212L07.png,/Users/hrishi/Desktop/dev/Milestone1 BSAI/checkpoint_deliverable/data/casia_interval_strips_gt/S1212L07.png,True,True,,
/Users/hrishi/Desktop/dev/Milestone1 BSAI/checkpoint_deliverable/data/CASIA-Iris-Interval/212/L/S1212L05.jpg,1212_L,1212,L,val,S1212L05,True,/Users/hrishi/Desktop/dev/Milestone1 BSAI/checkpoint_deliverable/data/casia_interval_strips/S1212L05.png,/Users/hrishi/Desktop/dev/Milestone1 BSAI/checkpoint_deliverable/data/casia_interval_strips_gt/S1212L05.png,True,True,,
/Users/hrishi/Desktop/dev/Milestone1 BSAI/checkpoint_deliverable/data/CASIA-Iris-Interval/212/L/S1212L04.jpg,1212_L,1212,L,val,S1212L04,True,/Users/hrishi/Desktop/dev/Milestone1 BSAI/checkpoint_deliverable/data/casia_interval_strips/S1212L04.png,/Users/hrishi/Desktop/dev/Milestone1 BSAI/checkpoint_deliverable/data/casia_interval_strips_gt/S1212L04.png,True,True,,
/Users/hrishi/Desktop/dev/Milestone1 BSAI/checkpoint_deliverable/data/CASIA-Iris-Interval/212/L/S1212L01.jpg,1212_L,1212,L,val,S1212L01,True,/Users/hrishi/Desktop/dev/Milestone1 BSAI/checkpoint_deliverable/data/casia_interval_strips/S1212L01.png,/Users/hrishi/Desktop/dev/Milestone1 BSAI/checkpoint_deliverable/data/casia_interval_strips_gt/S1212L01.png,True,True,,
/Users/hrishi/Desktop/dev/Milestone1 BSAI/checkpoint_deliverable/data/CASIA-Iris-Interval/212/L/S1212L03.jpg,1212_L,1212,L,val,S1212L03,True,/Users/hrishi/Desktop/dev/Milestone1 BSAI/checkpoint_deliverable/data/casia_interval_strips/S1212L03.png,/Users/hrishi/Desktop/dev/Milestone1 BSAI/checkpoint_deliverable/data/casia_interval_strips_gt/S1212L03.png,True,True,,
/Users/hrishi/Desktop/dev/Milestone1 BSAI/checkpoint_deliverable/data/CASIA-Iris-Interval/212/L/S1212L02.jpg,1212_L,1212,L,val,S1212L02,True,/Users/hrishi/Desktop/dev/Milestone1 BSAI/checkpoint_deliverable/data/casia_interval_strips/S1212L02.png,/Users/hrishi/Desktop/dev/Milestone1 BSAI/checkpoint_deliverable/data/casia_interval_strips_gt/S1212L02.png,True,True,,
/Users/hrishi/Desktop/dev/Milestone1 BSAI/checkpoint_deliverable/data/CASIA-Iris-Interval/212/L/S1212L08.jpg,1212_L,1212,L,val,S1212L08,True,/Users/hrishi/Desktop/dev/Milestone1 BSAI/checkpoint_deliverable/data/casia_interval_strips/S1212L08.png,/Users/hrishi/Desktop/dev/Milestone1 BSAI/checkpoint_deliverable/data/casia_interval_strips_gt/S1212L08.png,True,True,,
/Users/hrishi/Desktop/dev/Milestone1 BSAI/checkpoint_deliverable/data/CASIA-Iris-Interval/215/L/S1215L06.jpg,1215_L,1215,L,train,S1215L06,True,/Users/hrishi/Desktop/dev/Milestone1 BSAI/checkpoint_deliverable/data/casia_interval_strips/S1215L06.png,/Users/hrishi/Desktop/dev/Milestone1 BSAI/checkpoint_deliverable/data/casia_interval_strips_gt/S1215L06.png,True,True,,
/Users/hrishi/Desktop/dev/Milestone1 BSAI/checkpoint_deliverable/data/CASIA-Iris-Interval/215/L/S1215L05.jpg,1215_L,1215,L,train,S1215L05,True,/Users/hrishi/Desktop/dev/Milestone1 BSAI/checkpoint_deliverable/data/casia_interval_strips/S1215L05.png,/Users/hrishi/Desktop/dev/Milestone1 BSAI/checkpoint_deliverable/data/casia_interval_strips_gt/S1215L05.png,True,True,,
/Users/hrishi/Desktop/dev/Milestone1 BSAI/checkpoint_deliverable/data/CASIA-Iris-Interval/215/L/S1215L04.jpg,1215_L,1215,L,train,S1215L04,True,/Users/hrishi/Desktop/dev/Milestone1 BSAI/checkpoint_deliverable/data/casia_interval_strips/S1215L04.png,/Users/hrishi/Desktop/dev/Milestone1 BSAI/checkpoint_deliverable/data/casia_interval_strips_gt/S1215L04.png,True,True,,
/Users/hrishi/Desktop/dev/Milestone1 BSAI/checkpoint_deliverable/data/CASIA-Iris-Interval/215/L/S1215L01.jpg,1215_L,1215,L,train,S1215L01,True,/Users/hrishi/Desktop/dev/Milestone1 BSAI/checkpoint_deliverable/data/casia_interval_strips/S1215L01.png,/Users/hrishi/Desktop/dev/Milestone1 BSAI/checkpoint_deliverable/data/casia_interval_strips_gt/S1215L01.png,True,True,,
/Users/hrishi/Desktop/dev/Milestone1 BSAI/checkpoint_deliverable/data/CASIA-Iris-Interval/215/L/S1215L03.jpg,1215_L,1215,L,train,S1215L03,True,/Users/hrishi/Desktop/dev/Milestone1 BSAI/checkpoint_deliverable/data/casia_interval_strips/S1215L03.png,/Users/hrishi/Desktop/dev/Milestone1 BSAI/checkpoint_deliverable/data/casia_interval_strips_gt/S1215L03.png,True,True,,
/Users/hrishi/Desktop/dev/Milestone1 BSAI/checkpoint_deliverable/data/CASIA-Iris-Interval/215/L/S1215L02.jpg,1215_L,1215,L,train,S1215L02,True,/Users/hrishi/Desktop/dev/Milestone1 BSAI/checkpoint_deliverable/data/casia_interval_strips/S1215L02.png,/Users/hrishi/Desktop/dev/Milestone1 BSAI/checkpoint_deliverable/data/casia_interval_strips_gt/S1215L02.png,True,True,,
/Users/hrishi/Desktop/dev/Milestone1 BSAI/checkpoint_deliverable/data/CASIA-Iris-Interval/027/L/S1027L05.jpg,1027_L,1027,L,test,S1027L05,True,/Users/hrishi/Desktop/dev/Milestone1 BSAI/checkpoint_deliverable/data/casia_interval_strips/S1027L05.png,/Users/hrishi/Desktop/dev/Milestone1 BSAI/checkpoint_deliverable/data/casia_interval_strips_gt/S1027L05.png,True,True,,
/Users/hrishi/Desktop/dev/Milestone1 BSAI/checkpoint_deliverable/data/CASIA-Iris-Interval/027/L/S1027L04.jpg,1027_L,1027,L,test,S1027L04,True,/Users/hrishi/Desktop/dev/Milestone1 BSAI/checkpoint_deliverable/data/casia_interval_strips/S1027L04.png,/Users/hrishi/Desktop/dev/Milestone1 BSAI/checkpoint_deliverable/data/casia_interval_strips_gt/S1027L04.png,True,True,,
/Users/hrishi/Desktop/dev/Milestone1 BSAI/checkpoint_deliverable/data/CASIA-Iris-Interval/027/L/S1027L03.jpg,1027_L,1027,L,test,S1027L03,True,/Users/hrishi/Desktop/dev/Milestone1 BSAI/checkpoint_deliverable/data/casia_interval_strips/S1027L03.png,/Users/hrishi/Desktop/dev/Milestone1 BSAI/checkpoint_deliverable/data/casia_interval_strips_gt/S1027L03.png,True,True,,
/Users/hrishi/Desktop/dev/Milestone1 BSAI/checkpoint_deliverable/data/CASIA-Iris-Interval/027/L/S1027L02.jpg,1027_L,1027,L,test,S1027L02,True,/Users/hrishi/Desktop/dev/Milestone1 BSAI/checkpoint_deliverable/data/casia_interval_strips/S1027L02.png,/Users/hrishi/Desktop/dev/Milestone1 BSAI/checkpoint_deliverable/data/casia_interval_strips_gt/S1027L02.png,True,True,,
/Users/hrishi/Desktop/dev/Milestone1 BSAI/checkpoint_deliverable/data/CASIA-Iris-Interval/027/L/S1027L01.jpg,1027_L,1027,L,test,S1027L01,True,/Users/hrishi/Desktop/dev/Milestone1 BSAI/checkpoint_deliverable/data/casia_interval_strips/S1027L01.png,/Users/hrishi/Desktop/dev/Milestone1 BSAI/checkpoint_deliverable/data/casia_interval_strips_gt/S1027L01.png,True,True,,
/Users/hrishi/Desktop/dev/Milestone1 BSAI/checkpoint_deliverable/data/CASIA-Iris-Interval/018/R/S1018R01.jpg,1018_R,1018,R,train,S1018R01,True,/Users/hrishi/Desktop/dev/Milestone1 BSAI/checkpoint_deliverable/data/casia_interval_strips/S1018R01.png,/Users/hrishi/Desktop/dev/Milestone1 BSAI/checkpoint_deliverable/data/casia_interval_strips_gt/S1018R01.png,True,True,,
/Users/hrishi/Desktop/dev/Milestone1 BSAI/checkpoint_deliverable/data/CASIA-Iris-Interval/018/R/S1018R03.jpg,1018_R,1018,R,train,S1018R03,True,/Users/hrishi/Desktop/dev/Milestone1 BSAI/checkpoint_deliverable/data/casia_interval_strips/S1018R03.png,/Users/hrishi/Desktop/dev/Milestone1 BSAI/checkpoint_deliverable/data/casia_interval_strips_gt/S1018R03.png,True,True,,
/Users/hrishi/Desktop/dev/Milestone1 BSAI/checkpoint_deliverable/data/CASIA-Iris-Interval/018/R/S1018R02.jpg,1018_R,1018,R,train,S1018R02,True,/Users/hrishi/Desktop/dev/Milestone1 BSAI/checkpoint_deliverable/data/casia_interval_strips/S1018R02.png,/Users/hrishi/Desktop/dev/Milestone1 BSAI/checkpoint_deliverable/data/casia_interval_strips_gt/S1018R02.png,True,True,,
/Users/hrishi/Desktop/dev/Milestone1 BSAI/checkpoint_deliverable/data/CASIA-Iris-Interval/223/R/S1223R01.jpg,1223_R,1223,R,train,S1223R01,True,/Users/hrishi/Desktop/dev/Milestone1 BSAI/checkpoint_deliverable/data/casia_interval_strips/S1223R01.png,/Users/hrishi/Desktop/dev/Milestone1 BSAI/checkpoint_deliverable/data/casia_interval_strips_gt/S1223R01.png,True,True,,
/Users/hrishi/Desktop/dev/Milestone1 BSAI/checkpoint_deliverable/data/CASIA-Iris-Interval/223/R/S1223R03.jpg,1223_R,1223,R,train,S1223R03,True,/Users/hrishi/Desktop/dev/Milestone1 BSAI/checkpoint_deliverable/data/casia_interval_strips/S1223R03.png,/Users/hrishi/Desktop/dev/Milestone1 BSAI/checkpoint_deliverable/data/casia_interval_strips_gt/S1223R03.png,True,True,,
/Users/hrishi/Desktop/dev/Milestone1 BSAI/checkpoint_deliverable/data/CASIA-Iris-Interval/223/R/S1223R02.jpg,1223_R,1223,R,train,S1223R02,True,/Users/hrishi/Desktop/dev/Milestone1 BSAI/checkpoint_deliverable/data/casia_interval_strips/S1223R02.png,/Users/hrishi/Desktop/dev/Milestone1 BSAI/checkpoint_deliverable/data/casia_interval_strips_gt/S1223R02.png,True,True,,
/Users/hrishi/Desktop/dev/Milestone1 BSAI/checkpoint_deliverable/data/CASIA-Iris-Interval/011/R/S1011R03.jpg,1011_R,1011,R,val,S1011R03,True,/Users/hrishi/Desktop/dev/Milestone1 BSAI/checkpoint_deliverable/data/casia_interval_strips/S1011R03.png,/Users/hrishi/Desktop/dev/Milestone1 BSAI/checkpoint_deliverable/data/casia_interval_strips_gt/S1011R03.png,True,True,,
/Users/hrishi/Desktop/dev/Milestone1 BSAI/checkpoint_deliverable/data/CASIA-Iris-Interval/011/R/S1011R02.jpg,1011_R,1011,R,val,S1011R02,True,/Users/hrishi/Desktop/dev/Milestone1 BSAI/checkpoint_deliverable/data/casia_interval_strips/S1011R02.png,/Users/hrishi/Desktop/dev/Milestone1 BSAI/checkpoint_deliverable/data/casia_interval_strips_gt/S1011R02.png,True,True,,
/Users/hrishi/Desktop/dev/Milestone1 BSAI/checkpoint_deliverable/data/CASIA-Iris-Interval/011/R/S1011R01.jpg,1011_R,1011,R,val,S1011R01,True,/Users/hrishi/Desktop/dev/Milestone1 BSAI/checkpoint_deliverable/data/casia_interval_strips/S1011R01.png,/Users/hrishi/Desktop/dev/Milestone1 BSAI/checkpoint_deliverable/data/casia_interval_strips_gt/S1011R01.png,True,True,,
/Users/hrishi/Desktop/dev/Milestone1 BSAI/checkpoint_deliverable/data/CASIA-Iris-Interval/011/R/S1011R05.jpg,1011_R,1011,R,val,S1011R05,True,/Users/hrishi/Desktop/dev/Milestone1 BSAI/checkpoint_deliverable/data/casia_interval_strips/S1011R05.png,/Users/hrishi/Desktop/dev/Milestone1 BSAI/checkpoint_deliverable/data/casia_interval_strips_gt/S1011R05.png,True,True,,
/Users/hrishi/Desktop/dev/Milestone1 BSAI/checkpoint_deliverable/data/CASIA-Iris-Interval/011/R/S1011R10.jpg,1011_R,1011,R,val,S1011R10,True,/Users/hrishi/Desktop/dev/Milestone1 BSAI/checkpoint_deliverable/data/casia_interval_strips/S1011R10.png,/Users/hrishi/Desktop/dev/Milestone1 BSAI/checkpoint_deliverable/data/casia_interval_strips_gt/S1011R10.png,True,True,,
/Users/hrishi/Desktop/dev/Milestone1 BSAI/checkpoint_deliverable/data/CASIA-Iris-Interval/011/R/S1011R04.jpg,1011_R,1011,R,val,S1011R04,True,/Users/hrishi/Desktop/dev/Milestone1 BSAI/checkpoint_deliverable/data/casia_interval_strips/S1011R04.png,/Users/hrishi/Desktop/dev/Milestone1 BSAI/checkpoint_deliverable/data/casia_interval_strips_gt/S1011R04.png,True,True,,
/Users/hrishi/Desktop/dev/Milestone1 BSAI/checkpoint_deliverable/data/CASIA-Iris-Interval/011/R/S1011R06.jpg,1011_R,1011,R,val,S1011R06,True,/Users/hrishi/Desktop/dev/Milestone1 BSAI/checkpoint_deliverable/data/casia_interval_strips/S1011R06.png,/Users/hrishi/Desktop/dev/Milestone1 BSAI/checkpoint_deliverable/data/casia_interval_strips_gt/S1011R06.png,True,True,,
/Users/hrishi/Desktop/dev/Milestone1 BSAI/checkpoint_deliverable/data/CASIA-Iris-Interval/011/R/S1011R07.jpg,1011_R,1011,R,val,S1011R07,True,/Users/hrishi/Desktop/dev/Milestone1 BSAI/checkpoint_deliverable/data/casia_interval_strips/S1011R07.png,/Users/hrishi/Desktop/dev/Milestone1 BSAI/checkpoint_deliverable/data/casia_interval_strips_gt/S1011R07.png,True,True,,
/Users/hrishi/Desktop/dev/Milestone1 BSAI/checkpoint_deliverable/data/CASIA-Iris-Interval/011/R/S1011R09.jpg,1011_R,1011,R,val,S1011R09,True,/Users/hrishi/Desktop/dev/Milestone1 BSAI/checkpoint_deliverable/data/casia_interval_strips/S1011R09.png,/Users/hrishi/Desktop/dev/Milestone1 BSAI/checkpoint_deliverable/data/casia_interval_strips_gt/S1011R09.png,True,True,,
/Users/hrishi/Desktop/dev/Milestone1 BSAI/checkpoint_deliverable/data/CASIA-Iris-Interval/011/R/S1011R08.jpg,1011_R,1011,R,val,S1011R08,True,/Users/hrishi/Desktop/dev/Milestone1 BSAI/checkpoint_deliverable/data/casia_interval_strips/S1011R08.png,/Users/hrishi/Desktop/dev/Milestone1 BSAI/checkpoint_deliverable/data/casia_interval_strips_gt/S1011R08.png,True,True,,
/Users/hrishi/Desktop/dev/Milestone1 BSAI/checkpoint_deliverable/data/CASIA-Iris-Interval/011/L/S1011L04.jpg,1011_L,1011,L,test,S1011L04,True,/Users/hrishi/Desktop/dev/Milestone1 BSAI/checkpoint_deliverable/data/casia_interval_strips/S1011L04.png,/Users/hrishi/Desktop/dev/Milestone1 BSAI/checkpoint_deliverable/data/casia_interval_strips_gt/S1011L04.png,True,True,,
/Users/hrishi/Desktop/dev/Milestone1 BSAI/checkpoint_deliverable/data/CASIA-Iris-Interval/011/L/S1011L05.jpg,1011_L,1011,L,test,S1011L05,True,/Users/hrishi/Desktop/dev/Milestone1 BSAI/checkpoint_deliverable/data/casia_interval_strips/S1011L05.png,/Users/hrishi/Desktop/dev/Milestone1 BSAI/checkpoint_deliverable/data/casia_interval_strips_gt/S1011L05.png,True,True,,
/Users/hrishi/Desktop/dev/Milestone1 BSAI/checkpoint_deliverable/data/CASIA-Iris-Interval/011/L/S1011L07.jpg,1011_L,1011,L,test,S1011L07,True,/Users/hrishi/Desktop/dev/Milestone1 BSAI/checkpoint_deliverable/data/casia_interval_strips/S1011L07.png,/Users/hrishi/Desktop/dev/Milestone1 BSAI/checkpoint_deliverable/data/casia_interval_strips_gt/S1011L07.png,True,True,,
/Users/hrishi/Desktop/dev/Milestone1 BSAI/checkpoint_deliverable/data/CASIA-Iris-Interval/011/L/S1011L06.jpg,1011_L,1011,L,test,S1011L06,True,/Users/hrishi/Desktop/dev/Milestone1 BSAI/checkpoint_deliverable/data/casia_interval_strips/S1011L06.png,/Users/hrishi/Desktop/dev/Milestone1 BSAI/checkpoint_deliverable/data/casia_interval_strips_gt/S1011L06.png,True,True,,
/Users/hrishi/Desktop/dev/Milestone1 BSAI/checkpoint_deliverable/data/CASIA-Iris-Interval/011/L/S1011L02.jpg,1011_L,1011,L,test,S1011L02,True,/Users/hrishi/Desktop/dev/Milestone1 BSAI/checkpoint_deliverable/data/casia_interval_strips/S1011L02.png,/Users/hrishi/Desktop/dev/Milestone1 BSAI/checkpoint_deliverable/data/casia_interval_strips_gt/S1011L02.png,True,True,,
/Users/hrishi/Desktop/dev/Milestone1 BSAI/checkpoint_deliverable/data/CASIA-Iris-Interval/011/L/S1011L03.jpg,1011_L,1011,L,test,S1011L03,True,/Users/hrishi/Desktop/dev/Milestone1 BSAI/checkpoint_deliverable/data/casia_interval_strips/S1011L03.png,/Users/hrishi/Desktop/dev/Milestone1 BSAI/checkpoint_deliverable/data/casia_interval_strips_gt/S1011L03.png,True,True,,
/Users/hrishi/Desktop/dev/Milestone1 BSAI/checkpoint_deliverable/data/CASIA-Iris-Interval/011/L/S1011L01.jpg,1011_L,1011,L,test,S1011L01,True,/Users/hrishi/Desktop/dev/Milestone1 BSAI/checkpoint_deliverable/data/casia_interval_strips/S1011L01.png,/Users/hrishi/Desktop/dev/Milestone1 BSAI/checkpoint_deliverable/data/casia_interval_strips_gt/S1011L01.png,True,True,,
/Users/hrishi/Desktop/dev/Milestone1 BSAI/checkpoint_deliverable/data/CASIA-Iris-Interval/011/L/S1011L08.jpg,1011_L,1011,L,test,S1011L08,True,/Users/hrishi/Desktop/dev/Milestone1 BSAI/checkpoint_deliverable/data/casia_interval_strips/S1011L08.png,/Users/hrishi/Desktop/dev/Milestone1 BSAI/checkpoint_deliverable/data/casia_interval_strips_gt/S1011L08.png,True,True,,
/Users/hrishi/Desktop/dev/Milestone1 BSAI/checkpoint_deliverable/data/CASIA-Iris-Interval/011/L/S1011L09.jpg,1011_L,1011,L,test,S1011L09,True,/Users/hrishi/Desktop/dev/Milestone1 BSAI/checkpoint_deliverable/data/casia_interval_strips/S1011L09.png,/Users/hrishi/Desktop/dev/Milestone1 BSAI/checkpoint_deliverable/data/casia_interval_strips_gt/S1011L09.png,True,True,,
/Users/hrishi/Desktop/dev/Milestone1 BSAI/checkpoint_deliverable/data/CASIA-Iris-Interval/016/L/S1016L04.jpg,1016_L,1016,L,test,S1016L04,True,/Users/hrishi/Desktop/dev/Milestone1 BSAI/checkpoint_deliverable/data/casia_interval_strips/S1016L04.png,/Users/hrishi/Desktop/dev/Milestone1 BSAI/checkpoint_deliverable/data/casia_interval_strips_gt/S1016L04.png,True,True,,
/Users/hrishi/Desktop/dev/Milestone1 BSAI/checkpoint_deliverable/data/CASIA-Iris-Interval/016/L/S1016L02.jpg,1016_L,1016,L,test,S1016L02,True,/Users/hrishi/Desktop/dev/Milestone1 BSAI/checkpoint_deliverable/data/casia_interval_strips/S1016L02.png,/Users/hrishi/Desktop/dev/Milestone1 BSAI/checkpoint_deliverable/data/casia_interval_strips_gt/S1016L02.png,True,True,,
/Users/hrishi/Desktop/dev/Milestone1 BSAI/checkpoint_deliverable/data/CASIA-Iris-Interval/016/L/S1016L03.jpg,1016_L,1016,L,test,S1016L03,True,/Users/hrishi/Desktop/dev/Milestone1 BSAI/checkpoint_deliverable/data/casia_interval_strips/S1016L03.png,/Users/hrishi/Desktop/dev/Milestone1 BSAI/checkpoint_deliverable/data/casia_interval_strips_gt/S1016L03.png,True,True,,
/Users/hrishi/Desktop/dev/Milestone1 BSAI/checkpoint_deliverable/data/CASIA-Iris-Interval/016/L/S1016L01.jpg,1016_L,1016,L,test,S1016L01,True,/Users/hrishi/Desktop/dev/Milestone1 BSAI/checkpoint_deliverable/data/casia_interval_strips/S1016L01.png,/Users/hrishi/Desktop/dev/Milestone1 BSAI/checkpoint_deliverable/data/casia_interval_strips_gt/S1016L01.png,True,True,,
/Users/hrishi/Desktop/dev/Milestone1 BSAI/checkpoint_deliverable/data/CASIA-Iris-Interval/224/R/S1224R01.jpg,1224_R,1224,R,train,S1224R01,True,/Users/hrishi/Desktop/dev/Milestone1 BSAI/checkpoint_deliverable/data/casia_interval_strips/S1224R01.png,/Users/hrishi/Desktop/dev/Milestone1 BSAI/checkpoint_deliverable/data/casia_interval_strips_gt/S1224R01.png,True,True,,
/Users/hrishi/Desktop/dev/Milestone1 BSAI/checkpoint_deliverable/data/CASIA-Iris-Interval/224/R/S1224R03.jpg,1224_R,1224,R,train,S1224R03,True,/Users/hrishi/Desktop/dev/Milestone1 BSAI/checkpoint_deliverable/data/casia_interval_strips/S1224R03.png,/Users/hrishi/Desktop/dev/Milestone1 BSAI/checkpoint_deliverable/data/casia_interval_strips_gt/S1224R03.png,True,True,,
/Users/hrishi/Desktop/dev/Milestone1 BSAI/checkpoint_deliverable/data/CASIA-Iris-Interval/224/R/S1224R02.jpg,1224_R,1224,R,train,S1224R02,True,/Users/hrishi/Desktop/dev/Milestone1 BSAI/checkpoint_deliverable/data/casia_interval_strips/S1224R02.png,/Users/hrishi/Desktop/dev/Milestone1 BSAI/checkpoint_deliverable/data/casia_interval_strips_gt/S1224R02.png,True,True,,
/Users/hrishi/Desktop/dev/Milestone1 BSAI/checkpoint_deliverable/data/CASIA-Iris-Interval/224/R/S1224R06.jpg,1224_R,1224,R,train,S1224R06,True,/Users/hrishi/Desktop/dev/Milestone1 BSAI/checkpoint_deliverable/data/casia_interval_strips/S1224R06.png,/Users/hrishi/Desktop/dev/Milestone1 BSAI/checkpoint_deliverable/data/casia_interval_strips_gt/S1224R06.png,True,True,,
/Users/hrishi/Desktop/dev/Milestone1 BSAI/checkpoint_deliverable/data/CASIA-Iris-Interval/224/R/S1224R07.jpg,1224_R,1224,R,train,S1224R07,True,/Users/hrishi/Desktop/dev/Milestone1 BSAI/checkpoint_deliverable/data/casia_interval_strips/S1224R07.png,/Users/hrishi/Desktop/dev/Milestone1 BSAI/checkpoint_deliverable/data/casia_interval_strips_gt/S1224R07.png,True,True,,
/Users/hrishi/Desktop/dev/Milestone1 BSAI/checkpoint_deliverable/data/CASIA-Iris-Interval/224/R/S1224R05.jpg,1224_R,1224,R,train,S1224R05,True,/Users/hrishi/Desktop/dev/Milestone1 BSAI/checkpoint_deliverable/data/casia_interval_strips/S1224R05.png,/Users/hrishi/Desktop/dev/Milestone1 BSAI/checkpoint_deliverable/data/casia_interval_strips_gt/S1224R05.png,True,True,,
/Users/hrishi/Desktop/dev/Milestone1 BSAI/checkpoint_deliverable/data/CASIA-Iris-Interval/224/R/S1224R11.jpg,1224_R,1224,R,train,S1224R11,True,/Users/hrishi/Desktop/dev/Milestone1 BSAI/checkpoint_deliverable/data/casia_interval_strips/S1224R11.png,/Users/hrishi/Desktop/dev/Milestone1 BSAI/checkpoint_deliverable/data/casia_interval_strips_gt/S1224R11.png,True,True,,
/Users/hrishi/Desktop/dev/Milestone1 BSAI/checkpoint_deliverable/data/CASIA-Iris-Interval/224/R/S1224R10.jpg,1224_R,1224,R,train,S1224R10,True,/Users/hrishi/Desktop/dev/Milestone1 BSAI/checkpoint_deliverable/data/casia_interval_strips/S1224R10.png,/Users/hrishi/Desktop/dev/Milestone1 BSAI/checkpoint_deliverable/data/casia_interval_strips_gt/S1224R10.png,True,True,,
/Users/hrishi/Desktop/dev/Milestone1 BSAI/checkpoint_deliverable/data/CASIA-Iris-Interval/224/R/S1224R04.jpg,1224_R,1224,R,train,S1224R04,True,/Users/hrishi/Desktop/dev/Milestone1 BSAI/checkpoint_deliverable/data/casia_interval_strips/S1224R04.png,/Users/hrishi/Desktop/dev/Milestone1 BSAI/checkpoint_deliverable/data/casia_interval_strips_gt/S1224R04.png,True,True,,
/Users/hrishi/Desktop/dev/Milestone1 BSAI/checkpoint_deliverable/data/CASIA-Iris-Interval/224/R/S1224R09.jpg,1224_R,1224,R,train,S1224R09,True,/Users/hrishi/Desktop/dev/Milestone1 BSAI/checkpoint_deliverable/data/casia_interval_strips/S1224R09.png,/Users/hrishi/Desktop/dev/Milestone1 BSAI/checkpoint_deliverable/data/casia_interval_strips_gt/S1224R09.png,True,True,,
/Users/hrishi/Desktop/dev/Milestone1 BSAI/checkpoint_deliverable/data/CASIA-Iris-Interval/224/R/S1224R08.jpg,1224_R,1224,R,train,S1224R08,True,/Users/hrishi/Desktop/dev/Milestone1 BSAI/checkpoint_deliverable/data/casia_interval_strips/S1224R08.png,/Users/hrishi/Desktop/dev/Milestone1 BSAI/checkpoint_deliverable/data/casia_interval_strips_gt/S1224R08.png,True,True,,
/Users/hrishi/Desktop/dev/Milestone1 BSAI/checkpoint_deliverable/data/CASIA-Iris-Interval/224/L/S1224L07.jpg,1224_L,1224,L,train,S1224L07,True,/Users/hrishi/Desktop/dev/Milestone1 BSAI/checkpoint_deliverable/data/casia_interval_strips/S1224L07.png,/Users/hrishi/Desktop/dev/Milestone1 BSAI/checkpoint_deliverable/data/casia_interval_strips_gt/S1224L07.png,True,True,,
/Users/hrishi/Desktop/dev/Milestone1 BSAI/checkpoint_deliverable/data/CASIA-Iris-Interval/224/L/S1224L06.jpg,1224_L,1224,L,train,S1224L06,True,/Users/hrishi/Desktop/dev/Milestone1 BSAI/checkpoint_deliverable/data/casia_interval_strips/S1224L06.png,/Users/hrishi/Desktop/dev/Milestone1 BSAI/checkpoint_deliverable/data/casia_interval_strips_gt/S1224L06.png,True,True,,
/Users/hrishi/Desktop/dev/Milestone1 BSAI/checkpoint_deliverable/data/CASIA-Iris-Interval/224/L/S1224L04.jpg,1224_L,1224,L,train,S1224L04,True,/Users/hrishi/Desktop/dev/Milestone1 BSAI/checkpoint_deliverable/data/casia_interval_strips/S1224L04.png,/Users/hrishi/Desktop/dev/Milestone1 BSAI/checkpoint_deliverable/data/casia_interval_strips_gt/S1224L04.png,True,True,,
/Users/hrishi/Desktop/dev/Milestone1 BSAI/checkpoint_deliverable/data/CASIA-Iris-Interval/224/L/S1224L10.jpg,1224_L,1224,L,train,S1224L10,True,/Users/hrishi/Desktop/dev/Milestone1 BSAI/checkpoint_deliverable/data/casia_interval_strips/S1224L10.png,/Users/hrishi/Desktop/dev/Milestone1 BSAI/checkpoint_deliverable/data/casia_interval_strips_gt/S1224L10.png,True,True,,
/Users/hrishi/Desktop/dev/Milestone1 BSAI/checkpoint_deliverable/data/CASIA-Iris-Interval/224/L/S1224L11.jpg,1224_L,1224,L,train,S1224L11,False,/Users/hrishi/Desktop/dev/Milestone1 BSAI/checkpoint_deliverable/data/casia_interval_strips/S1224L11.png,,True,False,,no_gt
/Users/hrishi/Desktop/dev/Milestone1 BSAI/checkpoint_deliverable/data/CASIA-Iris-Interval/224/L/S1224L05.jpg,1224_L,1224,L,train,S1224L05,True,/Users/hrishi/Desktop/dev/Milestone1 BSAI/checkpoint_deliverable/data/casia_interval_strips/S1224L05.png,/Users/hrishi/Desktop/dev/Milestone1 BSAI/checkpoint_deliverable/data/casia_interval_strips_gt/S1224L05.png,True,True,,
/Users/hrishi/Desktop/dev/Milestone1 BSAI/checkpoint_deliverable/data/CASIA-Iris-Interval/224/L/S1224L01.jpg,1224_L,1224,L,train,S1224L01,True,/Users/hrishi/Desktop/dev/Milestone1 BSAI/checkpoint_deliverable/data/casia_interval_strips/S1224L01.png,/Users/hrishi/Desktop/dev/Milestone1 BSAI/checkpoint_deliverable/data/casia_interval_strips_gt/S1224L01.png,True,True,,
/Users/hrishi/Desktop/dev/Milestone1 BSAI/checkpoint_deliverable/data/CASIA-Iris-Interval/224/L/S1224L02.jpg,1224_L,1224,L,train,S1224L02,True,/Users/hrishi/Desktop/dev/Milestone1 BSAI/checkpoint_deliverable/data/casia_interval_strips/S1224L02.png,/Users/hrishi/Desktop/dev/Milestone1 BSAI/checkpoint_deliverable/data/casia_interval_strips_gt/S1224L02.png,True,True,,
/Users/hrishi/Desktop/dev/Milestone1 BSAI/checkpoint_deliverable/data/CASIA-Iris-Interval/224/L/S1224L03.jpg,1224_L,1224,L,train,S1224L03,True,/Users/hrishi/Desktop/dev/Milestone1 BSAI/checkpoint_deliverable/data/casia_interval_strips/S1224L03.png,/Users/hrishi/Desktop/dev/Milestone1 BSAI/checkpoint_deliverable/data/casia_interval_strips_gt/S1224L03.png,True,True,,
/Users/hrishi/Desktop/dev/Milestone1 BSAI/checkpoint_deliverable/data/CASIA-Iris-Interval/224/L/S1224L08.jpg,1224_L,1224,L,train,S1224L08,True,/Users/hrishi/Desktop/dev/Milestone1 BSAI/checkpoint_deliverable/data/casia_interval_strips/S1224L08.png,/Users/hrishi/Desktop/dev/Milestone1 BSAI/checkpoint_deliverable/data/casia_interval_strips_gt/S1224L08.png,True,True,,
/Users/hrishi/Desktop/dev/Milestone1 BSAI/checkpoint_deliverable/data/CASIA-Iris-Interval/224/L/S1224L09.jpg,1224_L,1224,L,train,S1224L09,True,/Users/hrishi/Desktop/dev/Milestone1 BSAI/checkpoint_deliverable/data/casia_interval_strips/S1224L09.png,/Users/hrishi/Desktop/dev/Milestone1 BSAI/checkpoint_deliverable/data/casia_interval_strips_gt/S1224L09.png,True,True,,
/Users/hrishi/Desktop/dev/Milestone1 BSAI/checkpoint_deliverable/data/CASIA-Iris-Interval/029/R/S1029R07.jpg,1029_R,1029,R,train,S1029R07,True,/Users/hrishi/Desktop/dev/Milestone1 BSAI/checkpoint_deliverable/data/casia_interval_strips/S1029R07.png,/Users/hrishi/Desktop/dev/Milestone1 BSAI/checkpoint_deliverable/data/casia_interval_strips_gt/S1029R07.png,True,True,,
/Users/hrishi/Desktop/dev/Milestone1 BSAI/checkpoint_deliverable/data/CASIA-Iris-Interval/029/R/S1029R06.jpg,1029_R,1029,R,train,S1029R06,True,/Users/hrishi/Desktop/dev/Milestone1 BSAI/checkpoint_deliverable/data/casia_interval_strips/S1029R06.png,/Users/hrishi/Desktop/dev/Milestone1 BSAI/checkpoint_deliverable/data/casia_interval_strips_gt/S1029R06.png,True,True,,
/Users/hrishi/Desktop/dev/Milestone1 BSAI/checkpoint_deliverable/data/CASIA-Iris-Interval/029/R/S1029R04.jpg,1029_R,1029,R,train,S1029R04,True,/Users/hrishi/Desktop/dev/Milestone1 BSAI/checkpoint_deliverable/data/casia_interval_strips/S1029R04.png,/Users/hrishi/Desktop/dev/Milestone1 BSAI/checkpoint_deliverable/data/casia_interval_strips_gt/S1029R04.png,True,True,,
/Users/hrishi/Desktop/dev/Milestone1 BSAI/checkpoint_deliverable/data/CASIA-Iris-Interval/029/R/S1029R10.jpg,1029_R,1029,R,train,S1029R10,True,/Users/hrishi/Desktop/dev/Milestone1 BSAI/checkpoint_deliverable/data/casia_interval_strips/S1029R10.png,/Users/hrishi/Desktop/dev/Milestone1 BSAI/checkpoint_deliverable/data/casia_interval_strips_gt/S1029R10.png,True,True,,
/Users/hrishi/Desktop/dev/Milestone1 BSAI/checkpoint_deliverable/data/CASIA-Iris-Interval/029/R/S1029R05.jpg,1029_R,1029,R,train,S1029R05,True,/Users/hrishi/Desktop/dev/Milestone1 BSAI/checkpoint_deliverable/data/casia_interval_strips/S1029R05.png,/Users/hrishi/Desktop/dev/Milestone1 BSAI/checkpoint_deliverable/data/casia_interval_strips_gt/S1029R05.png,True,True,,
/Users/hrishi/Desktop/dev/Milestone1 BSAI/checkpoint_deliverable/data/CASIA-Iris-Interval/029/R/S1029R01.jpg,1029_R,1029,R,train,S1029R01,True,/Users/hrishi/Desktop/dev/Milestone1 BSAI/checkpoint_deliverable/data/casia_interval_strips/S1029R01.png,/Users/hrishi/Desktop/dev/Milestone1 BSAI/checkpoint_deliverable/data/casia_interval_strips_gt/S1029R01.png,True,True,,
/Users/hrishi/Desktop/dev/Milestone1 BSAI/checkpoint_deliverable/data/CASIA-Iris-Interval/029/R/S1029R02.jpg,1029_R,1029,R,train,S1029R02,True,/Users/hrishi/Desktop/dev/Milestone1 BSAI/checkpoint_deliverable/data/casia_interval_strips/S1029R02.png,/Users/hrishi/Desktop/dev/Milestone1 BSAI/checkpoint_deliverable/data/casia_interval_strips_gt/S1029R02.png,True,True,,
/Users/hrishi/Desktop/dev/Milestone1 BSAI/checkpoint_deliverable/data/CASIA-Iris-Interval/029/R/S1029R03.jpg,1029_R,1029,R,train,S1029R03,True,/Users/hrishi/Desktop/dev/Milestone1 BSAI/checkpoint_deliverable/data/casia_interval_strips/S1029R03.png,/Users/hrishi/Desktop/dev/Milestone1 BSAI/checkpoint_deliverable/data/casia_interval_strips_gt/S1029R03.png,True,True,,
/Users/hrishi/Desktop/dev/Milestone1 BSAI/checkpoint_deliverable/data/CASIA-Iris-Interval/029/R/S1029R08.jpg,1029_R,1029,R,train,S1029R08,True,/Users/hrishi/Desktop/dev/Milestone1 BSAI/checkpoint_deliverable/data/casia_interval_strips/S1029R08.png,/Users/hrishi/Desktop/dev/Milestone1 BSAI/checkpoint_deliverable/data/casia_interval_strips_gt/S1029R08.png,True,True,,
/Users/hrishi/Desktop/dev/Milestone1 BSAI/checkpoint_deliverable/data/CASIA-Iris-Interval/029/R/S1029R09.jpg,1029_R,1029,R,train,S1029R09,True,/Users/hrishi/Desktop/dev/Milestone1 BSAI/checkpoint_deliverable/data/casia_interval_strips/S1029R09.png,/Users/hrishi/Desktop/dev/Milestone1 BSAI/checkpoint_deliverable/data/casia_interval_strips_gt/S1029R09.png,True,True,,
/Users/hrishi/Desktop/dev/Milestone1 BSAI/checkpoint_deliverable/data/CASIA-Iris-Interval/029/L/S1029L01.jpg,1029_L,1029,L,val,S1029L01,True,/Users/hrishi/Desktop/dev/Milestone1 BSAI/checkpoint_deliverable/data/casia_interval_strips/S1029L01.png,/Users/hrishi/Desktop/dev/Milestone1 BSAI/checkpoint_deliverable/data/casia_interval_strips_gt/S1029L01.png,True,True,,
/Users/hrishi/Desktop/dev/Milestone1 BSAI/checkpoint_deliverable/data/CASIA-Iris-Interval/029/L/S1029L03.jpg,1029_L,1029,L,val,S1029L03,True,/Users/hrishi/Desktop/dev/Milestone1 BSAI/checkpoint_deliverable/data/casia_interval_strips/S1029L03.png,/Users/hrishi/Desktop/dev/Milestone1 BSAI/checkpoint_deliverable/data/casia_interval_strips_gt/S1029L03.png,True,True,,
/Users/hrishi/Desktop/dev/Milestone1 BSAI/checkpoint_deliverable/data/CASIA-Iris-Interval/029/L/S1029L02.jpg,1029_L,1029,L,val,S1029L02,True,/Users/hrishi/Desktop/dev/Milestone1 BSAI/checkpoint_deliverable/data/casia_interval_strips/S1029L02.png,/Users/hrishi/Desktop/dev/Milestone1 BSAI/checkpoint_deliverable/data/casia_interval_strips_gt/S1029L02.png,True,True,,
/Users/hrishi/Desktop/dev/Milestone1 BSAI/checkpoint_deliverable/data/CASIA-Iris-Interval/029/L/S1029L06.jpg,1029_L,1029,L,val,S1029L06,True,/Users/hrishi/Desktop/dev/Milestone1 BSAI/checkpoint_deliverable/data/casia_interval_strips/S1029L06.png,/Users/hrishi/Desktop/dev/Milestone1 BSAI/checkpoint_deliverable/data/casia_interval_strips_gt/S1029L06.png,True,True,,
/Users/hrishi/Desktop/dev/Milestone1 BSAI/checkpoint_deliverable/data/CASIA-Iris-Interval/029/L/S1029L07.jpg,1029_L,1029,L,val,S1029L07,True,/Users/hrishi/Desktop/dev/Milestone1 BSAI/checkpoint_deliverable/data/casia_interval_strips/S1029L07.png,/Users/hrishi/Desktop/dev/Milestone1 BSAI/checkpoint_deliverable/data/casia_interval_strips_gt/S1029L07.png,True,True,,
/Users/hrishi/Desktop/dev/Milestone1 BSAI/checkpoint_deliverable/data/CASIA-Iris-Interval/029/L/S1029L05.jpg,1029_L,1029,L,val,S1029L05,True,/Users/hrishi/Desktop/dev/Milestone1 BSAI/checkpoint_deliverable/data/casia_interval_strips/S1029L05.png,/Users/hrishi/Desktop/dev/Milestone1 BSAI/checkpoint_deliverable/data/casia_interval_strips_gt/S1029L05.png,True,True,,
/Users/hrishi/Desktop/dev/Milestone1 BSAI/checkpoint_deliverable/data/CASIA-Iris-Interval/029/L/S1029L10.jpg,1029_L,1029,L,val,S1029L10,True,/Users/hrishi/Desktop/dev/Milestone1 BSAI/checkpoint_deliverable/data/casia_interval_strips/S1029L10.png,/Users/hrishi/Desktop/dev/Milestone1 BSAI/checkpoint_deliverable/data/casia_interval_strips_gt/S1029L10.png,True,True,,
/Users/hrishi/Desktop/dev/Milestone1 BSAI/checkpoint_deliverable/data/CASIA-Iris-Interval/029/L/S1029L04.jpg,1029_L,1029,L,val,S1029L04,True,/Users/hrishi/Desktop/dev/Milestone1 BSAI/checkpoint_deliverable/data/casia_interval_strips/S1029L04.png,/Users/hrishi/Desktop/dev/Milestone1 BSAI/checkpoint_deliverable/data/casia_interval_strips_gt/S1029L04.png,True,True,,
/Users/hrishi/Desktop/dev/Milestone1 BSAI/checkpoint_deliverable/data/CASIA-Iris-Interval/029/L/S1029L09.jpg,1029_L,1029,L,val,S1029L09,True,/Users/hrishi/Desktop/dev/Milestone1 BSAI/checkpoint_deliverable/data/casia_interval_strips/S1029L09.png,/Users/hrishi/Desktop/dev/Milestone1 BSAI/checkpoint_deliverable/data/casia_interval_strips_gt/S1029L09.png,True,True,,
/Users/hrishi/Desktop/dev/Milestone1 BSAI/checkpoint_deliverable/data/CASIA-Iris-Interval/029/L/S1029L08.jpg,1029_L,1029,L,val,S1029L08,True,/Users/hrishi/Desktop/dev/Milestone1 BSAI/checkpoint_deliverable/data/casia_interval_strips/S1029L08.png,/Users/hrishi/Desktop/dev/Milestone1 BSAI/checkpoint_deliverable/data/casia_interval_strips_gt/S1029L08.png,True,True,,
/Users/hrishi/Desktop/dev/Milestone1 BSAI/checkpoint_deliverable/data/CASIA-Iris-Interval/081/R/S1081R01.jpg,1081_R,1081,R,train,S1081R01,True,/Users/hrishi/Desktop/dev/Milestone1 BSAI/checkpoint_deliverable/data/casia_interval_strips/S1081R01.png,/Users/hrishi/Desktop/dev/Milestone1 BSAI/checkpoint_deliverable/data/casia_interval_strips_gt/S1081R01.png,True,True,,
/Users/hrishi/Desktop/dev/Milestone1 BSAI/checkpoint_deliverable/data/CASIA-Iris-Interval/081/R/S1081R03.jpg,1081_R,1081,R,train,S1081R03,True,/Users/hrishi/Desktop/dev/Milestone1 BSAI/checkpoint_deliverable/data/casia_interval_strips/S1081R03.png,/Users/hrishi/Desktop/dev/Milestone1 BSAI/checkpoint_deliverable/data/casia_interval_strips_gt/S1081R03.png,True,True,,
/Users/hrishi/Desktop/dev/Milestone1 BSAI/checkpoint_deliverable/data/CASIA-Iris-Interval/081/R/S1081R02.jpg,1081_R,1081,R,train,S1081R02,True,/Users/hrishi/Desktop/dev/Milestone1 BSAI/checkpoint_deliverable/data/casia_interval_strips/S1081R02.png,/Users/hrishi/Desktop/dev/Milestone1 BSAI/checkpoint_deliverable/data/casia_interval_strips_gt/S1081R02.png,True,True,,
/Users/hrishi/Desktop/dev/Milestone1 BSAI/checkpoint_deliverable/data/CASIA-Iris-Interval/081/R/S1081R06.jpg,1081_R,1081,R,train,S1081R06,True,/Users/hrishi/Desktop/dev/Milestone1 BSAI/checkpoint_deliverable/data/casia_interval_strips/S1081R06.png,/Users/hrishi/Desktop/dev/Milestone1 BSAI/checkpoint_deliverable/data/casia_interval_strips_gt/S1081R06.png,True,True,,
/Users/hrishi/Desktop/dev/Milestone1 BSAI/checkpoint_deliverable/data/CASIA-Iris-Interval/081/R/S1081R07.jpg,1081_R,1081,R,train,S1081R07,True,/Users/hrishi/Desktop/dev/Milestone1 BSAI/checkpoint_deliverable/data/casia_interval_strips/S1081R07.png,/Users/hrishi/Desktop/dev/Milestone1 BSAI/checkpoint_deliverable/data/casia_interval_strips_gt/S1081R07.png,True,True,,
/Users/hrishi/Desktop/dev/Milestone1 BSAI/checkpoint_deliverable/data/CASIA-Iris-Interval/081/R/S1081R05.jpg,1081_R,1081,R,train,S1081R05,True,/Users/hrishi/Desktop/dev/Milestone1 BSAI/checkpoint_deliverable/data/casia_interval_strips/S1081R05.png,/Users/hrishi/Desktop/dev/Milestone1 BSAI/checkpoint_deliverable/data/casia_interval_strips_gt/S1081R05.png,True,True,,
/Users/hrishi/Desktop/dev/Milestone1 BSAI/checkpoint_deliverable/data/CASIA-Iris-Interval/081/R/S1081R04.jpg,1081_R,1081,R,train,S1081R04,True,/Users/hrishi/Desktop/dev/Milestone1 BSAI/checkpoint_deliverable/data/casia_interval_strips/S1081R04.png,/Users/hrishi/Desktop/dev/Milestone1 BSAI/checkpoint_deliverable/data/casia_interval_strips_gt/S1081R04.png,True,True,,
/Users/hrishi/Desktop/dev/Milestone1 BSAI/checkpoint_deliverable/data/CASIA-Iris-Interval/081/R/S1081R10.jpg,1081_R,1081,R,train,S1081R10,True,/Users/hrishi/Desktop/dev/Milestone1 BSAI/checkpoint_deliverable/data/casia_interval_strips/S1081R10.png,/Users/hrishi/Desktop/dev/Milestone1 BSAI/checkpoint_deliverable/data/casia_interval_strips_gt/S1081R10.png,True,True,,
/Users/hrishi/Desktop/dev/Milestone1 BSAI/checkpoint_deliverable/data/CASIA-Iris-Interval/081/R/S1081R09.jpg,1081_R,1081,R,train,S1081R09,True,/Users/hrishi/Desktop/dev/Milestone1 BSAI/checkpoint_deliverable/data/casia_interval_strips/S1081R09.png,/Users/hrishi/Desktop/dev/Milestone1 BSAI/checkpoint_deliverable/data/casia_interval_strips_gt/S1081R09.png,True,True,,
/Users/hrishi/Desktop/dev/Milestone1 BSAI/checkpoint_deliverable/data/CASIA-Iris-Interval/081/R/S1081R08.jpg,1081_R,1081,R,train,S1081R08,True,/Users/hrishi/Desktop/dev/Milestone1 BSAI/checkpoint_deliverable/data/casia_interval_strips/S1081R08.png,/Users/hrishi/Desktop/dev/Milestone1 BSAI/checkpoint_deliverable/data/casia_interval_strips_gt/S1081R08.png,True,True,,
/Users/hrishi/Desktop/dev/Milestone1 BSAI/checkpoint_deliverable/data/CASIA-Iris-Interval/081/L/S1081L07.jpg,1081_L,1081,L,train,S1081L07,True,/Users/hrishi/Desktop/dev/Milestone1 BSAI/checkpoint_deliverable/data/casia_interval_strips/S1081L07.png,/Users/hrishi/Desktop/dev/Milestone1 BSAI/checkpoint_deliverable/data/casia_interval_strips_gt/S1081L07.png,True,True,,
/Users/hrishi/Desktop/dev/Milestone1 BSAI/checkpoint_deliverable/data/CASIA-Iris-Interval/081/L/S1081L06.jpg,1081_L,1081,L,train,S1081L06,True,/Users/hrishi/Desktop/dev/Milestone1 BSAI/checkpoint_deliverable/data/casia_interval_strips/S1081L06.png,/Users/hrishi/Desktop/dev/Milestone1 BSAI/checkpoint_deliverable/data/casia_interval_strips_gt/S1081L06.png,True,True,,
/Users/hrishi/Desktop/dev/Milestone1 BSAI/checkpoint_deliverable/data/CASIA-Iris-Interval/081/L/S1081L10.jpg,1081_L,1081,L,train,S1081L10,True,/Users/hrishi/Desktop/dev/Milestone1 BSAI/checkpoint_deliverable/data/casia_interval_strips/S1081L10.png,/Users/hrishi/Desktop/dev/Milestone1 BSAI/checkpoint_deliverable/data/casia_interval_strips_gt/S1081L10.png,True,True,,
/Users/hrishi/Desktop/dev/Milestone1 BSAI/checkpoint_deliverable/data/CASIA-Iris-Interval/081/L/S1081L04.jpg,1081_L,1081,L,train,S1081L04,True,/Users/hrishi/Desktop/dev/Milestone1 BSAI/checkpoint_deliverable/data/casia_interval_strips/S1081L04.png,/Users/hrishi/Desktop/dev/Milestone1 BSAI/checkpoint_deliverable/data/casia_interval_strips_gt/S1081L04.png,True,True,,
/Users/hrishi/Desktop/dev/Milestone1 BSAI/checkpoint_deliverable/data/CASIA-Iris-Interval/081/L/S1081L05.jpg,1081_L,1081,L,train,S1081L05,True,/Users/hrishi/Desktop/dev/Milestone1 BSAI/checkpoint_deliverable/data/casia_interval_strips/S1081L05.png,/Users/hrishi/Desktop/dev/Milestone1 BSAI/checkpoint_deliverable/data/casia_interval_strips_gt/S1081L05.png,True,True,,
/Users/hrishi/Desktop/dev/Milestone1 BSAI/checkpoint_deliverable/data/CASIA-Iris-Interval/081/L/S1081L01.jpg,1081_L,1081,L,train,S1081L01,True,/Users/hrishi/Desktop/dev/Milestone1 BSAI/checkpoint_deliverable/data/casia_interval_strips/S1081L01.png,/Users/hrishi/Desktop/dev/Milestone1 BSAI/checkpoint_deliverable/data/casia_interval_strips_gt/S1081L01.png,True,True,,
/Users/hrishi/Desktop/dev/Milestone1 BSAI/checkpoint_deliverable/data/CASIA-Iris-Interval/081/L/S1081L02.jpg,1081_L,1081,L,train,S1081L02,True,/Users/hrishi/Desktop/dev/Milestone1 BSAI/checkpoint_deliverable/data/casia_interval_strips/S1081L02.png,/Users/hrishi/Desktop/dev/Milestone1 BSAI/checkpoint_deliverable/data/casia_interval_strips_gt/S1081L02.png,True,True,,
/Users/hrishi/Desktop/dev/Milestone1 BSAI/checkpoint_deliverable/data/CASIA-Iris-Interval/081/L/S1081L03.jpg,1081_L,1081,L,train,S1081L03,True,/Users/hrishi/Desktop/dev/Milestone1 BSAI/checkpoint_deliverable/data/casia_interval_strips/S1081L03.png,/Users/hrishi/Desktop/dev/Milestone1 BSAI/checkpoint_deliverable/data/casia_interval_strips_gt/S1081L03.png,True,True,,
/Users/hrishi/Desktop/dev/Milestone1 BSAI/checkpoint_deliverable/data/CASIA-Iris-Interval/081/L/S1081L08.jpg,1081_L,1081,L,train,S1081L08,True,/Users/hrishi/Desktop/dev/Milestone1 BSAI/checkpoint_deliverable/data/casia_interval_strips/S1081L08.png,/Users/hrishi/Desktop/dev/Milestone1 BSAI/checkpoint_deliverable/data/casia_interval_strips_gt/S1081L08.png,True,True,,
/Users/hrishi/Desktop/dev/Milestone1 BSAI/checkpoint_deliverable/data/CASIA-Iris-Interval/081/L/S1081L09.jpg,1081_L,1081,L,train,S1081L09,True,/Users/hrishi/Desktop/dev/Milestone1 BSAI/checkpoint_deliverable/data/casia_interval_strips/S1081L09.png,/Users/hrishi/Desktop/dev/Milestone1 BSAI/checkpoint_deliverable/data/casia_interval_strips_gt/S1081L09.png,True,True,,
/Users/hrishi/Desktop/dev/Milestone1 BSAI/checkpoint_deliverable/data/CASIA-Iris-Interval/075/R/S1075R03.jpg,1075_R,1075,R,train,S1075R03,True,/Users/hrishi/Desktop/dev/Milestone1 BSAI/checkpoint_deliverable/data/casia_interval_strips/S1075R03.png,/Users/hrishi/Desktop/dev/Milestone1 BSAI/checkpoint_deliverable/data/casia_interval_strips_gt/S1075R03.png,True,True,,
/Users/hrishi/Desktop/dev/Milestone1 BSAI/checkpoint_deliverable/data/CASIA-Iris-Interval/075/R/S1075R02.jpg,1075_R,1075,R,train,S1075R02,True,/Users/hrishi/Desktop/dev/Milestone1 BSAI/checkpoint_deliverable/data/casia_interval_strips/S1075R02.png,/Users/hrishi/Desktop/dev/Milestone1 BSAI/checkpoint_deliverable/data/casia_interval_strips_gt/S1075R02.png,True,True,,
/Users/hrishi/Desktop/dev/Milestone1 BSAI/checkpoint_deliverable/data/CASIA-Iris-Interval/075/R/S1075R01.jpg,1075_R,1075,R,train,S1075R01,True,/Users/hrishi/Desktop/dev/Milestone1 BSAI/checkpoint_deliverable/data/casia_interval_strips/S1075R01.png,/Users/hrishi/Desktop/dev/Milestone1 BSAI/checkpoint_deliverable/data/casia_interval_strips_gt/S1075R01.png,True,True,,
/Users/hrishi/Desktop/dev/Milestone1 BSAI/checkpoint_deliverable/data/CASIA-Iris-Interval/075/R/S1075R05.jpg,1075_R,1075,R,train,S1075R05,True,/Users/hrishi/Desktop/dev/Milestone1 BSAI/checkpoint_deliverable/data/casia_interval_strips/S1075R05.png,/Users/hrishi/Desktop/dev/Milestone1 BSAI/checkpoint_deliverable/data/casia_interval_strips_gt/S1075R05.png,True,True,,
/Users/hrishi/Desktop/dev/Milestone1 BSAI/checkpoint_deliverable/data/CASIA-Iris-Interval/075/R/S1075R04.jpg,1075_R,1075,R,train,S1075R04,True,/Users/hrishi/Desktop/dev/Milestone1 BSAI/checkpoint_deliverable/data/casia_interval_strips/S1075R04.png,/Users/hrishi/Desktop/dev/Milestone1 BSAI/checkpoint_deliverable/data/casia_interval_strips_gt/S1075R04.png,True,True,,
/Users/hrishi/Desktop/dev/Milestone1 BSAI/checkpoint_deliverable/data/CASIA-Iris-Interval/075/R/S1075R06.jpg,1075_R,1075,R,train,S1075R06,True,/Users/hrishi/Desktop/dev/Milestone1 BSAI/checkpoint_deliverable/data/casia_interval_strips/S1075R06.png,/Users/hrishi/Desktop/dev/Milestone1 BSAI/checkpoint_deliverable/data/casia_interval_strips_gt/S1075R06.png,True,True,,
/Users/hrishi/Desktop/dev/Milestone1 BSAI/checkpoint_deliverable/data/CASIA-Iris-Interval/075/L/S1075L04.jpg,1075_L,1075,L,train,S1075L04,True,/Users/hrishi/Desktop/dev/Milestone1 BSAI/checkpoint_deliverable/data/casia_interval_strips/S1075L04.png,/Users/hrishi/Desktop/dev/Milestone1 BSAI/checkpoint_deliverable/data/casia_interval_strips_gt/S1075L04.png,True,True,,
/Users/hrishi/Desktop/dev/Milestone1 BSAI/checkpoint_deliverable/data/CASIA-Iris-Interval/075/L/S1075L05.jpg,1075_L,1075,L,train,S1075L05,True,/Users/hrishi/Desktop/dev/Milestone1 BSAI/checkpoint_deliverable/data/casia_interval_strips/S1075L05.png,/Users/hrishi/Desktop/dev/Milestone1 BSAI/checkpoint_deliverable/data/casia_interval_strips_gt/S1075L05.png,True,True,,
/Users/hrishi/Desktop/dev/Milestone1 BSAI/checkpoint_deliverable/data/CASIA-Iris-Interval/075/L/S1075L06.jpg,1075_L,1075,L,train,S1075L06,True,/Users/hrishi/Desktop/dev/Milestone1 BSAI/checkpoint_deliverable/data/casia_interval_strips/S1075L06.png,/Users/hrishi/Desktop/dev/Milestone1 BSAI/checkpoint_deliverable/data/casia_interval_strips_gt/S1075L06.png,True,True,,
/Users/hrishi/Desktop/dev/Milestone1 BSAI/checkpoint_deliverable/data/CASIA-Iris-Interval/075/L/S1075L02.jpg,1075_L,1075,L,train,S1075L02,True,/Users/hrishi/Desktop/dev/Milestone1 BSAI/checkpoint_deliverable/data/casia_interval_strips/S1075L02.png,/Users/hrishi/Desktop/dev/Milestone1 BSAI/checkpoint_deliverable/data/casia_interval_strips_gt/S1075L02.png,True,True,,
/Users/hrishi/Desktop/dev/Milestone1 BSAI/checkpoint_deliverable/data/CASIA-Iris-Interval/075/L/S1075L03.jpg,1075_L,1075,L,train,S1075L03,True,/Users/hrishi/Desktop/dev/Milestone1 BSAI/checkpoint_deliverable/data/casia_interval_strips/S1075L03.png,/Users/hrishi/Desktop/dev/Milestone1 BSAI/checkpoint_deliverable/data/casia_interval_strips_gt/S1075L03.png,True,True,,
/Users/hrishi/Desktop/dev/Milestone1 BSAI/checkpoint_deliverable/data/CASIA-Iris-Interval/075/L/S1075L01.jpg,1075_L,1075,L,train,S1075L01,True,/Users/hrishi/Desktop/dev/Milestone1 BSAI/checkpoint_deliverable/data/casia_interval_strips/S1075L01.png,/Users/hrishi/Desktop/dev/Milestone1 BSAI/checkpoint_deliverable/data/casia_interval_strips_gt/S1075L01.png,True,True,,
/Users/hrishi/Desktop/dev/Milestone1 BSAI/checkpoint_deliverable/data/CASIA-Iris-Interval/247/R/S1247R01.jpg,1247_R,1247,R,train,S1247R01,True,/Users/hrishi/Desktop/dev/Milestone1 BSAI/checkpoint_deliverable/data/casia_interval_strips/S1247R01.png,/Users/hrishi/Desktop/dev/Milestone1 BSAI/checkpoint_deliverable/data/casia_interval_strips_gt/S1247R01.png,True,True,,
/Users/hrishi/Desktop/dev/Milestone1 BSAI/checkpoint_deliverable/data/CASIA-Iris-Interval/247/R/S1247R03.jpg,1247_R,1247,R,train,S1247R03,True,/Users/hrishi/Desktop/dev/Milestone1 BSAI/checkpoint_deliverable/data/casia_interval_strips/S1247R03.png,/Users/hrishi/Desktop/dev/Milestone1 BSAI/checkpoint_deliverable/data/casia_interval_strips_gt/S1247R03.png,True,True,,
/Users/hrishi/Desktop/dev/Milestone1 BSAI/checkpoint_deliverable/data/CASIA-Iris-Interval/247/R/S1247R02.jpg,1247_R,1247,R,train,S1247R02,True,/Users/hrishi/Desktop/dev/Milestone1 BSAI/checkpoint_deliverable/data/casia_interval_strips/S1247R02.png,/Users/hrishi/Desktop/dev/Milestone1 BSAI/checkpoint_deliverable/data/casia_interval_strips_gt/S1247R02.png,True,True,,
/Users/hrishi/Desktop/dev/Milestone1 BSAI/checkpoint_deliverable/data/CASIA-Iris-Interval/247/R/S1247R06.jpg,1247_R,1247,R,train,S1247R06,True,/Users/hrishi/Desktop/dev/Milestone1 BSAI/checkpoint_deliverable/data/casia_interval_strips/S1247R06.png,/Users/hrishi/Desktop/dev/Milestone1 BSAI/checkpoint_deliverable/data/casia_interval_strips_gt/S1247R06.png,True,True,,
/Users/hrishi/Desktop/dev/Milestone1 BSAI/checkpoint_deliverable/data/CASIA-Iris-Interval/247/R/S1247R07.jpg,1247_R,1247,R,train,S1247R07,True,/Users/hrishi/Desktop/dev/Milestone1 BSAI/checkpoint_deliverable/data/casia_interval_strips/S1247R07.png,/Users/hrishi/Desktop/dev/Milestone1 BSAI/checkpoint_deliverable/data/casia_interval_strips_gt/S1247R07.png,True,True,,
/Users/hrishi/Desktop/dev/Milestone1 BSAI/checkpoint_deliverable/data/CASIA-Iris-Interval/247/R/S1247R05.jpg,1247_R,1247,R,train,S1247R05,True,/Users/hrishi/Desktop/dev/Milestone1 BSAI/checkpoint_deliverable/data/casia_interval_strips/S1247R05.png,/Users/hrishi/Desktop/dev/Milestone1 BSAI/checkpoint_deliverable/data/casia_interval_strips_gt/S1247R05.png,True,True,,
/Users/hrishi/Desktop/dev/Milestone1 BSAI/checkpoint_deliverable/data/CASIA-Iris-Interval/247/R/S1247R04.jpg,1247_R,1247,R,train,S1247R04,True,/Users/hrishi/Desktop/dev/Milestone1 BSAI/checkpoint_deliverable/data/casia_interval_strips/S1247R04.png,/Users/hrishi/Desktop/dev/Milestone1 BSAI/checkpoint_deliverable/data/casia_interval_strips_gt/S1247R04.png,True,True,,
/Users/hrishi/Desktop/dev/Milestone1 BSAI/checkpoint_deliverable/data/CASIA-Iris-Interval/247/R/S1247R08.jpg,1247_R,1247,R,train,S1247R08,True,/Users/hrishi/Desktop/dev/Milestone1 BSAI/checkpoint_deliverable/data/casia_interval_strips/S1247R08.png,/Users/hrishi/Desktop/dev/Milestone1 BSAI/checkpoint_deliverable/data/casia_interval_strips_gt/S1247R08.png,True,True,,
/Users/hrishi/Desktop/dev/Milestone1 BSAI/checkpoint_deliverable/data/CASIA-Iris-Interval/240/L/S1240L04.jpg,1240_L,1240,L,train,S1240L04,True,/Users/hrishi/Desktop/dev/Milestone1 BSAI/checkpoint_deliverable/data/casia_interval_strips/S1240L04.png,/Users/hrishi/Desktop/dev/Milestone1 BSAI/checkpoint_deliverable/data/casia_interval_strips_gt/S1240L04.png,True,True,,
/Users/hrishi/Desktop/dev/Milestone1 BSAI/checkpoint_deliverable/data/CASIA-Iris-Interval/240/L/S1240L05.jpg,1240_L,1240,L,train,S1240L05,True,/Users/hrishi/Desktop/dev/Milestone1 BSAI/checkpoint_deliverable/data/casia_interval_strips/S1240L05.png,/Users/hrishi/Desktop/dev/Milestone1 BSAI/checkpoint_deliverable/data/casia_interval_strips_gt/S1240L05.png,True,True,,
/Users/hrishi/Desktop/dev/Milestone1 BSAI/checkpoint_deliverable/data/CASIA-Iris-Interval/240/L/S1240L01.jpg,1240_L,1240,L,train,S1240L01,True,/Users/hrishi/Desktop/dev/Milestone1 BSAI/checkpoint_deliverable/data/casia_interval_strips/S1240L01.png,/Users/hrishi/Desktop/dev/Milestone1 BSAI/checkpoint_deliverable/data/casia_interval_strips_gt/S1240L01.png,True,True,,
/Users/hrishi/Desktop/dev/Milestone1 BSAI/checkpoint_deliverable/data/CASIA-Iris-Interval/240/L/S1240L02.jpg,1240_L,1240,L,train,S1240L02,True,/Users/hrishi/Desktop/dev/Milestone1 BSAI/checkpoint_deliverable/data/casia_interval_strips/S1240L02.png,/Users/hrishi/Desktop/dev/Milestone1 BSAI/checkpoint_deliverable/data/casia_interval_strips_gt/S1240L02.png,True,True,,
/Users/hrishi/Desktop/dev/Milestone1 BSAI/checkpoint_deliverable/data/CASIA-Iris-Interval/240/L/S1240L03.jpg,1240_L,1240,L,train,S1240L03,True,/Users/hrishi/Desktop/dev/Milestone1 BSAI/checkpoint_deliverable/data/casia_interval_strips/S1240L03.png,/Users/hrishi/Desktop/dev/Milestone1 BSAI/checkpoint_deliverable/data/casia_interval_strips_gt/S1240L03.png,True,True,,
/Users/hrishi/Desktop/dev/Milestone1 BSAI/checkpoint_deliverable/data/CASIA-Iris-Interval/072/R/S1072R03.jpg,1072_R,1072,R,test,S1072R03,True,/Users/hrishi/Desktop/dev/Milestone1 BSAI/checkpoint_deliverable/data/casia_interval_strips/S1072R03.png,/Users/hrishi/Desktop/dev/Milestone1 BSAI/checkpoint_deliverable/data/casia_interval_strips_gt/S1072R03.png,True,True,,
/Users/hrishi/Desktop/dev/Milestone1 BSAI/checkpoint_deliverable/data/CASIA-Iris-Interval/072/R/S1072R02.jpg,1072_R,1072,R,test,S1072R02,True,/Users/hrishi/Desktop/dev/Milestone1 BSAI/checkpoint_deliverable/data/casia_interval_strips/S1072R02.png,/Users/hrishi/Desktop/dev/Milestone1 BSAI/checkpoint_deliverable/data/casia_interval_strips_gt/S1072R02.png,True,True,,
/Users/hrishi/Desktop/dev/Milestone1 BSAI/checkpoint_deliverable/data/CASIA-Iris-Interval/072/R/S1072R01.jpg,1072_R,1072,R,test,S1072R01,True,/Users/hrishi/Desktop/dev/Milestone1 BSAI/checkpoint_deliverable/data/casia_interval_strips/S1072R01.png,/Users/hrishi/Desktop/dev/Milestone1 BSAI/checkpoint_deliverable/data/casia_interval_strips_gt/S1072R01.png,True,True,,
/Users/hrishi/Desktop/dev/Milestone1 BSAI/checkpoint_deliverable/data/CASIA-Iris-Interval/072/R/S1072R05.jpg,1072_R,1072,R,test,S1072R05,True,/Users/hrishi/Desktop/dev/Milestone1 BSAI/checkpoint_deliverable/data/casia_interval_strips/S1072R05.png,/Users/hrishi/Desktop/dev/Milestone1 BSAI/checkpoint_deliverable/data/casia_interval_strips_gt/S1072R05.png,True,True,,
/Users/hrishi/Desktop/dev/Milestone1 BSAI/checkpoint_deliverable/data/CASIA-Iris-Interval/072/R/S1072R04.jpg,1072_R,1072,R,test,S1072R04,True,/Users/hrishi/Desktop/dev/Milestone1 BSAI/checkpoint_deliverable/data/casia_interval_strips/S1072R04.png,/Users/hrishi/Desktop/dev/Milestone1 BSAI/checkpoint_deliverable/data/casia_interval_strips_gt/S1072R04.png,True,True,,
/Users/hrishi/Desktop/dev/Milestone1 BSAI/checkpoint_deliverable/data/CASIA-Iris-Interval/072/R/S1072R06.jpg,1072_R,1072,R,test,S1072R06,True,/Users/hrishi/Desktop/dev/Milestone1 BSAI/checkpoint_deliverable/data/casia_interval_strips/S1072R06.png,/Users/hrishi/Desktop/dev/Milestone1 BSAI/checkpoint_deliverable/data/casia_interval_strips_gt/S1072R06.png,True,True,,
/Users/hrishi/Desktop/dev/Milestone1 BSAI/checkpoint_deliverable/data/CASIA-Iris-Interval/072/R/S1072R07.jpg,1072_R,1072,R,test,S1072R07,True,/Users/hrishi/Desktop/dev/Milestone1 BSAI/checkpoint_deliverable/data/casia_interval_strips/S1072R07.png,/Users/hrishi/Desktop/dev/Milestone1 BSAI/checkpoint_deliverable/data/casia_interval_strips_gt/S1072R07.png,True,True,,
/Users/hrishi/Desktop/dev/Milestone1 BSAI/checkpoint_deliverable/data/CASIA-Iris-Interval/072/L/S1072L04.jpg,1072_L,1072,L,train,S1072L04,True,/Users/hrishi/Desktop/dev/Milestone1 BSAI/checkpoint_deliverable/data/casia_interval_strips/S1072L04.png,/Users/hrishi/Desktop/dev/Milestone1 BSAI/checkpoint_deliverable/data/casia_interval_strips_gt/S1072L04.png,True,True,,
/Users/hrishi/Desktop/dev/Milestone1 BSAI/checkpoint_deliverable/data/CASIA-Iris-Interval/072/L/S1072L05.jpg,1072_L,1072,L,train,S1072L05,True,/Users/hrishi/Desktop/dev/Milestone1 BSAI/checkpoint_deliverable/data/casia_interval_strips/S1072L05.png,/Users/hrishi/Desktop/dev/Milestone1 BSAI/checkpoint_deliverable/data/casia_interval_strips_gt/S1072L05.png,True,True,,
/Users/hrishi/Desktop/dev/Milestone1 BSAI/checkpoint_deliverable/data/CASIA-Iris-Interval/072/L/S1072L07.jpg,1072_L,1072,L,train,S1072L07,True,/Users/hrishi/Desktop/dev/Milestone1 BSAI/checkpoint_deliverable/data/casia_interval_strips/S1072L07.png,/Users/hrishi/Desktop/dev/Milestone1 BSAI/checkpoint_deliverable/data/casia_interval_strips_gt/S1072L07.png,True,True,,
/Users/hrishi/Desktop/dev/Milestone1 BSAI/checkpoint_deliverable/data/CASIA-Iris-Interval/072/L/S1072L06.jpg,1072_L,1072,L,train,S1072L06,True,/Users/hrishi/Desktop/dev/Milestone1 BSAI/checkpoint_deliverable/data/casia_interval_strips/S1072L06.png,/Users/hrishi/Desktop/dev/Milestone1 BSAI/checkpoint_deliverable/data/casia_interval_strips_gt/S1072L06.png,True,True,,
/Users/hrishi/Desktop/dev/Milestone1 BSAI/checkpoint_deliverable/data/CASIA-Iris-Interval/072/L/S1072L02.jpg,1072_L,1072,L,train,S1072L02,True,/Users/hrishi/Desktop/dev/Milestone1 BSAI/checkpoint_deliverable/data/casia_interval_strips/S1072L02.png,/Users/hrishi/Desktop/dev/Milestone1 BSAI/checkpoint_deliverable/data/casia_interval_strips_gt/S1072L02.png,True,True,,
/Users/hrishi/Desktop/dev/Milestone1 BSAI/checkpoint_deliverable/data/CASIA-Iris-Interval/072/L/S1072L03.jpg,1072_L,1072,L,train,S1072L03,True,/Users/hrishi/Desktop/dev/Milestone1 BSAI/checkpoint_deliverable/data/casia_interval_strips/S1072L03.png,/Users/hrishi/Desktop/dev/Milestone1 BSAI/checkpoint_deliverable/data/casia_interval_strips_gt/S1072L03.png,True,True,,
/Users/hrishi/Desktop/dev/Milestone1 BSAI/checkpoint_deliverable/data/CASIA-Iris-Interval/072/L/S1072L01.jpg,1072_L,1072,L,train,S1072L01,True,/Users/hrishi/Desktop/dev/Milestone1 BSAI/checkpoint_deliverable/data/casia_interval_strips/S1072L01.png,/Users/hrishi/Desktop/dev/Milestone1 BSAI/checkpoint_deliverable/data/casia_interval_strips_gt/S1072L01.png,True,True,,
/Users/hrishi/Desktop/dev/Milestone1 BSAI/checkpoint_deliverable/data/CASIA-Iris-Interval/086/R/S1086R01.jpg,1086_R,1086,R,test,S1086R01,True,/Users/hrishi/Desktop/dev/Milestone1 BSAI/checkpoint_deliverable/data/casia_interval_strips/S1086R01.png,/Users/hrishi/Desktop/dev/Milestone1 BSAI/checkpoint_deliverable/data/casia_interval_strips_gt/S1086R01.png,True,True,,
/Users/hrishi/Desktop/dev/Milestone1 BSAI/checkpoint_deliverable/data/CASIA-Iris-Interval/086/R/S1086R03.jpg,1086_R,1086,R,test,S1086R03,True,/Users/hrishi/Desktop/dev/Milestone1 BSAI/checkpoint_deliverable/data/casia_interval_strips/S1086R03.png,/Users/hrishi/Desktop/dev/Milestone1 BSAI/checkpoint_deliverable/data/casia_interval_strips_gt/S1086R03.png,True,True,,
/Users/hrishi/Desktop/dev/Milestone1 BSAI/checkpoint_deliverable/data/CASIA-Iris-Interval/086/R/S1086R02.jpg,1086_R,1086,R,test,S1086R02,True,/Users/hrishi/Desktop/dev/Milestone1 BSAI/checkpoint_deliverable/data/casia_interval_strips/S1086R02.png,/Users/hrishi/Desktop/dev/Milestone1 BSAI/checkpoint_deliverable/data/casia_interval_strips_gt/S1086R02.png,True,True,,
/Users/hrishi/Desktop/dev/Milestone1 BSAI/checkpoint_deliverable/data/CASIA-Iris-Interval/086/R/S1086R06.jpg,1086_R,1086,R,test,S1086R06,True,/Users/hrishi/Desktop/dev/Milestone1 BSAI/checkpoint_deliverable/data/casia_interval_strips/S1086R06.png,/Users/hrishi/Desktop/dev/Milestone1 BSAI/checkpoint_deliverable/data/casia_interval_strips_gt/S1086R06.png,True,True,,
/Users/hrishi/Desktop/dev/Milestone1 BSAI/checkpoint_deliverable/data/CASIA-Iris-Interval/086/R/S1086R07.jpg,1086_R,1086,R,test,S1086R07,True,/Users/hrishi/Desktop/dev/Milestone1 BSAI/checkpoint_deliverable/data/casia_interval_strips/S1086R07.png,/Users/hrishi/Desktop/dev/Milestone1 BSAI/checkpoint_deliverable/data/casia_interval_strips_gt/S1086R07.png,True,True,,
/Users/hrishi/Desktop/dev/Milestone1 BSAI/checkpoint_deliverable/data/CASIA-Iris-Interval/086/R/S1086R05.jpg,1086_R,1086,R,test,S1086R05,True,/Users/hrishi/Desktop/dev/Milestone1 BSAI/checkpoint_deliverable/data/casia_interval_strips/S1086R05.png,/Users/hrishi/Desktop/dev/Milestone1 BSAI/checkpoint_deliverable/data/casia_interval_strips_gt/S1086R05.png,True,True,,
/Users/hrishi/Desktop/dev/Milestone1 BSAI/checkpoint_deliverable/data/CASIA-Iris-Interval/086/R/S1086R04.jpg,1086_R,1086,R,test,S1086R04,True,/Users/hrishi/Desktop/dev/Milestone1 BSAI/checkpoint_deliverable/data/casia_interval_strips/S1086R04.png,/Users/hrishi/Desktop/dev/Milestone1 BSAI/checkpoint_deliverable/data/casia_interval_strips_gt/S1086R04.png,True,True,,
/Users/hrishi/Desktop/dev/Milestone1 BSAI/checkpoint_deliverable/data/CASIA-Iris-Interval/086/L/S1086L06.jpg,1086_L,1086,L,train,S1086L06,True,/Users/hrishi/Desktop/dev/Milestone1 BSAI/checkpoint_deliverable/data/casia_interval_strips/S1086L06.png,/Users/hrishi/Desktop/dev/Milestone1 BSAI/checkpoint_deliverable/data/casia_interval_strips_gt/S1086L06.png,True,True,,
/Users/hrishi/Desktop/dev/Milestone1 BSAI/checkpoint_deliverable/data/CASIA-Iris-Interval/086/L/S1086L04.jpg,1086_L,1086,L,train,S1086L04,True,/Users/hrishi/Desktop/dev/Milestone1 BSAI/checkpoint_deliverable/data/casia_interval_strips/S1086L04.png,/Users/hrishi/Desktop/dev/Milestone1 BSAI/checkpoint_deliverable/data/casia_interval_strips_gt/S1086L04.png,True,True,,
/Users/hrishi/Desktop/dev/Milestone1 BSAI/checkpoint_deliverable/data/CASIA-Iris-Interval/086/L/S1086L05.jpg,1086_L,1086,L,train,S1086L05,True,/Users/hrishi/Desktop/dev/Milestone1 BSAI/checkpoint_deliverable/data/casia_interval_strips/S1086L05.png,/Users/hrishi/Desktop/dev/Milestone1 BSAI/checkpoint_deliverable/data/casia_interval_strips_gt/S1086L05.png,True,True,,
/Users/hrishi/Desktop/dev/Milestone1 BSAI/checkpoint_deliverable/data/CASIA-Iris-Interval/086/L/S1086L01.jpg,1086_L,1086,L,train,S1086L01,True,/Users/hrishi/Desktop/dev/Milestone1 BSAI/checkpoint_deliverable/data/casia_interval_strips/S1086L01.png,/Users/hrishi/Desktop/dev/Milestone1 BSAI/checkpoint_deliverable/data/casia_interval_strips_gt/S1086L01.png,True,True,,
/Users/hrishi/Desktop/dev/Milestone1 BSAI/checkpoint_deliverable/data/CASIA-Iris-Interval/086/L/S1086L02.jpg,1086_L,1086,L,train,S1086L02,True,/Users/hrishi/Desktop/dev/Milestone1 BSAI/checkpoint_deliverable/data/casia_interval_strips/S1086L02.png,/Users/hrishi/Desktop/dev/Milestone1 BSAI/checkpoint_deliverable/data/casia_interval_strips_gt/S1086L02.png,True,True,,
/Users/hrishi/Desktop/dev/Milestone1 BSAI/checkpoint_deliverable/data/CASIA-Iris-Interval/086/L/S1086L03.jpg,1086_L,1086,L,train,S1086L03,True,/Users/hrishi/Desktop/dev/Milestone1 BSAI/checkpoint_deliverable/data/casia_interval_strips/S1086L03.png,/Users/hrishi/Desktop/dev/Milestone1 BSAI/checkpoint_deliverable/data/casia_interval_strips_gt/S1086L03.png,True,True,,
/Users/hrishi/Desktop/dev/Milestone1 BSAI/checkpoint_deliverable/data/CASIA-Iris-Interval/249/R/S1249R02.jpg,1249_R,1249,R,train,S1249R02,True,/Users/hrishi/Desktop/dev/Milestone1 BSAI/checkpoint_deliverable/data/casia_interval_strips/S1249R02.png,/Users/hrishi/Desktop/dev/Milestone1 BSAI/checkpoint_deliverable/data/casia_interval_strips_gt/S1249R02.png,True,True,,
/Users/hrishi/Desktop/dev/Milestone1 BSAI/checkpoint_deliverable/data/CASIA-Iris-Interval/249/R/S1249R01.jpg,1249_R,1249,R,train,S1249R01,True,/Users/hrishi/Desktop/dev/Milestone1 BSAI/checkpoint_deliverable/data/casia_interval_strips/S1249R01.png,/Users/hrishi/Desktop/dev/Milestone1 BSAI/checkpoint_deliverable/data/casia_interval_strips_gt/S1249R01.png,True,True,,
/Users/hrishi/Desktop/dev/Milestone1 BSAI/checkpoint_deliverable/data/CASIA-Iris-Interval/044/R/S1044R01.jpg,1044_R,1044,R,train,S1044R01,True,/Users/hrishi/Desktop/dev/Milestone1 BSAI/checkpoint_deliverable/data/casia_interval_strips/S1044R01.png,/Users/hrishi/Desktop/dev/Milestone1 BSAI/checkpoint_deliverable/data/casia_interval_strips_gt/S1044R01.png,True,True,,
/Users/hrishi/Desktop/dev/Milestone1 BSAI/checkpoint_deliverable/data/CASIA-Iris-Interval/044/L/S1044L05.jpg,1044_L,1044,L,train,S1044L05,True,/Users/hrishi/Desktop/dev/Milestone1 BSAI/checkpoint_deliverable/data/casia_interval_strips/S1044L05.png,/Users/hrishi/Desktop/dev/Milestone1 BSAI/checkpoint_deliverable/data/casia_interval_strips_gt/S1044L05.png,True,True,,
/Users/hrishi/Desktop/dev/Milestone1 BSAI/checkpoint_deliverable/data/CASIA-Iris-Interval/044/L/S1044L04.jpg,1044_L,1044,L,train,S1044L04,True,/Users/hrishi/Desktop/dev/Milestone1 BSAI/checkpoint_deliverable/data/casia_interval_strips/S1044L04.png,/Users/hrishi/Desktop/dev/Milestone1 BSAI/checkpoint_deliverable/data/casia_interval_strips_gt/S1044L04.png,True,True,,
/Users/hrishi/Desktop/dev/Milestone1 BSAI/checkpoint_deliverable/data/CASIA-Iris-Interval/044/L/S1044L06.jpg,1044_L,1044,L,train,S1044L06,True,/Users/hrishi/Desktop/dev/Milestone1 BSAI/checkpoint_deliverable/data/casia_interval_strips/S1044L06.png,/Users/hrishi/Desktop/dev/Milestone1 BSAI/checkpoint_deliverable/data/casia_interval_strips_gt/S1044L06.png,True,True,,
/Users/hrishi/Desktop/dev/Milestone1 BSAI/checkpoint_deliverable/data/CASIA-Iris-Interval/044/L/S1044L03.jpg,1044_L,1044,L,train,S1044L03,True,/Users/hrishi/Desktop/dev/Milestone1 BSAI/checkpoint_deliverable/data/casia_interval_strips/S1044L03.png,/Users/hrishi/Desktop/dev/Milestone1 BSAI/checkpoint_deliverable/data/casia_interval_strips_gt/S1044L03.png,True,True,,
/Users/hrishi/Desktop/dev/Milestone1 BSAI/checkpoint_deliverable/data/CASIA-Iris-Interval/044/L/S1044L02.jpg,1044_L,1044,L,train,S1044L02,True,/Users/hrishi/Desktop/dev/Milestone1 BSAI/checkpoint_deliverable/data/casia_interval_strips/S1044L02.png,/Users/hrishi/Desktop/dev/Milestone1 BSAI/checkpoint_deliverable/data/casia_interval_strips_gt/S1044L02.png,True,True,,
/Users/hrishi/Desktop/dev/Milestone1 BSAI/checkpoint_deliverable/data/CASIA-Iris-Interval/044/L/S1044L01.jpg,1044_L,1044,L,train,S1044L01,True,/Users/hrishi/Desktop/dev/Milestone1 BSAI/checkpoint_deliverable/data/casia_interval_strips/S1044L01.png,/Users/hrishi/Desktop/dev/Milestone1 BSAI/checkpoint_deliverable/data/casia_interval_strips_gt/S1044L01.png,True,True,,
/Users/hrishi/Desktop/dev/Milestone1 BSAI/checkpoint_deliverable/data/CASIA-Iris-Interval/088/R/S1088R05.jpg,1088_R,1088,R,train,S1088R05,True,/Users/hrishi/Desktop/dev/Milestone1 BSAI/checkpoint_deliverable/data/casia_interval_strips/S1088R05.png,/Users/hrishi/Desktop/dev/Milestone1 BSAI/checkpoint_deliverable/data/casia_interval_strips_gt/S1088R05.png,True,True,,
/Users/hrishi/Desktop/dev/Milestone1 BSAI/checkpoint_deliverable/data/CASIA-Iris-Interval/088/R/S1088R04.jpg,1088_R,1088,R,train,S1088R04,True,/Users/hrishi/Desktop/dev/Milestone1 BSAI/checkpoint_deliverable/data/casia_interval_strips/S1088R04.png,/Users/hrishi/Desktop/dev/Milestone1 BSAI/checkpoint_deliverable/data/casia_interval_strips_gt/S1088R04.png,True,True,,
/Users/hrishi/Desktop/dev/Milestone1 BSAI/checkpoint_deliverable/data/CASIA-Iris-Interval/088/R/S1088R06.jpg,1088_R,1088,R,train,S1088R06,True,/Users/hrishi/Desktop/dev/Milestone1 BSAI/checkpoint_deliverable/data/casia_interval_strips/S1088R06.png,/Users/hrishi/Desktop/dev/Milestone1 BSAI/checkpoint_deliverable/data/casia_interval_strips_gt/S1088R06.png,True,True,,
/Users/hrishi/Desktop/dev/Milestone1 BSAI/checkpoint_deliverable/data/CASIA-Iris-Interval/088/R/S1088R07.jpg,1088_R,1088,R,train,S1088R07,True,/Users/hrishi/Desktop/dev/Milestone1 BSAI/checkpoint_deliverable/data/casia_interval_strips/S1088R07.png,/Users/hrishi/Desktop/dev/Milestone1 BSAI/checkpoint_deliverable/data/casia_interval_strips_gt/S1088R07.png,True,True,,
/Users/hrishi/Desktop/dev/Milestone1 BSAI/checkpoint_deliverable/data/CASIA-Iris-Interval/088/R/S1088R03.jpg,1088_R,1088,R,train,S1088R03,True,/Users/hrishi/Desktop/dev/Milestone1 BSAI/checkpoint_deliverable/data/casia_interval_strips/S1088R03.png,/Users/hrishi/Desktop/dev/Milestone1 BSAI/checkpoint_deliverable/data/casia_interval_strips_gt/S1088R03.png,True,True,,
/Users/hrishi/Desktop/dev/Milestone1 BSAI/checkpoint_deliverable/data/CASIA-Iris-Interval/088/R/S1088R02.jpg,1088_R,1088,R,train,S1088R02,True,/Users/hrishi/Desktop/dev/Milestone1 BSAI/checkpoint_deliverable/data/casia_interval_strips/S1088R02.png,/Users/hrishi/Desktop/dev/Milestone1 BSAI/checkpoint_deliverable/data/casia_interval_strips_gt/S1088R02.png,True,True,,
/Users/hrishi/Desktop/dev/Milestone1 BSAI/checkpoint_deliverable/data/CASIA-Iris-Interval/088/R/S1088R01.jpg,1088_R,1088,R,train,S1088R01,True,/Users/hrishi/Desktop/dev/Milestone1 BSAI/checkpoint_deliverable/data/casia_interval_strips/S1088R01.png,/Users/hrishi/Desktop/dev/Milestone1 BSAI/checkpoint_deliverable/data/casia_interval_strips_gt/S1088R01.png,True,True,,
/Users/hrishi/Desktop/dev/Milestone1 BSAI/checkpoint_deliverable/data/CASIA-Iris-Interval/088/L/S1088L02.jpg,1088_L,1088,L,train,S1088L02,True,/Users/hrishi/Desktop/dev/Milestone1 BSAI/checkpoint_deliverable/data/casia_interval_strips/S1088L02.png,/Users/hrishi/Desktop/dev/Milestone1 BSAI/checkpoint_deliverable/data/casia_interval_strips_gt/S1088L02.png,True,True,,
/Users/hrishi/Desktop/dev/Milestone1 BSAI/checkpoint_deliverable/data/CASIA-Iris-Interval/088/L/S1088L03.jpg,1088_L,1088,L,train,S1088L03,True,/Users/hrishi/Desktop/dev/Milestone1 BSAI/checkpoint_deliverable/data/casia_interval_strips/S1088L03.png,/Users/hrishi/Desktop/dev/Milestone1 BSAI/checkpoint_deliverable/data/casia_interval_strips_gt/S1088L03.png,True,True,,
/Users/hrishi/Desktop/dev/Milestone1 BSAI/checkpoint_deliverable/data/CASIA-Iris-Interval/088/L/S1088L01.jpg,1088_L,1088,L,train,S1088L01,True,/Users/hrishi/Desktop/dev/Milestone1 BSAI/checkpoint_deliverable/data/casia_interval_strips/S1088L01.png,/Users/hrishi/Desktop/dev/Milestone1 BSAI/checkpoint_deliverable/data/casia_interval_strips_gt/S1088L01.png,True,True,,
/Users/hrishi/Desktop/dev/Milestone1 BSAI/checkpoint_deliverable/data/CASIA-Iris-Interval/088/L/S1088L04.jpg,1088_L,1088,L,train,S1088L04,True,/Users/hrishi/Desktop/dev/Milestone1 BSAI/checkpoint_deliverable/data/casia_interval_strips/S1088L04.png,/Users/hrishi/Desktop/dev/Milestone1 BSAI/checkpoint_deliverable/data/casia_interval_strips_gt/S1088L04.png,True,True,,
/Users/hrishi/Desktop/dev/Milestone1 BSAI/checkpoint_deliverable/data/CASIA-Iris-Interval/088/L/S1088L05.jpg,1088_L,1088,L,train,S1088L05,True,/Users/hrishi/Desktop/dev/Milestone1 BSAI/checkpoint_deliverable/data/casia_interval_strips/S1088L05.png,/Users/hrishi/Desktop/dev/Milestone1 BSAI/checkpoint_deliverable/data/casia_interval_strips_gt/S1088L05.png,True,True,,
/Users/hrishi/Desktop/dev/Milestone1 BSAI/checkpoint_deliverable/data/CASIA-Iris-Interval/088/L/S1088L07.jpg,1088_L,1088,L,train,S1088L07,True,/Users/hrishi/Desktop/dev/Milestone1 BSAI/checkpoint_deliverable/data/casia_interval_strips/S1088L07.png,/Users/hrishi/Desktop/dev/Milestone1 BSAI/checkpoint_deliverable/data/casia_interval_strips_gt/S1088L07.png,True,True,,
/Users/hrishi/Desktop/dev/Milestone1 BSAI/checkpoint_deliverable/data/CASIA-Iris-Interval/088/L/S1088L06.jpg,1088_L,1088,L,train,S1088L06,True,/Users/hrishi/Desktop/dev/Milestone1 BSAI/checkpoint_deliverable/data/casia_interval_strips/S1088L06.png,/Users/hrishi/Desktop/dev/Milestone1 BSAI/checkpoint_deliverable/data/casia_interval_strips_gt/S1088L06.png,True,True,,
/Users/hrishi/Desktop/dev/Milestone1 BSAI/checkpoint_deliverable/data/CASIA-Iris-Interval/043/R/S1043R08.jpg,1043_R,1043,R,train,S1043R08,True,/Users/hrishi/Desktop/dev/Milestone1 BSAI/checkpoint_deliverable/data/casia_interval_strips/S1043R08.png,/Users/hrishi/Desktop/dev/Milestone1 BSAI/checkpoint_deliverable/data/casia_interval_strips_gt/S1043R08.png,True,True,,
/Users/hrishi/Desktop/dev/Milestone1 BSAI/checkpoint_deliverable/data/CASIA-Iris-Interval/043/R/S1043R09.jpg,1043_R,1043,R,train,S1043R09,True,/Users/hrishi/Desktop/dev/Milestone1 BSAI/checkpoint_deliverable/data/casia_interval_strips/S1043R09.png,/Users/hrishi/Desktop/dev/Milestone1 BSAI/checkpoint_deliverable/data/casia_interval_strips_gt/S1043R09.png,True,True,,
/Users/hrishi/Desktop/dev/Milestone1 BSAI/checkpoint_deliverable/data/CASIA-Iris-Interval/043/R/S1043R02.jpg,1043_R,1043,R,train,S1043R02,True,/Users/hrishi/Desktop/dev/Milestone1 BSAI/checkpoint_deliverable/data/casia_interval_strips/S1043R02.png,/Users/hrishi/Desktop/dev/Milestone1 BSAI/checkpoint_deliverable/data/casia_interval_strips_gt/S1043R02.png,True,True,,
/Users/hrishi/Desktop/dev/Milestone1 BSAI/checkpoint_deliverable/data/CASIA-Iris-Interval/043/R/S1043R03.jpg,1043_R,1043,R,train,S1043R03,True,/Users/hrishi/Desktop/dev/Milestone1 BSAI/checkpoint_deliverable/data/casia_interval_strips/S1043R03.png,/Users/hrishi/Desktop/dev/Milestone1 BSAI/checkpoint_deliverable/data/casia_interval_strips_gt/S1043R03.png,True,True,,
/Users/hrishi/Desktop/dev/Milestone1 BSAI/checkpoint_deliverable/data/CASIA-Iris-Interval/043/R/S1043R01.jpg,1043_R,1043,R,train,S1043R01,True,/Users/hrishi/Desktop/dev/Milestone1 BSAI/checkpoint_deliverable/data/casia_interval_strips/S1043R01.png,/Users/hrishi/Desktop/dev/Milestone1 BSAI/checkpoint_deliverable/data/casia_interval_strips_gt/S1043R01.png,True,True,,
/Users/hrishi/Desktop/dev/Milestone1 BSAI/checkpoint_deliverable/data/CASIA-Iris-Interval/043/R/S1043R04.jpg,1043_R,1043,R,train,S1043R04,True,/Users/hrishi/Desktop/dev/Milestone1 BSAI/checkpoint_deliverable/data/casia_interval_strips/S1043R04.png,/Users/hrishi/Desktop/dev/Milestone1 BSAI/checkpoint_deliverable/data/casia_interval_strips_gt/S1043R04.png,True,True,,
/Users/hrishi/Desktop/dev/Milestone1 BSAI/checkpoint_deliverable/data/CASIA-Iris-Interval/043/R/S1043R05.jpg,1043_R,1043,R,train,S1043R05,True,/Users/hrishi/Desktop/dev/Milestone1 BSAI/checkpoint_deliverable/data/casia_interval_strips/S1043R05.png,/Users/hrishi/Desktop/dev/Milestone1 BSAI/checkpoint_deliverable/data/casia_interval_strips_gt/S1043R05.png,True,True,,
/Users/hrishi/Desktop/dev/Milestone1 BSAI/checkpoint_deliverable/data/CASIA-Iris-Interval/043/R/S1043R07.jpg,1043_R,1043,R,train,S1043R07,True,/Users/hrishi/Desktop/dev/Milestone1 BSAI/checkpoint_deliverable/data/casia_interval_strips/S1043R07.png,/Users/hrishi/Desktop/dev/Milestone1 BSAI/checkpoint_deliverable/data/casia_interval_strips_gt/S1043R07.png,True,True,,
/Users/hrishi/Desktop/dev/Milestone1 BSAI/checkpoint_deliverable/data/CASIA-Iris-Interval/043/R/S1043R06.jpg,1043_R,1043,R,train,S1043R06,True,/Users/hrishi/Desktop/dev/Milestone1 BSAI/checkpoint_deliverable/data/casia_interval_strips/S1043R06.png,/Users/hrishi/Desktop/dev/Milestone1 BSAI/checkpoint_deliverable/data/casia_interval_strips_gt/S1043R06.png,True,True,,
/Users/hrishi/Desktop/dev/Milestone1 BSAI/checkpoint_deliverable/data/CASIA-Iris-Interval/043/L/S1043L09.jpg,1043_L,1043,L,test,S1043L09,True,/Users/hrishi/Desktop/dev/Milestone1 BSAI/checkpoint_deliverable/data/casia_interval_strips/S1043L09.png,/Users/hrishi/Desktop/dev/Milestone1 BSAI/checkpoint_deliverable/data/casia_interval_strips_gt/S1043L09.png,True,True,,
/Users/hrishi/Desktop/dev/Milestone1 BSAI/checkpoint_deliverable/data/CASIA-Iris-Interval/043/L/S1043L08.jpg,1043_L,1043,L,test,S1043L08,True,/Users/hrishi/Desktop/dev/Milestone1 BSAI/checkpoint_deliverable/data/casia_interval_strips/S1043L08.png,/Users/hrishi/Desktop/dev/Milestone1 BSAI/checkpoint_deliverable/data/casia_interval_strips_gt/S1043L08.png,True,True,,
/Users/hrishi/Desktop/dev/Milestone1 BSAI/checkpoint_deliverable/data/CASIA-Iris-Interval/043/L/S1043L05.jpg,1043_L,1043,L,test,S1043L05,True,/Users/hrishi/Desktop/dev/Milestone1 BSAI/checkpoint_deliverable/data/casia_interval_strips/S1043L05.png,/Users/hrishi/Desktop/dev/Milestone1 BSAI/checkpoint_deliverable/data/casia_interval_strips_gt/S1043L05.png,True,True,,
/Users/hrishi/Desktop/dev/Milestone1 BSAI/checkpoint_deliverable/data/CASIA-Iris-Interval/043/L/S1043L10.jpg,1043_L,1043,L,test,S1043L10,True,/Users/hrishi/Desktop/dev/Milestone1 BSAI/checkpoint_deliverable/data/casia_interval_strips/S1043L10.png,/Users/hrishi/Desktop/dev/Milestone1 BSAI/checkpoint_deliverable/data/casia_interval_strips_gt/S1043L10.png,True,True,,
/Users/hrishi/Desktop/dev/Milestone1 BSAI/checkpoint_deliverable/data/CASIA-Iris-Interval/043/L/S1043L04.jpg,1043_L,1043,L,test,S1043L04,True,/Users/hrishi/Desktop/dev/Milestone1 BSAI/checkpoint_deliverable/data/casia_interval_strips/S1043L04.png,/Users/hrishi/Desktop/dev/Milestone1 BSAI/checkpoint_deliverable/data/casia_interval_strips_gt/S1043L04.png,True,True,,
/Users/hrishi/Desktop/dev/Milestone1 BSAI/checkpoint_deliverable/data/CASIA-Iris-Interval/043/L/S1043L06.jpg,1043_L,1043,L,test,S1043L06,True,/Users/hrishi/Desktop/dev/Milestone1 BSAI/checkpoint_deliverable/data/casia_interval_strips/S1043L06.png,/Users/hrishi/Desktop/dev/Milestone1 BSAI/checkpoint_deliverable/data/casia_interval_strips_gt/S1043L06.png,True,True,,
/Users/hrishi/Desktop/dev/Milestone1 BSAI/checkpoint_deliverable/data/CASIA-Iris-Interval/043/L/S1043L07.jpg,1043_L,1043,L,test,S1043L07,True,/Users/hrishi/Desktop/dev/Milestone1 BSAI/checkpoint_deliverable/data/casia_interval_strips/S1043L07.png,/Users/hrishi/Desktop/dev/Milestone1 BSAI/checkpoint_deliverable/data/casia_interval_strips_gt/S1043L07.png,True,True,,
/Users/hrishi/Desktop/dev/Milestone1 BSAI/checkpoint_deliverable/data/CASIA-Iris-Interval/043/L/S1043L03.jpg,1043_L,1043,L,test,S1043L03,True,/Users/hrishi/Desktop/dev/Milestone1 BSAI/checkpoint_deliverable/data/casia_interval_strips/S1043L03.png,/Users/hrishi/Desktop/dev/Milestone1 BSAI/checkpoint_deliverable/data/casia_interval_strips_gt/S1043L03.png,True,True,,
/Users/hrishi/Desktop/dev/Milestone1 BSAI/checkpoint_deliverable/data/CASIA-Iris-Interval/043/L/S1043L02.jpg,1043_L,1043,L,test,S1043L02,True,/Users/hrishi/Desktop/dev/Milestone1 BSAI/checkpoint_deliverable/data/casia_interval_strips/S1043L02.png,/Users/hrishi/Desktop/dev/Milestone1 BSAI/checkpoint_deliverable/data/casia_interval_strips_gt/S1043L02.png,True,True,,
/Users/hrishi/Desktop/dev/Milestone1 BSAI/checkpoint_deliverable/data/CASIA-Iris-Interval/043/L/S1043L01.jpg,1043_L,1043,L,test,S1043L01,True,/Users/hrishi/Desktop/dev/Milestone1 BSAI/checkpoint_deliverable/data/casia_interval_strips/S1043L01.png,/Users/hrishi/Desktop/dev/Milestone1 BSAI/checkpoint_deliverable/data/casia_interval_strips_gt/S1043L01.png,True,True,,
/Users/hrishi/Desktop/dev/Milestone1 BSAI/checkpoint_deliverable/data/CASIA-Iris-Interval/225/L/S1225L05.jpg,1225_L,1225,L,train,S1225L05,True,/Users/hrishi/Desktop/dev/Milestone1 BSAI/checkpoint_deliverable/data/casia_interval_strips/S1225L05.png,/Users/hrishi/Desktop/dev/Milestone1 BSAI/checkpoint_deliverable/data/casia_interval_strips_gt/S1225L05.png,True,True,,
/Users/hrishi/Desktop/dev/Milestone1 BSAI/checkpoint_deliverable/data/CASIA-Iris-Interval/225/L/S1225L04.jpg,1225_L,1225,L,train,S1225L04,True,/Users/hrishi/Desktop/dev/Milestone1 BSAI/checkpoint_deliverable/data/casia_interval_strips/S1225L04.png,/Users/hrishi/Desktop/dev/Milestone1 BSAI/checkpoint_deliverable/data/casia_interval_strips_gt/S1225L04.png,True,True,,
/Users/hrishi/Desktop/dev/Milestone1 BSAI/checkpoint_deliverable/data/CASIA-Iris-Interval/225/L/S1225L06.jpg,1225_L,1225,L,train,S1225L06,True,/Users/hrishi/Desktop/dev/Milestone1 BSAI/checkpoint_deliverable/data/casia_interval_strips/S1225L06.png,/Users/hrishi/Desktop/dev/Milestone1 BSAI/checkpoint_deliverable/data/casia_interval_strips_gt/S1225L06.png,True,True,,
/Users/hrishi/Desktop/dev/Milestone1 BSAI/checkpoint_deliverable/data/CASIA-Iris-Interval/225/L/S1225L07.jpg,1225_L,1225,L,train,S1225L07,True,/Users/hrishi/Desktop/dev/Milestone1 BSAI/checkpoint_deliverable/data/casia_interval_strips/S1225L07.png,/Users/hrishi/Desktop/dev/Milestone1 BSAI/checkpoint_deliverable/data/casia_interval_strips_gt/S1225L07.png,True,True,,
/Users/hrishi/Desktop/dev/Milestone1 BSAI/checkpoint_deliverable/data/CASIA-Iris-Interval/225/L/S1225L03.jpg,1225_L,1225,L,train,S1225L03,True,/Users/hrishi/Desktop/dev/Milestone1 BSAI/checkpoint_deliverable/data/casia_interval_strips/S1225L03.png,/Users/hrishi/Desktop/dev/Milestone1 BSAI/checkpoint_deliverable/data/casia_interval_strips_gt/S1225L03.png,True,True,,
/Users/hrishi/Desktop/dev/Milestone1 BSAI/checkpoint_deliverable/data/CASIA-Iris-Interval/225/L/S1225L02.jpg,1225_L,1225,L,train,S1225L02,True,/Users/hrishi/Desktop/dev/Milestone1 BSAI/checkpoint_deliverable/data/casia_interval_strips/S1225L02.png,/Users/hrishi/Desktop/dev/Milestone1 BSAI/checkpoint_deliverable/data/casia_interval_strips_gt/S1225L02.png,True,True,,
/Users/hrishi/Desktop/dev/Milestone1 BSAI/checkpoint_deliverable/data/CASIA-Iris-Interval/225/L/S1225L01.jpg,1225_L,1225,L,train,S1225L01,True,/Users/hrishi/Desktop/dev/Milestone1 BSAI/checkpoint_deliverable/data/casia_interval_strips/S1225L01.png,/Users/hrishi/Desktop/dev/Milestone1 BSAI/checkpoint_deliverable/data/casia_interval_strips_gt/S1225L01.png,True,True,,
/Users/hrishi/Desktop/dev/Milestone1 BSAI/checkpoint_deliverable/data/CASIA-Iris-Interval/017/R/S1017R01.jpg,1017_R,1017,R,test,S1017R01,True,/Users/hrishi/Desktop/dev/Milestone1 BSAI/checkpoint_deliverable/data/casia_interval_strips/S1017R01.png,/Users/hrishi/Desktop/dev/Milestone1 BSAI/checkpoint_deliverable/data/casia_interval_strips_gt/S1017R01.png,True,True,,
/Users/hrishi/Desktop/dev/Milestone1 BSAI/checkpoint_deliverable/data/CASIA-Iris-Interval/017/R/S1017R02.jpg,1017_R,1017,R,test,S1017R02,True,/Users/hrishi/Desktop/dev/Milestone1 BSAI/checkpoint_deliverable/data/casia_interval_strips/S1017R02.png,/Users/hrishi/Desktop/dev/Milestone1 BSAI/checkpoint_deliverable/data/casia_interval_strips_gt/S1017R02.png,True,True,,
/Users/hrishi/Desktop/dev/Milestone1 BSAI/checkpoint_deliverable/data/CASIA-Iris-Interval/017/R/S1017R03.jpg,1017_R,1017,R,test,S1017R03,True,/Users/hrishi/Desktop/dev/Milestone1 BSAI/checkpoint_deliverable/data/casia_interval_strips/S1017R03.png,/Users/hrishi/Desktop/dev/Milestone1 BSAI/checkpoint_deliverable/data/casia_interval_strips_gt/S1017R03.png,True,True,,
/Users/hrishi/Desktop/dev/Milestone1 BSAI/checkpoint_deliverable/data/CASIA-Iris-Interval/017/R/S1017R06.jpg,1017_R,1017,R,test,S1017R06,True,/Users/hrishi/Desktop/dev/Milestone1 BSAI/checkpoint_deliverable/data/casia_interval_strips/S1017R06.png,/Users/hrishi/Desktop/dev/Milestone1 BSAI/checkpoint_deliverable/data/casia_interval_strips_gt/S1017R06.png,True,True,,
/Users/hrishi/Desktop/dev/Milestone1 BSAI/checkpoint_deliverable/data/CASIA-Iris-Interval/017/R/S1017R04.jpg,1017_R,1017,R,test,S1017R04,True,/Users/hrishi/Desktop/dev/Milestone1 BSAI/checkpoint_deliverable/data/casia_interval_strips/S1017R04.png,/Users/hrishi/Desktop/dev/Milestone1 BSAI/checkpoint_deliverable/data/casia_interval_strips_gt/S1017R04.png,True,True,,
/Users/hrishi/Desktop/dev/Milestone1 BSAI/checkpoint_deliverable/data/CASIA-Iris-Interval/017/R/S1017R05.jpg,1017_R,1017,R,test,S1017R05,True,/Users/hrishi/Desktop/dev/Milestone1 BSAI/checkpoint_deliverable/data/casia_interval_strips/S1017R05.png,/Users/hrishi/Desktop/dev/Milestone1 BSAI/checkpoint_deliverable/data/casia_interval_strips_gt/S1017R05.png,True,True,,
/Users/hrishi/Desktop/dev/Milestone1 BSAI/checkpoint_deliverable/data/CASIA-Iris-Interval/028/R/S1028R09.jpg,1028_R,1028,R,train,S1028R09,True,/Users/hrishi/Desktop/dev/Milestone1 BSAI/checkpoint_deliverable/data/casia_interval_strips/S1028R09.png,/Users/hrishi/Desktop/dev/Milestone1 BSAI/checkpoint_deliverable/data/casia_interval_strips_gt/S1028R09.png,True,True,,
/Users/hrishi/Desktop/dev/Milestone1 BSAI/checkpoint_deliverable/data/CASIA-Iris-Interval/028/R/S1028R08.jpg,1028_R,1028,R,train,S1028R08,True,/Users/hrishi/Desktop/dev/Milestone1 BSAI/checkpoint_deliverable/data/casia_interval_strips/S1028R08.png,/Users/hrishi/Desktop/dev/Milestone1 BSAI/checkpoint_deliverable/data/casia_interval_strips_gt/S1028R08.png,True,True,,
/Users/hrishi/Desktop/dev/Milestone1 BSAI/checkpoint_deliverable/data/CASIA-Iris-Interval/028/R/S1028R05.jpg,1028_R,1028,R,train,S1028R05,True,/Users/hrishi/Desktop/dev/Milestone1 BSAI/checkpoint_deliverable/data/casia_interval_strips/S1028R05.png,/Users/hrishi/Desktop/dev/Milestone1 BSAI/checkpoint_deliverable/data/casia_interval_strips_gt/S1028R05.png,True,True,,
/Users/hrishi/Desktop/dev/Milestone1 BSAI/checkpoint_deliverable/data/CASIA-Iris-Interval/028/R/S1028R10.jpg,1028_R,1028,R,train,S1028R10,True,/Users/hrishi/Desktop/dev/Milestone1 BSAI/checkpoint_deliverable/data/casia_interval_strips/S1028R10.png,/Users/hrishi/Desktop/dev/Milestone1 BSAI/checkpoint_deliverable/data/casia_interval_strips_gt/S1028R10.png,True,True,,
/Users/hrishi/Desktop/dev/Milestone1 BSAI/checkpoint_deliverable/data/CASIA-Iris-Interval/028/R/S1028R04.jpg,1028_R,1028,R,train,S1028R04,True,/Users/hrishi/Desktop/dev/Milestone1 BSAI/checkpoint_deliverable/data/casia_interval_strips/S1028R04.png,/Users/hrishi/Desktop/dev/Milestone1 BSAI/checkpoint_deliverable/data/casia_interval_strips_gt/S1028R04.png,True,True,,
/Users/hrishi/Desktop/dev/Milestone1 BSAI/checkpoint_deliverable/data/CASIA-Iris-Interval/028/R/S1028R06.jpg,1028_R,1028,R,train,S1028R06,True,/Users/hrishi/Desktop/dev/Milestone1 BSAI/checkpoint_deliverable/data/casia_interval_strips/S1028R06.png,/Users/hrishi/Desktop/dev/Milestone1 BSAI/checkpoint_deliverable/data/casia_interval_strips_gt/S1028R06.png,True,True,,
/Users/hrishi/Desktop/dev/Milestone1 BSAI/checkpoint_deliverable/data/CASIA-Iris-Interval/028/R/S1028R07.jpg,1028_R,1028,R,train,S1028R07,True,/Users/hrishi/Desktop/dev/Milestone1 BSAI/checkpoint_deliverable/data/casia_interval_strips/S1028R07.png,/Users/hrishi/Desktop/dev/Milestone1 BSAI/checkpoint_deliverable/data/casia_interval_strips_gt/S1028R07.png,True,True,,
/Users/hrishi/Desktop/dev/Milestone1 BSAI/checkpoint_deliverable/data/CASIA-Iris-Interval/028/R/S1028R03.jpg,1028_R,1028,R,train,S1028R03,True,/Users/hrishi/Desktop/dev/Milestone1 BSAI/checkpoint_deliverable/data/casia_interval_strips/S1028R03.png,/Users/hrishi/Desktop/dev/Milestone1 BSAI/checkpoint_deliverable/data/casia_interval_strips_gt/S1028R03.png,True,True,,
/Users/hrishi/Desktop/dev/Milestone1 BSAI/checkpoint_deliverable/data/CASIA-Iris-Interval/028/R/S1028R02.jpg,1028_R,1028,R,train,S1028R02,True,/Users/hrishi/Desktop/dev/Milestone1 BSAI/checkpoint_deliverable/data/casia_interval_strips/S1028R02.png,/Users/hrishi/Desktop/dev/Milestone1 BSAI/checkpoint_deliverable/data/casia_interval_strips_gt/S1028R02.png,True,True,,
/Users/hrishi/Desktop/dev/Milestone1 BSAI/checkpoint_deliverable/data/CASIA-Iris-Interval/028/R/S1028R01.jpg,1028_R,1028,R,train,S1028R01,True,/Users/hrishi/Desktop/dev/Milestone1 BSAI/checkpoint_deliverable/data/casia_interval_strips/S1028R01.png,/Users/hrishi/Desktop/dev/Milestone1 BSAI/checkpoint_deliverable/data/casia_interval_strips_gt/S1028R01.png,True,True,,
/Users/hrishi/Desktop/dev/Milestone1 BSAI/checkpoint_deliverable/data/CASIA-Iris-Interval/028/L/S1028L08.jpg,1028_L,1028,L,train,S1028L08,True,/Users/hrishi/Desktop/dev/Milestone1 BSAI/checkpoint_deliverable/data/casia_interval_strips/S1028L08.png,/Users/hrishi/Desktop/dev/Milestone1 BSAI/checkpoint_deliverable/data/casia_interval_strips_gt/S1028L08.png,True,True,,
/Users/hrishi/Desktop/dev/Milestone1 BSAI/checkpoint_deliverable/data/CASIA-Iris-Interval/028/L/S1028L09.jpg,1028_L,1028,L,train,S1028L09,True,/Users/hrishi/Desktop/dev/Milestone1 BSAI/checkpoint_deliverable/data/casia_interval_strips/S1028L09.png,/Users/hrishi/Desktop/dev/Milestone1 BSAI/checkpoint_deliverable/data/casia_interval_strips_gt/S1028L09.png,True,True,,
/Users/hrishi/Desktop/dev/Milestone1 BSAI/checkpoint_deliverable/data/CASIA-Iris-Interval/028/L/S1028L02.jpg,1028_L,1028,L,train,S1028L02,True,/Users/hrishi/Desktop/dev/Milestone1 BSAI/checkpoint_deliverable/data/casia_interval_strips/S1028L02.png,/Users/hrishi/Desktop/dev/Milestone1 BSAI/checkpoint_deliverable/data/casia_interval_strips_gt/S1028L02.png,True,True,,
/Users/hrishi/Desktop/dev/Milestone1 BSAI/checkpoint_deliverable/data/CASIA-Iris-Interval/028/L/S1028L03.jpg,1028_L,1028,L,train,S1028L03,True,/Users/hrishi/Desktop/dev/Milestone1 BSAI/checkpoint_deliverable/data/casia_interval_strips/S1028L03.png,/Users/hrishi/Desktop/dev/Milestone1 BSAI/checkpoint_deliverable/data/casia_interval_strips_gt/S1028L03.png,True,True,,
/Users/hrishi/Desktop/dev/Milestone1 BSAI/checkpoint_deliverable/data/CASIA-Iris-Interval/028/L/S1028L01.jpg,1028_L,1028,L,train,S1028L01,True,/Users/hrishi/Desktop/dev/Milestone1 BSAI/checkpoint_deliverable/data/casia_interval_strips/S1028L01.png,/Users/hrishi/Desktop/dev/Milestone1 BSAI/checkpoint_deliverable/data/casia_interval_strips_gt/S1028L01.png,True,True,,
/Users/hrishi/Desktop/dev/Milestone1 BSAI/checkpoint_deliverable/data/CASIA-Iris-Interval/028/L/S1028L04.jpg,1028_L,1028,L,train,S1028L04,True,/Users/hrishi/Desktop/dev/Milestone1 BSAI/checkpoint_deliverable/data/casia_interval_strips/S1028L04.png,/Users/hrishi/Desktop/dev/Milestone1 BSAI/checkpoint_deliverable/data/casia_interval_strips_gt/S1028L04.png,True,True,,
/Users/hrishi/Desktop/dev/Milestone1 BSAI/checkpoint_deliverable/data/CASIA-Iris-Interval/028/L/S1028L10.jpg,1028_L,1028,L,train,S1028L10,True,/Users/hrishi/Desktop/dev/Milestone1 BSAI/checkpoint_deliverable/data/casia_interval_strips/S1028L10.png,/Users/hrishi/Desktop/dev/Milestone1 BSAI/checkpoint_deliverable/data/casia_interval_strips_gt/S1028L10.png,True,True,,
/Users/hrishi/Desktop/dev/Milestone1 BSAI/checkpoint_deliverable/data/CASIA-Iris-Interval/028/L/S1028L11.jpg,1028_L,1028,L,train,S1028L11,True,/Users/hrishi/Desktop/dev/Milestone1 BSAI/checkpoint_deliverable/data/casia_interval_strips/S1028L11.png,/Users/hrishi/Desktop/dev/Milestone1 BSAI/checkpoint_deliverable/data/casia_interval_strips_gt/S1028L11.png,True,True,,
/Users/hrishi/Desktop/dev/Milestone1 BSAI/checkpoint_deliverable/data/CASIA-Iris-Interval/028/L/S1028L05.jpg,1028_L,1028,L,train,S1028L05,True,/Users/hrishi/Desktop/dev/Milestone1 BSAI/checkpoint_deliverable/data/casia_interval_strips/S1028L05.png,/Users/hrishi/Desktop/dev/Milestone1 BSAI/checkpoint_deliverable/data/casia_interval_strips_gt/S1028L05.png,True,True,,
/Users/hrishi/Desktop/dev/Milestone1 BSAI/checkpoint_deliverable/data/CASIA-Iris-Interval/028/L/S1028L07.jpg,1028_L,1028,L,train,S1028L07,True,/Users/hrishi/Desktop/dev/Milestone1 BSAI/checkpoint_deliverable/data/casia_interval_strips/S1028L07.png,/Users/hrishi/Desktop/dev/Milestone1 BSAI/checkpoint_deliverable/data/casia_interval_strips_gt/S1028L07.png,True,True,,
/Users/hrishi/Desktop/dev/Milestone1 BSAI/checkpoint_deliverable/data/CASIA-Iris-Interval/028/L/S1028L06.jpg,1028_L,1028,L,train,S1028L06,True,/Users/hrishi/Desktop/dev/Milestone1 BSAI/checkpoint_deliverable/data/casia_interval_strips/S1028L06.png,/Users/hrishi/Desktop/dev/Milestone1 BSAI/checkpoint_deliverable/data/casia_interval_strips_gt/S1028L06.png,True,True,,
/Users/hrishi/Desktop/dev/Milestone1 BSAI/checkpoint_deliverable/data/CASIA-Iris-Interval/028/L/S1028L12.jpg,1028_L,1028,L,train,S1028L12,True,/Users/hrishi/Desktop/dev/Milestone1 BSAI/checkpoint_deliverable/data/casia_interval_strips/S1028L12.png,/Users/hrishi/Desktop/dev/Milestone1 BSAI/checkpoint_deliverable/data/casia_interval_strips_gt/S1028L12.png,True,True,,
/Users/hrishi/Desktop/dev/Milestone1 BSAI/checkpoint_deliverable/data/CASIA-Iris-Interval/010/R/S1010R01.jpg,1010_R,1010,R,test,S1010R01,True,/Users/hrishi/Desktop/dev/Milestone1 BSAI/checkpoint_deliverable/data/casia_interval_strips/S1010R01.png,/Users/hrishi/Desktop/dev/Milestone1 BSAI/checkpoint_deliverable/data/casia_interval_strips_gt/S1010R01.png,True,True,,
/Users/hrishi/Desktop/dev/Milestone1 BSAI/checkpoint_deliverable/data/CASIA-Iris-Interval/010/R/S1010R02.jpg,1010_R,1010,R,test,S1010R02,True,/Users/hrishi/Desktop/dev/Milestone1 BSAI/checkpoint_deliverable/data/casia_interval_strips/S1010R02.png,/Users/hrishi/Desktop/dev/Milestone1 BSAI/checkpoint_deliverable/data/casia_interval_strips_gt/S1010R02.png,True,True,,
/Users/hrishi/Desktop/dev/Milestone1 BSAI/checkpoint_deliverable/data/CASIA-Iris-Interval/010/R/S1010R03.jpg,1010_R,1010,R,test,S1010R03,True,/Users/hrishi/Desktop/dev/Milestone1 BSAI/checkpoint_deliverable/data/casia_interval_strips/S1010R03.png,/Users/hrishi/Desktop/dev/Milestone1 BSAI/checkpoint_deliverable/data/casia_interval_strips_gt/S1010R03.png,True,True,,
/Users/hrishi/Desktop/dev/Milestone1 BSAI/checkpoint_deliverable/data/CASIA-Iris-Interval/010/R/S1010R04.jpg,1010_R,1010,R,test,S1010R04,True,/Users/hrishi/Desktop/dev/Milestone1 BSAI/checkpoint_deliverable/data/casia_interval_strips/S1010R04.png,/Users/hrishi/Desktop/dev/Milestone1 BSAI/checkpoint_deliverable/data/casia_interval_strips_gt/S1010R04.png,True,True,,
/Users/hrishi/Desktop/dev/Milestone1 BSAI/checkpoint_deliverable/data/CASIA-Iris-Interval/010/R/S1010R05.jpg,1010_R,1010,R,test,S1010R05,True,/Users/hrishi/Desktop/dev/Milestone1 BSAI/checkpoint_deliverable/data/casia_interval_strips/S1010R05.png,/Users/hrishi/Desktop/dev/Milestone1 BSAI/checkpoint_deliverable/data/casia_interval_strips_gt/S1010R05.png,True,True,,
/Users/hrishi/Desktop/dev/Milestone1 BSAI/checkpoint_deliverable/data/CASIA-Iris-Interval/222/R/S1222R02.jpg,1222_R,1222,R,val,S1222R02,True,/Users/hrishi/Desktop/dev/Milestone1 BSAI/checkpoint_deliverable/data/casia_interval_strips/S1222R02.png,/Users/hrishi/Desktop/dev/Milestone1 BSAI/checkpoint_deliverable/data/casia_interval_strips_gt/S1222R02.png,True,True,,
/Users/hrishi/Desktop/dev/Milestone1 BSAI/checkpoint_deliverable/data/CASIA-Iris-Interval/222/R/S1222R03.jpg,1222_R,1222,R,val,S1222R03,True,/Users/hrishi/Desktop/dev/Milestone1 BSAI/checkpoint_deliverable/data/casia_interval_strips/S1222R03.png,/Users/hrishi/Desktop/dev/Milestone1 BSAI/checkpoint_deliverable/data/casia_interval_strips_gt/S1222R03.png,True,True,,
/Users/hrishi/Desktop/dev/Milestone1 BSAI/checkpoint_deliverable/data/CASIA-Iris-Interval/222/R/S1222R01.jpg,1222_R,1222,R,val,S1222R01,True,/Users/hrishi/Desktop/dev/Milestone1 BSAI/checkpoint_deliverable/data/casia_interval_strips/S1222R01.png,/Users/hrishi/Desktop/dev/Milestone1 BSAI/checkpoint_deliverable/data/casia_interval_strips_gt/S1222R01.png,True,True,,
/Users/hrishi/Desktop/dev/Milestone1 BSAI/checkpoint_deliverable/data/CASIA-Iris-Interval/222/R/S1222R04.jpg,1222_R,1222,R,val,S1222R04,True,/Users/hrishi/Desktop/dev/Milestone1 BSAI/checkpoint_deliverable/data/casia_interval_strips/S1222R04.png,/Users/hrishi/Desktop/dev/Milestone1 BSAI/checkpoint_deliverable/data/casia_interval_strips_gt/S1222R04.png,True,True,,
/Users/hrishi/Desktop/dev/Milestone1 BSAI/checkpoint_deliverable/data/CASIA-Iris-Interval/222/R/S1222R05.jpg,1222_R,1222,R,val,S1222R05,True,/Users/hrishi/Desktop/dev/Milestone1 BSAI/checkpoint_deliverable/data/casia_interval_strips/S1222R05.png,/Users/hrishi/Desktop/dev/Milestone1 BSAI/checkpoint_deliverable/data/casia_interval_strips_gt/S1222R05.png,True,True,,
/Users/hrishi/Desktop/dev/Milestone1 BSAI/checkpoint_deliverable/data/CASIA-Iris-Interval/222/R/S1222R07.jpg,1222_R,1222,R,val,S1222R07,True,/Users/hrishi/Desktop/dev/Milestone1 BSAI/checkpoint_deliverable/data/casia_interval_strips/S1222R07.png,/Users/hrishi/Desktop/dev/Milestone1 BSAI/checkpoint_deliverable/data/casia_interval_strips_gt/S1222R07.png,True,True,,
/Users/hrishi/Desktop/dev/Milestone1 BSAI/checkpoint_deliverable/data/CASIA-Iris-Interval/222/R/S1222R06.jpg,1222_R,1222,R,val,S1222R06,True,/Users/hrishi/Desktop/dev/Milestone1 BSAI/checkpoint_deliverable/data/casia_interval_strips/S1222R06.png,/Users/hrishi/Desktop/dev/Milestone1 BSAI/checkpoint_deliverable/data/casia_interval_strips_gt/S1222R06.png,True,True,,
/Users/hrishi/Desktop/dev/Milestone1 BSAI/checkpoint_deliverable/data/CASIA-Iris-Interval/222/R/S1222R08.jpg,1222_R,1222,R,val,S1222R08,True,/Users/hrishi/Desktop/dev/Milestone1 BSAI/checkpoint_deliverable/data/casia_interval_strips/S1222R08.png,/Users/hrishi/Desktop/dev/Milestone1 BSAI/checkpoint_deliverable/data/casia_interval_strips_gt/S1222R08.png,True,True,,
/Users/hrishi/Desktop/dev/Milestone1 BSAI/checkpoint_deliverable/data/CASIA-Iris-Interval/026/R/S1026R01.jpg,1026_R,1026,R,test,S1026R01,True,/Users/hrishi/Desktop/dev/Milestone1 BSAI/checkpoint_deliverable/data/casia_interval_strips/S1026R01.png,/Users/hrishi/Desktop/dev/Milestone1 BSAI/checkpoint_deliverable/data/casia_interval_strips_gt/S1026R01.png,True,True,,
/Users/hrishi/Desktop/dev/Milestone1 BSAI/checkpoint_deliverable/data/CASIA-Iris-Interval/026/R/S1026R03.jpg,1026_R,1026,R,test,S1026R03,True,/Users/hrishi/Desktop/dev/Milestone1 BSAI/checkpoint_deliverable/data/casia_interval_strips/S1026R03.png,/Users/hrishi/Desktop/dev/Milestone1 BSAI/checkpoint_deliverable/data/casia_interval_strips_gt/S1026R03.png,True,True,,
/Users/hrishi/Desktop/dev/Milestone1 BSAI/checkpoint_deliverable/data/CASIA-Iris-Interval/026/R/S1026R02.jpg,1026_R,1026,R,test,S1026R02,True,/Users/hrishi/Desktop/dev/Milestone1 BSAI/checkpoint_deliverable/data/casia_interval_strips/S1026R02.png,/Users/hrishi/Desktop/dev/Milestone1 BSAI/checkpoint_deliverable/data/casia_interval_strips_gt/S1026R02.png,True,True,,
/Users/hrishi/Desktop/dev/Milestone1 BSAI/checkpoint_deliverable/data/CASIA-Iris-Interval/214/R/S1214R01.jpg,1214_R,1214,R,train,S1214R01,True,/Users/hrishi/Desktop/dev/Milestone1 BSAI/checkpoint_deliverable/data/casia_interval_strips/S1214R01.png,/Users/hrishi/Desktop/dev/Milestone1 BSAI/checkpoint_deliverable/data/casia_interval_strips_gt/S1214R01.png,True,True,,
/Users/hrishi/Desktop/dev/Milestone1 BSAI/checkpoint_deliverable/data/CASIA-Iris-Interval/214/L/S1214L04.jpg,1214_L,1214,L,train,S1214L04,True,/Users/hrishi/Desktop/dev/Milestone1 BSAI/checkpoint_deliverable/data/casia_interval_strips/S1214L04.png,/Users/hrishi/Desktop/dev/Milestone1 BSAI/checkpoint_deliverable/data/casia_interval_strips_gt/S1214L04.png,True,True,,
/Users/hrishi/Desktop/dev/Milestone1 BSAI/checkpoint_deliverable/data/CASIA-Iris-Interval/214/L/S1214L05.jpg,1214_L,1214,L,train,S1214L05,True,/Users/hrishi/Desktop/dev/Milestone1 BSAI/checkpoint_deliverable/data/casia_interval_strips/S1214L05.png,/Users/hrishi/Desktop/dev/Milestone1 BSAI/checkpoint_deliverable/data/casia_interval_strips_gt/S1214L05.png,True,True,,
/Users/hrishi/Desktop/dev/Milestone1 BSAI/checkpoint_deliverable/data/CASIA-Iris-Interval/214/L/S1214L07.jpg,1214_L,1214,L,train,S1214L07,True,/Users/hrishi/Desktop/dev/Milestone1 BSAI/checkpoint_deliverable/data/casia_interval_strips/S1214L07.png,/Users/hrishi/Desktop/dev/Milestone1 BSAI/checkpoint_deliverable/data/casia_interval_strips_gt/S1214L07.png,True,True,,
/Users/hrishi/Desktop/dev/Milestone1 BSAI/checkpoint_deliverable/data/CASIA-Iris-Interval/214/L/S1214L06.jpg,1214_L,1214,L,train,S1214L06,True,/Users/hrishi/Desktop/dev/Milestone1 BSAI/checkpoint_deliverable/data/casia_interval_strips/S1214L06.png,/Users/hrishi/Desktop/dev/Milestone1 BSAI/checkpoint_deliverable/data/casia_interval_strips_gt/S1214L06.png,True,True,,
/Users/hrishi/Desktop/dev/Milestone1 BSAI/checkpoint_deliverable/data/CASIA-Iris-Interval/214/L/S1214L02.jpg,1214_L,1214,L,train,S1214L02,True,/Users/hrishi/Desktop/dev/Milestone1 BSAI/checkpoint_deliverable/data/casia_interval_strips/S1214L02.png,/Users/hrishi/Desktop/dev/Milestone1 BSAI/checkpoint_deliverable/data/casia_interval_strips_gt/S1214L02.png,True,True,,
/Users/hrishi/Desktop/dev/Milestone1 BSAI/checkpoint_deliverable/data/CASIA-Iris-Interval/214/L/S1214L03.jpg,1214_L,1214,L,train,S1214L03,True,/Users/hrishi/Desktop/dev/Milestone1 BSAI/checkpoint_deliverable/data/casia_interval_strips/S1214L03.png,/Users/hrishi/Desktop/dev/Milestone1 BSAI/checkpoint_deliverable/data/casia_interval_strips_gt/S1214L03.png,True,True,,
/Users/hrishi/Desktop/dev/Milestone1 BSAI/checkpoint_deliverable/data/CASIA-Iris-Interval/214/L/S1214L01.jpg,1214_L,1214,L,train,S1214L01,True,/Users/hrishi/Desktop/dev/Milestone1 BSAI/checkpoint_deliverable/data/casia_interval_strips/S1214L01.png,/Users/hrishi/Desktop/dev/Milestone1 BSAI/checkpoint_deliverable/data/casia_interval_strips_gt/S1214L01.png,True,True,,
/Users/hrishi/Desktop/dev/Milestone1 BSAI/checkpoint_deliverable/data/CASIA-Iris-Interval/019/R/S1019R04.jpg,1019_R,1019,R,train,S1019R04,True,/Users/hrishi/Desktop/dev/Milestone1 BSAI/checkpoint_deliverable/data/casia_interval_strips/S1019R04.png,/Users/hrishi/Desktop/dev/Milestone1 BSAI/checkpoint_deliverable/data/casia_interval_strips_gt/S1019R04.png,True,True,,
/Users/hrishi/Desktop/dev/Milestone1 BSAI/checkpoint_deliverable/data/CASIA-Iris-Interval/019/R/S1019R10.jpg,1019_R,1019,R,train,S1019R10,True,/Users/hrishi/Desktop/dev/Milestone1 BSAI/checkpoint_deliverable/data/casia_interval_strips/S1019R10.png,/Users/hrishi/Desktop/dev/Milestone1 BSAI/checkpoint_deliverable/data/casia_interval_strips_gt/S1019R10.png,True,True,,
/Users/hrishi/Desktop/dev/Milestone1 BSAI/checkpoint_deliverable/data/CASIA-Iris-Interval/019/R/S1019R11.jpg,1019_R,1019,R,train,S1019R11,True,/Users/hrishi/Desktop/dev/Milestone1 BSAI/checkpoint_deliverable/data/casia_interval_strips/S1019R11.png,/Users/hrishi/Desktop/dev/Milestone1 BSAI/checkpoint_deliverable/data/casia_interval_strips_gt/S1019R11.png,True,True,,
/Users/hrishi/Desktop/dev/Milestone1 BSAI/checkpoint_deliverable/data/CASIA-Iris-Interval/019/R/S1019R05.jpg,1019_R,1019,R,train,S1019R05,True,/Users/hrishi/Desktop/dev/Milestone1 BSAI/checkpoint_deliverable/data/casia_interval_strips/S1019R05.png,/Users/hrishi/Desktop/dev/Milestone1 BSAI/checkpoint_deliverable/data/casia_interval_strips_gt/S1019R05.png,True,True,,
/Users/hrishi/Desktop/dev/Milestone1 BSAI/checkpoint_deliverable/data/CASIA-Iris-Interval/019/R/S1019R13.jpg,1019_R,1019,R,train,S1019R13,True,/Users/hrishi/Desktop/dev/Milestone1 BSAI/checkpoint_deliverable/data/casia_interval_strips/S1019R13.png,/Users/hrishi/Desktop/dev/Milestone1 BSAI/checkpoint_deliverable/data/casia_interval_strips_gt/S1019R13.png,True,True,,
/Users/hrishi/Desktop/dev/Milestone1 BSAI/checkpoint_deliverable/data/CASIA-Iris-Interval/019/R/S1019R07.jpg,1019_R,1019,R,train,S1019R07,True,/Users/hrishi/Desktop/dev/Milestone1 BSAI/checkpoint_deliverable/data/casia_interval_strips/S1019R07.png,/Users/hrishi/Desktop/dev/Milestone1 BSAI/checkpoint_deliverable/data/casia_interval_strips_gt/S1019R07.png,True,True,,
/Users/hrishi/Desktop/dev/Milestone1 BSAI/checkpoint_deliverable/data/CASIA-Iris-Interval/019/R/S1019R06.jpg,1019_R,1019,R,train,S1019R06,True,/Users/hrishi/Desktop/dev/Milestone1 BSAI/checkpoint_deliverable/data/casia_interval_strips/S1019R06.png,/Users/hrishi/Desktop/dev/Milestone1 BSAI/checkpoint_deliverable/data/casia_interval_strips_gt/S1019R06.png,True,True,,
/Users/hrishi/Desktop/dev/Milestone1 BSAI/checkpoint_deliverable/data/CASIA-Iris-Interval/019/R/S1019R12.jpg,1019_R,1019,R,train,S1019R12,True,/Users/hrishi/Desktop/dev/Milestone1 BSAI/checkpoint_deliverable/data/casia_interval_strips/S1019R12.png,/Users/hrishi/Desktop/dev/Milestone1 BSAI/checkpoint_deliverable/data/casia_interval_strips_gt/S1019R12.png,True,True,,
/Users/hrishi/Desktop/dev/Milestone1 BSAI/checkpoint_deliverable/data/CASIA-Iris-Interval/019/R/S1019R16.jpg,1019_R,1019,R,train,S1019R16,True,/Users/hrishi/Desktop/dev/Milestone1 BSAI/checkpoint_deliverable/data/casia_interval_strips/S1019R16.png,/Users/hrishi/Desktop/dev/Milestone1 BSAI/checkpoint_deliverable/data/casia_interval_strips_gt/S1019R16.png,True,True,,
/Users/hrishi/Desktop/dev/Milestone1 BSAI/checkpoint_deliverable/data/CASIA-Iris-Interval/019/R/S1019R02.jpg,1019_R,1019,R,train,S1019R02,True,/Users/hrishi/Desktop/dev/Milestone1 BSAI/checkpoint_deliverable/data/casia_interval_strips/S1019R02.png,/Users/hrishi/Desktop/dev/Milestone1 BSAI/checkpoint_deliverable/data/casia_interval_strips_gt/S1019R02.png,True,True,,
/Users/hrishi/Desktop/dev/Milestone1 BSAI/checkpoint_deliverable/data/CASIA-Iris-Interval/019/R/S1019R03.jpg,1019_R,1019,R,train,S1019R03,True,/Users/hrishi/Desktop/dev/Milestone1 BSAI/checkpoint_deliverable/data/casia_interval_strips/S1019R03.png,/Users/hrishi/Desktop/dev/Milestone1 BSAI/checkpoint_deliverable/data/casia_interval_strips_gt/S1019R03.png,True,True,,
/Users/hrishi/Desktop/dev/Milestone1 BSAI/checkpoint_deliverable/data/CASIA-Iris-Interval/019/R/S1019R17.jpg,1019_R,1019,R,train,S1019R17,True,/Users/hrishi/Desktop/dev/Milestone1 BSAI/checkpoint_deliverable/data/casia_interval_strips/S1019R17.png,/Users/hrishi/Desktop/dev/Milestone1 BSAI/checkpoint_deliverable/data/casia_interval_strips_gt/S1019R17.png,True,True,,
/Users/hrishi/Desktop/dev/Milestone1 BSAI/checkpoint_deliverable/data/CASIA-Iris-Interval/019/R/S1019R01.jpg,1019_R,1019,R,train,S1019R01,True,/Users/hrishi/Desktop/dev/Milestone1 BSAI/checkpoint_deliverable/data/casia_interval_strips/S1019R01.png,/Users/hrishi/Desktop/dev/Milestone1 BSAI/checkpoint_deliverable/data/casia_interval_strips_gt/S1019R01.png,True,True,,
/Users/hrishi/Desktop/dev/Milestone1 BSAI/checkpoint_deliverable/data/CASIA-Iris-Interval/019/R/S1019R15.jpg,1019_R,1019,R,train,S1019R15,True,/Users/hrishi/Desktop/dev/Milestone1 BSAI/checkpoint_deliverable/data/casia_interval_strips/S1019R15.png,/Users/hrishi/Desktop/dev/Milestone1 BSAI/checkpoint_deliverable/data/casia_interval_strips_gt/S1019R15.png,True,True,,
/Users/hrishi/Desktop/dev/Milestone1 BSAI/checkpoint_deliverable/data/CASIA-Iris-Interval/019/R/S1019R14.jpg,1019_R,1019,R,train,S1019R14,True,/Users/hrishi/Desktop/dev/Milestone1 BSAI/checkpoint_deliverable/data/casia_interval_strips/S1019R14.png,/Users/hrishi/Desktop/dev/Milestone1 BSAI/checkpoint_deliverable/data/casia_interval_strips_gt/S1019R14.png,True,True,,
/Users/hrishi/Desktop/dev/Milestone1 BSAI/checkpoint_deliverable/data/CASIA-Iris-Interval/019/R/S1019R19.jpg,1019_R,1019,R,train,S1019R19,True,/Users/hrishi/Desktop/dev/Milestone1 BSAI/checkpoint_deliverable/data/casia_interval_strips/S1019R19.png,/Users/hrishi/Desktop/dev/Milestone1 BSAI/checkpoint_deliverable/data/casia_interval_strips_gt/S1019R19.png,True,True,,
/Users/hrishi/Desktop/dev/Milestone1 BSAI/checkpoint_deliverable/data/CASIA-Iris-Interval/019/R/S1019R25.jpg,1019_R,1019,R,train,S1019R25,True,/Users/hrishi/Desktop/dev/Milestone1 BSAI/checkpoint_deliverable/data/casia_interval_strips/S1019R25.png,/Users/hrishi/Desktop/dev/Milestone1 BSAI/checkpoint_deliverable/data/casia_interval_strips_gt/S1019R25.png,True,True,,
/Users/hrishi/Desktop/dev/Milestone1 BSAI/checkpoint_deliverable/data/CASIA-Iris-Interval/019/R/S1019R24.jpg,1019_R,1019,R,train,S1019R24,True,/Users/hrishi/Desktop/dev/Milestone1 BSAI/checkpoint_deliverable/data/casia_interval_strips/S1019R24.png,/Users/hrishi/Desktop/dev/Milestone1 BSAI/checkpoint_deliverable/data/casia_interval_strips_gt/S1019R24.png,True,True,,
/Users/hrishi/Desktop/dev/Milestone1 BSAI/checkpoint_deliverable/data/CASIA-Iris-Interval/019/R/S1019R18.jpg,1019_R,1019,R,train,S1019R18,True,/Users/hrishi/Desktop/dev/Milestone1 BSAI/checkpoint_deliverable/data/casia_interval_strips/S1019R18.png,/Users/hrishi/Desktop/dev/Milestone1 BSAI/checkpoint_deliverable/data/casia_interval_strips_gt/S1019R18.png,True,True,,
/Users/hrishi/Desktop/dev/Milestone1 BSAI/checkpoint_deliverable/data/CASIA-Iris-Interval/019/R/S1019R26.jpg,1019_R,1019,R,train,S1019R26,True,/Users/hrishi/Desktop/dev/Milestone1 BSAI/checkpoint_deliverable/data/casia_interval_strips/S1019R26.png,/Users/hrishi/Desktop/dev/Milestone1 BSAI/checkpoint_deliverable/data/casia_interval_strips_gt/S1019R26.png,True,True,,
/Users/hrishi/Desktop/dev/Milestone1 BSAI/checkpoint_deliverable/data/CASIA-Iris-Interval/019/R/S1019R23.jpg,1019_R,1019,R,train,S1019R23,True,/Users/hrishi/Desktop/dev/Milestone1 BSAI/checkpoint_deliverable/data/casia_interval_strips/S1019R23.png,/Users/hrishi/Desktop/dev/Milestone1 BSAI/checkpoint_deliverable/data/casia_interval_strips_gt/S1019R23.png,True,True,,
/Users/hrishi/Desktop/dev/Milestone1 BSAI/checkpoint_deliverable/data/CASIA-Iris-Interval/019/R/S1019R22.jpg,1019_R,1019,R,train,S1019R22,True,/Users/hrishi/Desktop/dev/Milestone1 BSAI/checkpoint_deliverable/data/casia_interval_strips/S1019R22.png,/Users/hrishi/Desktop/dev/Milestone1 BSAI/checkpoint_deliverable/data/casia_interval_strips_gt/S1019R22.png,True,True,,
/Users/hrishi/Desktop/dev/Milestone1 BSAI/checkpoint_deliverable/data/CASIA-Iris-Interval/019/R/S1019R20.jpg,1019_R,1019,R,train,S1019R20,True,/Users/hrishi/Desktop/dev/Milestone1 BSAI/checkpoint_deliverable/data/casia_interval_strips/S1019R20.png,/Users/hrishi/Desktop/dev/Milestone1 BSAI/checkpoint_deliverable/data/casia_interval_strips_gt/S1019R20.png,True,True,,
/Users/hrishi/Desktop/dev/Milestone1 BSAI/checkpoint_deliverable/data/CASIA-Iris-Interval/019/R/S1019R08.jpg,1019_R,1019,R,train,S1019R08,True,/Users/hrishi/Desktop/dev/Milestone1 BSAI/checkpoint_deliverable/data/casia_interval_strips/S1019R08.png,/Users/hrishi/Desktop/dev/Milestone1 BSAI/checkpoint_deliverable/data/casia_interval_strips_gt/S1019R08.png,True,True,,
/Users/hrishi/Desktop/dev/Milestone1 BSAI/checkpoint_deliverable/data/CASIA-Iris-Interval/019/R/S1019R09.jpg,1019_R,1019,R,train,S1019R09,True,/Users/hrishi/Desktop/dev/Milestone1 BSAI/checkpoint_deliverable/data/casia_interval_strips/S1019R09.png,/Users/hrishi/Desktop/dev/Milestone1 BSAI/checkpoint_deliverable/data/casia_interval_strips_gt/S1019R09.png,True,True,,
/Users/hrishi/Desktop/dev/Milestone1 BSAI/checkpoint_deliverable/data/CASIA-Iris-Interval/019/R/S1019R21.jpg,1019_R,1019,R,train,S1019R21,True,/Users/hrishi/Desktop/dev/Milestone1 BSAI/checkpoint_deliverable/data/casia_interval_strips/S1019R21.png,/Users/hrishi/Desktop/dev/Milestone1 BSAI/checkpoint_deliverable/data/casia_interval_strips_gt/S1019R21.png,True,True,,
/Users/hrishi/Desktop/dev/Milestone1 BSAI/checkpoint_deliverable/data/CASIA-Iris-Interval/019/L/S1019L03.jpg,1019_L,1019,L,train,S1019L03,True,/Users/hrishi/Desktop/dev/Milestone1 BSAI/checkpoint_deliverable/data/casia_interval_strips/S1019L03.png,/Users/hrishi/Desktop/dev/Milestone1 BSAI/checkpoint_deliverable/data/casia_interval_strips_gt/S1019L03.png,True,True,,
/Users/hrishi/Desktop/dev/Milestone1 BSAI/checkpoint_deliverable/data/CASIA-Iris-Interval/019/L/S1019L02.jpg,1019_L,1019,L,train,S1019L02,True,/Users/hrishi/Desktop/dev/Milestone1 BSAI/checkpoint_deliverable/data/casia_interval_strips/S1019L02.png,/Users/hrishi/Desktop/dev/Milestone1 BSAI/checkpoint_deliverable/data/casia_interval_strips_gt/S1019L02.png,True,True,,
/Users/hrishi/Desktop/dev/Milestone1 BSAI/checkpoint_deliverable/data/CASIA-Iris-Interval/019/L/S1019L14.jpg,1019_L,1019,L,train,S1019L14,True,/Users/hrishi/Desktop/dev/Milestone1 BSAI/checkpoint_deliverable/data/casia_interval_strips/S1019L14.png,/Users/hrishi/Desktop/dev/Milestone1 BSAI/checkpoint_deliverable/data/casia_interval_strips_gt/S1019L14.png,True,True,,
/Users/hrishi/Desktop/dev/Milestone1 BSAI/checkpoint_deliverable/data/CASIA-Iris-Interval/019/L/S1019L01.jpg,1019_L,1019,L,train,S1019L01,True,/Users/hrishi/Desktop/dev/Milestone1 BSAI/checkpoint_deliverable/data/casia_interval_strips/S1019L01.png,/Users/hrishi/Desktop/dev/Milestone1 BSAI/checkpoint_deliverable/data/casia_interval_strips_gt/S1019L01.png,True,True,,
/Users/hrishi/Desktop/dev/Milestone1 BSAI/checkpoint_deliverable/data/CASIA-Iris-Interval/019/L/S1019L05.jpg,1019_L,1019,L,train,S1019L05,True,/Users/hrishi/Desktop/dev/Milestone1 BSAI/checkpoint_deliverable/data/casia_interval_strips/S1019L05.png,/Users/hrishi/Desktop/dev/Milestone1 BSAI/checkpoint_deliverable/data/casia_interval_strips_gt/S1019L05.png,True,True,,
/Users/hrishi/Desktop/dev/Milestone1 BSAI/checkpoint_deliverable/data/CASIA-Iris-Interval/019/L/S1019L11.jpg,1019_L,1019,L,train,S1019L11,True,/Users/hrishi/Desktop/dev/Milestone1 BSAI/checkpoint_deliverable/data/casia_interval_strips/S1019L11.png,/Users/hrishi/Desktop/dev/Milestone1 BSAI/checkpoint_deliverable/data/casia_interval_strips_gt/S1019L11.png,True,True,,
/Users/hrishi/Desktop/dev/Milestone1 BSAI/checkpoint_deliverable/data/CASIA-Iris-Interval/019/L/S1019L10.jpg,1019_L,1019,L,train,S1019L10,True,/Users/hrishi/Desktop/dev/Milestone1 BSAI/checkpoint_deliverable/data/casia_interval_strips/S1019L10.png,/Users/hrishi/Desktop/dev/Milestone1 BSAI/checkpoint_deliverable/data/casia_interval_strips_gt/S1019L10.png,True,True,,
/Users/hrishi/Desktop/dev/Milestone1 BSAI/checkpoint_deliverable/data/CASIA-Iris-Interval/019/L/S1019L04.jpg,1019_L,1019,L,train,S1019L04,True,/Users/hrishi/Desktop/dev/Milestone1 BSAI/checkpoint_deliverable/data/casia_interval_strips/S1019L04.png,/Users/hrishi/Desktop/dev/Milestone1 BSAI/checkpoint_deliverable/data/casia_interval_strips_gt/S1019L04.png,True,True,,
/Users/hrishi/Desktop/dev/Milestone1 BSAI/checkpoint_deliverable/data/CASIA-Iris-Interval/019/L/S1019L12.jpg,1019_L,1019,L,train,S1019L12,True,/Users/hrishi/Desktop/dev/Milestone1 BSAI/checkpoint_deliverable/data/casia_interval_strips/S1019L12.png,/Users/hrishi/Desktop/dev/Milestone1 BSAI/checkpoint_deliverable/data/casia_interval_strips_gt/S1019L12.png,True,True,,
/Users/hrishi/Desktop/dev/Milestone1 BSAI/checkpoint_deliverable/data/CASIA-Iris-Interval/019/L/S1019L06.jpg,1019_L,1019,L,train,S1019L06,True,/Users/hrishi/Desktop/dev/Milestone1 BSAI/checkpoint_deliverable/data/casia_interval_strips/S1019L06.png,/Users/hrishi/Desktop/dev/Milestone1 BSAI/checkpoint_deliverable/data/casia_interval_strips_gt/S1019L06.png,True,True,,
/Users/hrishi/Desktop/dev/Milestone1 BSAI/checkpoint_deliverable/data/CASIA-Iris-Interval/019/L/S1019L07.jpg,1019_L,1019,L,train,S1019L07,True,/Users/hrishi/Desktop/dev/Milestone1 BSAI/checkpoint_deliverable/data/casia_interval_strips/S1019L07.png,/Users/hrishi/Desktop/dev/Milestone1 BSAI/checkpoint_deliverable/data/casia_interval_strips_gt/S1019L07.png,True,True,,
/Users/hrishi/Desktop/dev/Milestone1 BSAI/checkpoint_deliverable/data/CASIA-Iris-Interval/019/L/S1019L13.jpg,1019_L,1019,L,train,S1019L13,True,/Users/hrishi/Desktop/dev/Milestone1 BSAI/checkpoint_deliverable/data/casia_interval_strips/S1019L13.png,/Users/hrishi/Desktop/dev/Milestone1 BSAI/checkpoint_deliverable/data/casia_interval_strips_gt/S1019L13.png,True,True,,
/Users/hrishi/Desktop/dev/Milestone1 BSAI/checkpoint_deliverable/data/CASIA-Iris-Interval/019/L/S1019L09.jpg,1019_L,1019,L,train,S1019L09,True,/Users/hrishi/Desktop/dev/Milestone1 BSAI/checkpoint_deliverable/data/casia_interval_strips/S1019L09.png,/Users/hrishi/Desktop/dev/Milestone1 BSAI/checkpoint_deliverable/data/casia_interval_strips_gt/S1019L09.png,True,True,,
/Users/hrishi/Desktop/dev/Milestone1 BSAI/checkpoint_deliverable/data/CASIA-Iris-Interval/019/L/S1019L08.jpg,1019_L,1019,L,train,S1019L08,True,/Users/hrishi/Desktop/dev/Milestone1 BSAI/checkpoint_deliverable/data/casia_interval_strips/S1019L08.png,/Users/hrishi/Desktop/dev/Milestone1 BSAI/checkpoint_deliverable/data/casia_interval_strips_gt/S1019L08.png,True,True,,
/Users/hrishi/Desktop/dev/Milestone1 BSAI/checkpoint_deliverable/data/CASIA-Iris-Interval/213/R/S1213R01.jpg,1213_R,1213,R,train,S1213R01,True,/Users/hrishi/Desktop/dev/Milestone1 BSAI/checkpoint_deliverable/data/casia_interval_strips/S1213R01.png,/Users/hrishi/Desktop/dev/Milestone1 BSAI/checkpoint_deliverable/data/casia_interval_strips_gt/S1213R01.png,True,True,,
/Users/hrishi/Desktop/dev/Milestone1 BSAI/checkpoint_deliverable/data/CASIA-Iris-Interval/213/L/S1213L01.jpg,1213_L,1213,L,train,S1213L01,True,/Users/hrishi/Desktop/dev/Milestone1 BSAI/checkpoint_deliverable/data/casia_interval_strips/S1213L01.png,/Users/hrishi/Desktop/dev/Milestone1 BSAI/checkpoint_deliverable/data/casia_interval_strips_gt/S1213L01.png,True,True,,
/Users/hrishi/Desktop/dev/Milestone1 BSAI/checkpoint_deliverable/data/CASIA-Iris-Interval/021/R/S1021R01.jpg,1021_R,1021,R,train,S1021R01,True,/Users/hrishi/Desktop/dev/Milestone1 BSAI/checkpoint_deliverable/data/casia_interval_strips/S1021R01.png,/Users/hrishi/Desktop/dev/Milestone1 BSAI/checkpoint_deliverable/data/casia_interval_strips_gt/S1021R01.png,True,True,,
/Users/hrishi/Desktop/dev/Milestone1 BSAI/checkpoint_deliverable/data/CASIA-Iris-Interval/021/R/S1021R02.jpg,1021_R,1021,R,train,S1021R02,True,/Users/hrishi/Desktop/dev/Milestone1 BSAI/checkpoint_deliverable/data/casia_interval_strips/S1021R02.png,/Users/hrishi/Desktop/dev/Milestone1 BSAI/checkpoint_deliverable/data/casia_interval_strips_gt/S1021R02.png,True,True,,
/Users/hrishi/Desktop/dev/Milestone1 BSAI/checkpoint_deliverable/data/CASIA-Iris-Interval/021/L/S1021L06.jpg,1021_L,1021,L,train,S1021L06,True,/Users/hrishi/Desktop/dev/Milestone1 BSAI/checkpoint_deliverable/data/casia_interval_strips/S1021L06.png,/Users/hrishi/Desktop/dev/Milestone1 BSAI/checkpoint_deliverable/data/casia_interval_strips_gt/S1021L06.png,True,True,,
/Users/hrishi/Desktop/dev/Milestone1 BSAI/checkpoint_deliverable/data/CASIA-Iris-Interval/021/L/S1021L04.jpg,1021_L,1021,L,train,S1021L04,True,/Users/hrishi/Desktop/dev/Milestone1 BSAI/checkpoint_deliverable/data/casia_interval_strips/S1021L04.png,/Users/hrishi/Desktop/dev/Milestone1 BSAI/checkpoint_deliverable/data/casia_interval_strips_gt/S1021L04.png,True,True,,
/Users/hrishi/Desktop/dev/Milestone1 BSAI/checkpoint_deliverable/data/CASIA-Iris-Interval/021/L/S1021L05.jpg,1021_L,1021,L,train,S1021L05,True,/Users/hrishi/Desktop/dev/Milestone1 BSAI/checkpoint_deliverable/data/casia_interval_strips/S1021L05.png,/Users/hrishi/Desktop/dev/Milestone1 BSAI/checkpoint_deliverable/data/casia_interval_strips_gt/S1021L05.png,True,True,,
/Users/hrishi/Desktop/dev/Milestone1 BSAI/checkpoint_deliverable/data/CASIA-Iris-Interval/021/L/S1021L01.jpg,1021_L,1021,L,train,S1021L01,True,/Users/hrishi/Desktop/dev/Milestone1 BSAI/checkpoint_deliverable/data/casia_interval_strips/S1021L01.png,/Users/hrishi/Desktop/dev/Milestone1 BSAI/checkpoint_deliverable/data/casia_interval_strips_gt/S1021L01.png,True,True,,
/Users/hrishi/Desktop/dev/Milestone1 BSAI/checkpoint_deliverable/data/CASIA-Iris-Interval/021/L/S1021L02.jpg,1021_L,1021,L,train,S1021L02,True,/Users/hrishi/Desktop/dev/Milestone1 BSAI/checkpoint_deliverable/data/casia_interval_strips/S1021L02.png,/Users/hrishi/Desktop/dev/Milestone1 BSAI/checkpoint_deliverable/data/casia_interval_strips_gt/S1021L02.png,True,True,,
/Users/hrishi/Desktop/dev/Milestone1 BSAI/checkpoint_deliverable/data/CASIA-Iris-Interval/021/L/S1021L03.jpg,1021_L,1021,L,train,S1021L03,True,/Users/hrishi/Desktop/dev/Milestone1 BSAI/checkpoint_deliverable/data/casia_interval_strips/S1021L03.png,/Users/hrishi/Desktop/dev/Milestone1 BSAI/checkpoint_deliverable/data/casia_interval_strips_gt/S1021L03.png,True,True,,
/Users/hrishi/Desktop/dev/Milestone1 BSAI/checkpoint_deliverable/data/CASIA-Iris-Interval/003/R/S1003R03.jpg,1003_R,1003,R,train,S1003R03,True,/Users/hrishi/Desktop/dev/Milestone1 BSAI/checkpoint_deliverable/data/casia_interval_strips/S1003R03.png,/Users/hrishi/Desktop/dev/Milestone1 BSAI/checkpoint_deliverable/data/casia_interval_strips_gt/S1003R03.png,True,True,,
/Users/hrishi/Desktop/dev/Milestone1 BSAI/checkpoint_deliverable/data/CASIA-Iris-Interval/003/R/S1003R02.jpg,1003_R,1003,R,train,S1003R02,True,/Users/hrishi/Desktop/dev/Milestone1 BSAI/checkpoint_deliverable/data/casia_interval_strips/S1003R02.png,/Users/hrishi/Desktop/dev/Milestone1 BSAI/checkpoint_deliverable/data/casia_interval_strips_gt/S1003R02.png,True,True,,
/Users/hrishi/Desktop/dev/Milestone1 BSAI/checkpoint_deliverable/data/CASIA-Iris-Interval/003/R/S1003R01.jpg,1003_R,1003,R,train,S1003R01,True,/Users/hrishi/Desktop/dev/Milestone1 BSAI/checkpoint_deliverable/data/casia_interval_strips/S1003R01.png,/Users/hrishi/Desktop/dev/Milestone1 BSAI/checkpoint_deliverable/data/casia_interval_strips_gt/S1003R01.png,True,True,,
/Users/hrishi/Desktop/dev/Milestone1 BSAI/checkpoint_deliverable/data/CASIA-Iris-Interval/003/R/S1003R05.jpg,1003_R,1003,R,train,S1003R05,True,/Users/hrishi/Desktop/dev/Milestone1 BSAI/checkpoint_deliverable/data/casia_interval_strips/S1003R05.png,/Users/hrishi/Desktop/dev/Milestone1 BSAI/checkpoint_deliverable/data/casia_interval_strips_gt/S1003R05.png,True,True,,
/Users/hrishi/Desktop/dev/Milestone1 BSAI/checkpoint_deliverable/data/CASIA-Iris-Interval/003/R/S1003R04.jpg,1003_R,1003,R,train,S1003R04,True,/Users/hrishi/Desktop/dev/Milestone1 BSAI/checkpoint_deliverable/data/casia_interval_strips/S1003R04.png,/Users/hrishi/Desktop/dev/Milestone1 BSAI/checkpoint_deliverable/data/casia_interval_strips_gt/S1003R04.png,True,True,,
/Users/hrishi/Desktop/dev/Milestone1 BSAI/checkpoint_deliverable/data/CASIA-Iris-Interval/003/R/S1003R06.jpg,1003_R,1003,R,train,S1003R06,True,/Users/hrishi/Desktop/dev/Milestone1 BSAI/checkpoint_deliverable/data/casia_interval_strips/S1003R06.png,/Users/hrishi/Desktop/dev/Milestone1 BSAI/checkpoint_deliverable/data/casia_interval_strips_gt/S1003R06.png,True,True,,
/Users/hrishi/Desktop/dev/Milestone1 BSAI/checkpoint_deliverable/data/CASIA-Iris-Interval/003/R/S1003R07.jpg,1003_R,1003,R,train,S1003R07,True,/Users/hrishi/Desktop/dev/Milestone1 BSAI/checkpoint_deliverable/data/casia_interval_strips/S1003R07.png,/Users/hrishi/Desktop/dev/Milestone1 BSAI/checkpoint_deliverable/data/casia_interval_strips_gt/S1003R07.png,True,True,,
/Users/hrishi/Desktop/dev/Milestone1 BSAI/checkpoint_deliverable/data/CASIA-Iris-Interval/231/L/S1231L08.jpg,1231_L,1231,L,val,S1231L08,True,/Users/hrishi/Desktop/dev/Milestone1 BSAI/checkpoint_deliverable/data/casia_interval_strips/S1231L08.png,/Users/hrishi/Desktop/dev/Milestone1 BSAI/checkpoint_deliverable/data/casia_interval_strips_gt/S1231L08.png,True,True,,
/Users/hrishi/Desktop/dev/Milestone1 BSAI/checkpoint_deliverable/data/CASIA-Iris-Interval/231/L/S1231L07.jpg,1231_L,1231,L,val,S1231L07,True,/Users/hrishi/Desktop/dev/Milestone1 BSAI/checkpoint_deliverable/data/casia_interval_strips/S1231L07.png,/Users/hrishi/Desktop/dev/Milestone1 BSAI/checkpoint_deliverable/data/casia_interval_strips_gt/S1231L07.png,True,True,,
/Users/hrishi/Desktop/dev/Milestone1 BSAI/checkpoint_deliverable/data/CASIA-Iris-Interval/231/L/S1231L06.jpg,1231_L,1231,L,val,S1231L06,True,/Users/hrishi/Desktop/dev/Milestone1 BSAI/checkpoint_deliverable/data/casia_interval_strips/S1231L06.png,/Users/hrishi/Desktop/dev/Milestone1 BSAI/checkpoint_deliverable/data/casia_interval_strips_gt/S1231L06.png,True,True,,
/Users/hrishi/Desktop/dev/Milestone1 BSAI/checkpoint_deliverable/data/CASIA-Iris-Interval/231/L/S1231L04.jpg,1231_L,1231,L,val,S1231L04,True,/Users/hrishi/Desktop/dev/Milestone1 BSAI/checkpoint_deliverable/data/casia_interval_strips/S1231L04.png,/Users/hrishi/Desktop/dev/Milestone1 BSAI/checkpoint_deliverable/data/casia_interval_strips_gt/S1231L04.png,True,True,,
/Users/hrishi/Desktop/dev/Milestone1 BSAI/checkpoint_deliverable/data/CASIA-Iris-Interval/231/L/S1231L05.jpg,1231_L,1231,L,val,S1231L05,True,/Users/hrishi/Desktop/dev/Milestone1 BSAI/checkpoint_deliverable/data/casia_interval_strips/S1231L05.png,/Users/hrishi/Desktop/dev/Milestone1 BSAI/checkpoint_deliverable/data/casia_interval_strips_gt/S1231L05.png,True,True,,
/Users/hrishi/Desktop/dev/Milestone1 BSAI/checkpoint_deliverable/data/CASIA-Iris-Interval/231/L/S1231L01.jpg,1231_L,1231,L,val,S1231L01,True,/Users/hrishi/Desktop/dev/Milestone1 BSAI/checkpoint_deliverable/data/casia_interval_strips/S1231L01.png,/Users/hrishi/Desktop/dev/Milestone1 BSAI/checkpoint_deliverable/data/casia_interval_strips_gt/S1231L01.png,True,True,,
/Users/hrishi/Desktop/dev/Milestone1 BSAI/checkpoint_deliverable/data/CASIA-Iris-Interval/231/L/S1231L02.jpg,1231_L,1231,L,val,S1231L02,True,/Users/hrishi/Desktop/dev/Milestone1 BSAI/checkpoint_deliverable/data/casia_interval_strips/S1231L02.png,/Users/hrishi/Desktop/dev/Milestone1 BSAI/checkpoint_deliverable/data/casia_interval_strips_gt/S1231L02.png,True,True,,
/Users/hrishi/Desktop/dev/Milestone1 BSAI/checkpoint_deliverable/data/CASIA-Iris-Interval/231/L/S1231L03.jpg,1231_L,1231,L,val,S1231L03,True,/Users/hrishi/Desktop/dev/Milestone1 BSAI/checkpoint_deliverable/data/casia_interval_strips/S1231L03.png,/Users/hrishi/Desktop/dev/Milestone1 BSAI/checkpoint_deliverable/data/casia_interval_strips_gt/S1231L03.png,True,True,,
/Users/hrishi/Desktop/dev/Milestone1 BSAI/checkpoint_deliverable/data/CASIA-Iris-Interval/209/R/S1209R08.jpg,1209_R,1209,R,train,S1209R08,True,/Users/hrishi/Desktop/dev/Milestone1 BSAI/checkpoint_deliverable/data/casia_interval_strips/S1209R08.png,/Users/hrishi/Desktop/dev/Milestone1 BSAI/checkpoint_deliverable/data/casia_interval_strips_gt/S1209R08.png,True,True,,
/Users/hrishi/Desktop/dev/Milestone1 BSAI/checkpoint_deliverable/data/CASIA-Iris-Interval/209/R/S1209R09.jpg,1209_R,1209,R,train,S1209R09,True,/Users/hrishi/Desktop/dev/Milestone1 BSAI/checkpoint_deliverable/data/casia_interval_strips/S1209R09.png,/Users/hrishi/Desktop/dev/Milestone1 BSAI/checkpoint_deliverable/data/casia_interval_strips_gt/S1209R09.png,True,True,,
/Users/hrishi/Desktop/dev/Milestone1 BSAI/checkpoint_deliverable/data/CASIA-Iris-Interval/209/R/S1209R04.jpg,1209_R,1209,R,train,S1209R04,True,/Users/hrishi/Desktop/dev/Milestone1 BSAI/checkpoint_deliverable/data/casia_interval_strips/S1209R04.png,/Users/hrishi/Desktop/dev/Milestone1 BSAI/checkpoint_deliverable/data/casia_interval_strips_gt/S1209R04.png,True,True,,
/Users/hrishi/Desktop/dev/Milestone1 BSAI/checkpoint_deliverable/data/CASIA-Iris-Interval/209/R/S1209R10.jpg,1209_R,1209,R,train,S1209R10,True,/Users/hrishi/Desktop/dev/Milestone1 BSAI/checkpoint_deliverable/data/casia_interval_strips/S1209R10.png,/Users/hrishi/Desktop/dev/Milestone1 BSAI/checkpoint_deliverable/data/casia_interval_strips_gt/S1209R10.png,True,True,,
/Users/hrishi/Desktop/dev/Milestone1 BSAI/checkpoint_deliverable/data/CASIA-Iris-Interval/209/R/S1209R05.jpg,1209_R,1209,R,train,S1209R05,True,/Users/hrishi/Desktop/dev/Milestone1 BSAI/checkpoint_deliverable/data/casia_interval_strips/S1209R05.png,/Users/hrishi/Desktop/dev/Milestone1 BSAI/checkpoint_deliverable/data/casia_interval_strips_gt/S1209R05.png,True,True,,
/Users/hrishi/Desktop/dev/Milestone1 BSAI/checkpoint_deliverable/data/CASIA-Iris-Interval/209/R/S1209R07.jpg,1209_R,1209,R,train,S1209R07,True,/Users/hrishi/Desktop/dev/Milestone1 BSAI/checkpoint_deliverable/data/casia_interval_strips/S1209R07.png,/Users/hrishi/Desktop/dev/Milestone1 BSAI/checkpoint_deliverable/data/casia_interval_strips_gt/S1209R07.png,True,True,,
/Users/hrishi/Desktop/dev/Milestone1 BSAI/checkpoint_deliverable/data/CASIA-Iris-Interval/209/R/S1209R06.jpg,1209_R,1209,R,train,S1209R06,True,/Users/hrishi/Desktop/dev/Milestone1 BSAI/checkpoint_deliverable/data/casia_interval_strips/S1209R06.png,/Users/hrishi/Desktop/dev/Milestone1 BSAI/checkpoint_deliverable/data/casia_interval_strips_gt/S1209R06.png,True,True,,
/Users/hrishi/Desktop/dev/Milestone1 BSAI/checkpoint_deliverable/data/CASIA-Iris-Interval/209/R/S1209R02.jpg,1209_R,1209,R,train,S1209R02,True,/Users/hrishi/Desktop/dev/Milestone1 BSAI/checkpoint_deliverable/data/casia_interval_strips/S1209R02.png,/Users/hrishi/Desktop/dev/Milestone1 BSAI/checkpoint_deliverable/data/casia_interval_strips_gt/S1209R02.png,True,True,,
/Users/hrishi/Desktop/dev/Milestone1 BSAI/checkpoint_deliverable/data/CASIA-Iris-Interval/209/R/S1209R03.jpg,1209_R,1209,R,train,S1209R03,True,/Users/hrishi/Desktop/dev/Milestone1 BSAI/checkpoint_deliverable/data/casia_interval_strips/S1209R03.png,/Users/hrishi/Desktop/dev/Milestone1 BSAI/checkpoint_deliverable/data/casia_interval_strips_gt/S1209R03.png,True,True,,
/Users/hrishi/Desktop/dev/Milestone1 BSAI/checkpoint_deliverable/data/CASIA-Iris-Interval/209/R/S1209R01.jpg,1209_R,1209,R,train,S1209R01,True,/Users/hrishi/Desktop/dev/Milestone1 BSAI/checkpoint_deliverable/data/casia_interval_strips/S1209R01.png,/Users/hrishi/Desktop/dev/Milestone1 BSAI/checkpoint_deliverable/data/casia_interval_strips_gt/S1209R01.png,True,True,,
/Users/hrishi/Desktop/dev/Milestone1 BSAI/checkpoint_deliverable/data/CASIA-Iris-Interval/209/L/S1209L09.jpg,1209_L,1209,L,train,S1209L09,True,/Users/hrishi/Desktop/dev/Milestone1 BSAI/checkpoint_deliverable/data/casia_interval_strips/S1209L09.png,/Users/hrishi/Desktop/dev/Milestone1 BSAI/checkpoint_deliverable/data/casia_interval_strips_gt/S1209L09.png,True,True,,
/Users/hrishi/Desktop/dev/Milestone1 BSAI/checkpoint_deliverable/data/CASIA-Iris-Interval/209/L/S1209L08.jpg,1209_L,1209,L,train,S1209L08,True,/Users/hrishi/Desktop/dev/Milestone1 BSAI/checkpoint_deliverable/data/casia_interval_strips/S1209L08.png,/Users/hrishi/Desktop/dev/Milestone1 BSAI/checkpoint_deliverable/data/casia_interval_strips_gt/S1209L08.png,True,True,,
/Users/hrishi/Desktop/dev/Milestone1 BSAI/checkpoint_deliverable/data/CASIA-Iris-Interval/209/L/S1209L03.jpg,1209_L,1209,L,train,S1209L03,True,/Users/hrishi/Desktop/dev/Milestone1 BSAI/checkpoint_deliverable/data/casia_interval_strips/S1209L03.png,/Users/hrishi/Desktop/dev/Milestone1 BSAI/checkpoint_deliverable/data/casia_interval_strips_gt/S1209L03.png,True,True,,
/Users/hrishi/Desktop/dev/Milestone1 BSAI/checkpoint_deliverable/data/CASIA-Iris-Interval/209/L/S1209L02.jpg,1209_L,1209,L,train,S1209L02,True,/Users/hrishi/Desktop/dev/Milestone1 BSAI/checkpoint_deliverable/data/casia_interval_strips/S1209L02.png,/Users/hrishi/Desktop/dev/Milestone1 BSAI/checkpoint_deliverable/data/casia_interval_strips_gt/S1209L02.png,True,True,,
/Users/hrishi/Desktop/dev/Milestone1 BSAI/checkpoint_deliverable/data/CASIA-Iris-Interval/209/L/S1209L01.jpg,1209_L,1209,L,train,S1209L01,True,/Users/hrishi/Desktop/dev/Milestone1 BSAI/checkpoint_deliverable/data/casia_interval_strips/S1209L01.png,/Users/hrishi/Desktop/dev/Milestone1 BSAI/checkpoint_deliverable/data/casia_interval_strips_gt/S1209L01.png,True,True,,
/Users/hrishi/Desktop/dev/Milestone1 BSAI/checkpoint_deliverable/data/CASIA-Iris-Interval/209/L/S1209L05.jpg,1209_L,1209,L,train,S1209L05,True,/Users/hrishi/Desktop/dev/Milestone1 BSAI/checkpoint_deliverable/data/casia_interval_strips/S1209L05.png,/Users/hrishi/Desktop/dev/Milestone1 BSAI/checkpoint_deliverable/data/casia_interval_strips_gt/S1209L05.png,True,True,,
/Users/hrishi/Desktop/dev/Milestone1 BSAI/checkpoint_deliverable/data/CASIA-Iris-Interval/209/L/S1209L10.jpg,1209_L,1209,L,train,S1209L10,True,/Users/hrishi/Desktop/dev/Milestone1 BSAI/checkpoint_deliverable/data/casia_interval_strips/S1209L10.png,/Users/hrishi/Desktop/dev/Milestone1 BSAI/checkpoint_deliverable/data/casia_interval_strips_gt/S1209L10.png,True,True,,
/Users/hrishi/Desktop/dev/Milestone1 BSAI/checkpoint_deliverable/data/CASIA-Iris-Interval/209/L/S1209L04.jpg,1209_L,1209,L,train,S1209L04,True,/Users/hrishi/Desktop/dev/Milestone1 BSAI/checkpoint_deliverable/data/casia_interval_strips/S1209L04.png,/Users/hrishi/Desktop/dev/Milestone1 BSAI/checkpoint_deliverable/data/casia_interval_strips_gt/S1209L04.png,True,True,,
/Users/hrishi/Desktop/dev/Milestone1 BSAI/checkpoint_deliverable/data/CASIA-Iris-Interval/209/L/S1209L06.jpg,1209_L,1209,L,train,S1209L06,True,/Users/hrishi/Desktop/dev/Milestone1 BSAI/checkpoint_deliverable/data/casia_interval_strips/S1209L06.png,/Users/hrishi/Desktop/dev/Milestone1 BSAI/checkpoint_deliverable/data/casia_interval_strips_gt/S1209L06.png,True,True,,
/Users/hrishi/Desktop/dev/Milestone1 BSAI/checkpoint_deliverable/data/CASIA-Iris-Interval/209/L/S1209L07.jpg,1209_L,1209,L,train,S1209L07,True,/Users/hrishi/Desktop/dev/Milestone1 BSAI/checkpoint_deliverable/data/casia_interval_strips/S1209L07.png,/Users/hrishi/Desktop/dev/Milestone1 BSAI/checkpoint_deliverable/data/casia_interval_strips_gt/S1209L07.png,True,True,,
/Users/hrishi/Desktop/dev/Milestone1 BSAI/checkpoint_deliverable/data/CASIA-Iris-Interval/236/R/S1236R01.jpg,1236_R,1236,R,train,S1236R01,True,/Users/hrishi/Desktop/dev/Milestone1 BSAI/checkpoint_deliverable/data/casia_interval_strips/S1236R01.png,/Users/hrishi/Desktop/dev/Milestone1 BSAI/checkpoint_deliverable/data/casia_interval_strips_gt/S1236R01.png,True,True,,
/Users/hrishi/Desktop/dev/Milestone1 BSAI/checkpoint_deliverable/data/CASIA-Iris-Interval/236/R/S1236R03.jpg,1236_R,1236,R,train,S1236R03,True,/Users/hrishi/Desktop/dev/Milestone1 BSAI/checkpoint_deliverable/data/casia_interval_strips/S1236R03.png,/Users/hrishi/Desktop/dev/Milestone1 BSAI/checkpoint_deliverable/data/casia_interval_strips_gt/S1236R03.png,True,True,,
/Users/hrishi/Desktop/dev/Milestone1 BSAI/checkpoint_deliverable/data/CASIA-Iris-Interval/236/R/S1236R02.jpg,1236_R,1236,R,train,S1236R02,True,/Users/hrishi/Desktop/dev/Milestone1 BSAI/checkpoint_deliverable/data/casia_interval_strips/S1236R02.png,/Users/hrishi/Desktop/dev/Milestone1 BSAI/checkpoint_deliverable/data/casia_interval_strips_gt/S1236R02.png,True,True,,
/Users/hrishi/Desktop/dev/Milestone1 BSAI/checkpoint_deliverable/data/CASIA-Iris-Interval/004/R/S1004R03.jpg,1004_R,1004,R,val,S1004R03,True,/Users/hrishi/Desktop/dev/Milestone1 BSAI/checkpoint_deliverable/data/casia_interval_strips/S1004R03.png,/Users/hrishi/Desktop/dev/Milestone1 BSAI/checkpoint_deliverable/data/casia_interval_strips_gt/S1004R03.png,True,True,,
/Users/hrishi/Desktop/dev/Milestone1 BSAI/checkpoint_deliverable/data/CASIA-Iris-Interval/004/R/S1004R02.jpg,1004_R,1004,R,val,S1004R02,True,/Users/hrishi/Desktop/dev/Milestone1 BSAI/checkpoint_deliverable/data/casia_interval_strips/S1004R02.png,/Users/hrishi/Desktop/dev/Milestone1 BSAI/checkpoint_deliverable/data/casia_interval_strips_gt/S1004R02.png,True,True,,
/Users/hrishi/Desktop/dev/Milestone1 BSAI/checkpoint_deliverable/data/CASIA-Iris-Interval/004/R/S1004R01.jpg,1004_R,1004,R,val,S1004R01,True,/Users/hrishi/Desktop/dev/Milestone1 BSAI/checkpoint_deliverable/data/casia_interval_strips/S1004R01.png,/Users/hrishi/Desktop/dev/Milestone1 BSAI/checkpoint_deliverable/data/casia_interval_strips_gt/S1004R01.png,True,True,,
/Users/hrishi/Desktop/dev/Milestone1 BSAI/checkpoint_deliverable/data/CASIA-Iris-Interval/004/R/S1004R05.jpg,1004_R,1004,R,val,S1004R05,True,/Users/hrishi/Desktop/dev/Milestone1 BSAI/checkpoint_deliverable/data/casia_interval_strips/S1004R05.png,/Users/hrishi/Desktop/dev/Milestone1 BSAI/checkpoint_deliverable/data/casia_interval_strips_gt/S1004R05.png,True,True,,
/Users/hrishi/Desktop/dev/Milestone1 BSAI/checkpoint_deliverable/data/CASIA-Iris-Interval/004/R/S1004R04.jpg,1004_R,1004,R,val,S1004R04,True,/Users/hrishi/Desktop/dev/Milestone1 BSAI/checkpoint_deliverable/data/casia_interval_strips/S1004R04.png,/Users/hrishi/Desktop/dev/Milestone1 BSAI/checkpoint_deliverable/data/casia_interval_strips_gt/S1004R04.png,True,True,,
/Users/hrishi/Desktop/dev/Milestone1 BSAI/checkpoint_deliverable/data/CASIA-Iris-Interval/004/R/S1004R06.jpg,1004_R,1004,R,val,S1004R06,True,/Users/hrishi/Desktop/dev/Milestone1 BSAI/checkpoint_deliverable/data/casia_interval_strips/S1004R06.png,/Users/hrishi/Desktop/dev/Milestone1 BSAI/checkpoint_deliverable/data/casia_interval_strips_gt/S1004R06.png,True,True,,
/Users/hrishi/Desktop/dev/Milestone1 BSAI/checkpoint_deliverable/data/CASIA-Iris-Interval/004/R/S1004R07.jpg,1004_R,1004,R,val,S1004R07,True,/Users/hrishi/Desktop/dev/Milestone1 BSAI/checkpoint_deliverable/data/casia_interval_strips/S1004R07.png,/Users/hrishi/Desktop/dev/Milestone1 BSAI/checkpoint_deliverable/data/casia_interval_strips_gt/S1004R07.png,True,True,,
/Users/hrishi/Desktop/dev/Milestone1 BSAI/checkpoint_deliverable/data/CASIA-Iris-Interval/200/R/S1200R01.jpg,1200_R,1200,R,train,S1200R01,True,/Users/hrishi/Desktop/dev/Milestone1 BSAI/checkpoint_deliverable/data/casia_interval_strips/S1200R01.png,/Users/hrishi/Desktop/dev/Milestone1 BSAI/checkpoint_deliverable/data/casia_interval_strips_gt/S1200R01.png,True,True,,
/Users/hrishi/Desktop/dev/Milestone1 BSAI/checkpoint_deliverable/data/CASIA-Iris-Interval/200/R/S1200R02.jpg,1200_R,1200,R,train,S1200R02,True,/Users/hrishi/Desktop/dev/Milestone1 BSAI/checkpoint_deliverable/data/casia_interval_strips/S1200R02.png,/Users/hrishi/Desktop/dev/Milestone1 BSAI/checkpoint_deliverable/data/casia_interval_strips_gt/S1200R02.png,True,True,,
/Users/hrishi/Desktop/dev/Milestone1 BSAI/checkpoint_deliverable/data/CASIA-Iris-Interval/032/L/S1032L05.jpg,1032_L,1032,L,train,S1032L05,True,/Users/hrishi/Desktop/dev/Milestone1 BSAI/checkpoint_deliverable/data/casia_interval_strips/S1032L05.png,/Users/hrishi/Desktop/dev/Milestone1 BSAI/checkpoint_deliverable/data/casia_interval_strips_gt/S1032L05.png,True,True,,
/Users/hrishi/Desktop/dev/Milestone1 BSAI/checkpoint_deliverable/data/CASIA-Iris-Interval/032/L/S1032L04.jpg,1032_L,1032,L,train,S1032L04,True,/Users/hrishi/Desktop/dev/Milestone1 BSAI/checkpoint_deliverable/data/casia_interval_strips/S1032L04.png,/Users/hrishi/Desktop/dev/Milestone1 BSAI/checkpoint_deliverable/data/casia_interval_strips_gt/S1032L04.png,True,True,,
/Users/hrishi/Desktop/dev/Milestone1 BSAI/checkpoint_deliverable/data/CASIA-Iris-Interval/032/L/S1032L03.jpg,1032_L,1032,L,train,S1032L03,True,/Users/hrishi/Desktop/dev/Milestone1 BSAI/checkpoint_deliverable/data/casia_interval_strips/S1032L03.png,/Users/hrishi/Desktop/dev/Milestone1 BSAI/checkpoint_deliverable/data/casia_interval_strips_gt/S1032L03.png,True,True,,
/Users/hrishi/Desktop/dev/Milestone1 BSAI/checkpoint_deliverable/data/CASIA-Iris-Interval/032/L/S1032L02.jpg,1032_L,1032,L,train,S1032L02,True,/Users/hrishi/Desktop/dev/Milestone1 BSAI/checkpoint_deliverable/data/casia_interval_strips/S1032L02.png,/Users/hrishi/Desktop/dev/Milestone1 BSAI/checkpoint_deliverable/data/casia_interval_strips_gt/S1032L02.png,True,True,,
/Users/hrishi/Desktop/dev/Milestone1 BSAI/checkpoint_deliverable/data/CASIA-Iris-Interval/032/L/S1032L01.jpg,1032_L,1032,L,train,S1032L01,True,/Users/hrishi/Desktop/dev/Milestone1 BSAI/checkpoint_deliverable/data/casia_interval_strips/S1032L01.png,/Users/hrishi/Desktop/dev/Milestone1 BSAI/checkpoint_deliverable/data/casia_interval_strips_gt/S1032L01.png,True,True,,
/Users/hrishi/Desktop/dev/Milestone1 BSAI/checkpoint_deliverable/data/CASIA-Iris-Interval/238/R/S1238R04.jpg,1238_R,1238,R,train,S1238R04,True,/Users/hrishi/Desktop/dev/Milestone1 BSAI/checkpoint_deliverable/data/casia_interval_strips/S1238R04.png,/Users/hrishi/Desktop/dev/Milestone1 BSAI/checkpoint_deliverable/data/casia_interval_strips_gt/S1238R04.png,True,True,,
/Users/hrishi/Desktop/dev/Milestone1 BSAI/checkpoint_deliverable/data/CASIA-Iris-Interval/238/R/S1238R03.jpg,1238_R,1238,R,train,S1238R03,True,/Users/hrishi/Desktop/dev/Milestone1 BSAI/checkpoint_deliverable/data/casia_interval_strips/S1238R03.png,/Users/hrishi/Desktop/dev/Milestone1 BSAI/checkpoint_deliverable/data/casia_interval_strips_gt/S1238R03.png,True,True,,
/Users/hrishi/Desktop/dev/Milestone1 BSAI/checkpoint_deliverable/data/CASIA-Iris-Interval/238/R/S1238R02.jpg,1238_R,1238,R,train,S1238R02,True,/Users/hrishi/Desktop/dev/Milestone1 BSAI/checkpoint_deliverable/data/casia_interval_strips/S1238R02.png,/Users/hrishi/Desktop/dev/Milestone1 BSAI/checkpoint_deliverable/data/casia_interval_strips_gt/S1238R02.png,True,True,,
/Users/hrishi/Desktop/dev/Milestone1 BSAI/checkpoint_deliverable/data/CASIA-Iris-Interval/238/R/S1238R01.jpg,1238_R,1238,R,train,S1238R01,True,/Users/hrishi/Desktop/dev/Milestone1 BSAI/checkpoint_deliverable/data/casia_interval_strips/S1238R01.png,/Users/hrishi/Desktop/dev/Milestone1 BSAI/checkpoint_deliverable/data/casia_interval_strips_gt/S1238R01.png,True,True,,
/Users/hrishi/Desktop/dev/Milestone1 BSAI/checkpoint_deliverable/data/CASIA-Iris-Interval/035/L/S1035L05.jpg,1035_L,1035,L,train,S1035L05,True,/Users/hrishi/Desktop/dev/Milestone1 BSAI/checkpoint_deliverable/data/casia_interval_strips/S1035L05.png,/Users/hrishi/Desktop/dev/Milestone1 BSAI/checkpoint_deliverable/data/casia_interval_strips_gt/S1035L05.png,True,True,,
/Users/hrishi/Desktop/dev/Milestone1 BSAI/checkpoint_deliverable/data/CASIA-Iris-Interval/035/L/S1035L04.jpg,1035_L,1035,L,train,S1035L04,True,/Users/hrishi/Desktop/dev/Milestone1 BSAI/checkpoint_deliverable/data/casia_interval_strips/S1035L04.png,/Users/hrishi/Desktop/dev/Milestone1 BSAI/checkpoint_deliverable/data/casia_interval_strips_gt/S1035L04.png,True,True,,
/Users/hrishi/Desktop/dev/Milestone1 BSAI/checkpoint_deliverable/data/CASIA-Iris-Interval/035/L/S1035L03.jpg,1035_L,1035,L,train,S1035L03,True,/Users/hrishi/Desktop/dev/Milestone1 BSAI/checkpoint_deliverable/data/casia_interval_strips/S1035L03.png,/Users/hrishi/Desktop/dev/Milestone1 BSAI/checkpoint_deliverable/data/casia_interval_strips_gt/S1035L03.png,True,True,,
/Users/hrishi/Desktop/dev/Milestone1 BSAI/checkpoint_deliverable/data/CASIA-Iris-Interval/035/L/S1035L02.jpg,1035_L,1035,L,train,S1035L02,True,/Users/hrishi/Desktop/dev/Milestone1 BSAI/checkpoint_deliverable/data/casia_interval_strips/S1035L02.png,/Users/hrishi/Desktop/dev/Milestone1 BSAI/checkpoint_deliverable/data/casia_interval_strips_gt/S1035L02.png,True,True,,
/Users/hrishi/Desktop/dev/Milestone1 BSAI/checkpoint_deliverable/data/CASIA-Iris-Interval/035/L/S1035L01.jpg,1035_L,1035,L,train,S1035L01,True,/Users/hrishi/Desktop/dev/Milestone1 BSAI/checkpoint_deliverable/data/casia_interval_strips/S1035L01.png,/Users/hrishi/Desktop/dev/Milestone1 BSAI/checkpoint_deliverable/data/casia_interval_strips_gt/S1035L01.png,True,True,,
/Users/hrishi/Desktop/dev/Milestone1 BSAI/checkpoint_deliverable/data/CASIA-Iris-Interval/207/R/S1207R01.jpg,1207_R,1207,R,train,S1207R01,True,/Users/hrishi/Desktop/dev/Milestone1 BSAI/checkpoint_deliverable/data/casia_interval_strips/S1207R01.png,/Users/hrishi/Desktop/dev/Milestone1 BSAI/checkpoint_deliverable/data/casia_interval_strips_gt/S1207R01.png,True,True,,
/Users/hrishi/Desktop/dev/Milestone1 BSAI/checkpoint_deliverable/data/CASIA-Iris-Interval/207/R/S1207R02.jpg,1207_R,1207,R,train,S1207R02,True,/Users/hrishi/Desktop/dev/Milestone1 BSAI/checkpoint_deliverable/data/casia_interval_strips/S1207R02.png,/Users/hrishi/Desktop/dev/Milestone1 BSAI/checkpoint_deliverable/data/casia_interval_strips_gt/S1207R02.png,True,True,,
/Users/hrishi/Desktop/dev/Milestone1 BSAI/checkpoint_deliverable/data/CASIA-Iris-Interval/207/R/S1207R03.jpg,1207_R,1207,R,train,S1207R03,True,/Users/hrishi/Desktop/dev/Milestone1 BSAI/checkpoint_deliverable/data/casia_interval_strips/S1207R03.png,/Users/hrishi/Desktop/dev/Milestone1 BSAI/checkpoint_deliverable/data/casia_interval_strips_gt/S1207R03.png,True,True,,
/Users/hrishi/Desktop/dev/Milestone1 BSAI/checkpoint_deliverable/data/CASIA-Iris-Interval/207/R/S1207R04.jpg,1207_R,1207,R,train,S1207R04,True,/Users/hrishi/Desktop/dev/Milestone1 BSAI/checkpoint_deliverable/data/casia_interval_strips/S1207R04.png,/Users/hrishi/Desktop/dev/Milestone1 BSAI/checkpoint_deliverable/data/casia_interval_strips_gt/S1207R04.png,True,True,,
/Users/hrishi/Desktop/dev/Milestone1 BSAI/checkpoint_deliverable/data/CASIA-Iris-Interval/207/R/S1207R05.jpg,1207_R,1207,R,train,S1207R05,True,/Users/hrishi/Desktop/dev/Milestone1 BSAI/checkpoint_deliverable/data/casia_interval_strips/S1207R05.png,/Users/hrishi/Desktop/dev/Milestone1 BSAI/checkpoint_deliverable/data/casia_interval_strips_gt/S1207R05.png,True,True,,
/Users/hrishi/Desktop/dev/Milestone1 BSAI/checkpoint_deliverable/data/CASIA-Iris-Interval/095/R/S1095R02.jpg,1095_R,1095,R,train,S1095R02,True,/Users/hrishi/Desktop/dev/Milestone1 BSAI/checkpoint_deliverable/data/casia_interval_strips/S1095R02.png,/Users/hrishi/Desktop/dev/Milestone1 BSAI/checkpoint_deliverable/data/casia_interval_strips_gt/S1095R02.png,True,True,,
/Users/hrishi/Desktop/dev/Milestone1 BSAI/checkpoint_deliverable/data/CASIA-Iris-Interval/095/R/S1095R03.jpg,1095_R,1095,R,train,S1095R03,True,/Users/hrishi/Desktop/dev/Milestone1 BSAI/checkpoint_deliverable/data/casia_interval_strips/S1095R03.png,/Users/hrishi/Desktop/dev/Milestone1 BSAI/checkpoint_deliverable/data/casia_interval_strips_gt/S1095R03.png,True,True,,
/Users/hrishi/Desktop/dev/Milestone1 BSAI/checkpoint_deliverable/data/CASIA-Iris-Interval/095/R/S1095R01.jpg,1095_R,1095,R,train,S1095R01,True,/Users/hrishi/Desktop/dev/Milestone1 BSAI/checkpoint_deliverable/data/casia_interval_strips/S1095R01.png,/Users/hrishi/Desktop/dev/Milestone1 BSAI/checkpoint_deliverable/data/casia_interval_strips_gt/S1095R01.png,True,True,,
/Users/hrishi/Desktop/dev/Milestone1 BSAI/checkpoint_deliverable/data/CASIA-Iris-Interval/095/R/S1095R04.jpg,1095_R,1095,R,train,S1095R04,True,/Users/hrishi/Desktop/dev/Milestone1 BSAI/checkpoint_deliverable/data/casia_interval_strips/S1095R04.png,/Users/hrishi/Desktop/dev/Milestone1 BSAI/checkpoint_deliverable/data/casia_interval_strips_gt/S1095R04.png,True,True,,
/Users/hrishi/Desktop/dev/Milestone1 BSAI/checkpoint_deliverable/data/CASIA-Iris-Interval/095/R/S1095R05.jpg,1095_R,1095,R,train,S1095R05,True,/Users/hrishi/Desktop/dev/Milestone1 BSAI/checkpoint_deliverable/data/casia_interval_strips/S1095R05.png,/Users/hrishi/Desktop/dev/Milestone1 BSAI/checkpoint_deliverable/data/casia_interval_strips_gt/S1095R05.png,True,True,,
/Users/hrishi/Desktop/dev/Milestone1 BSAI/checkpoint_deliverable/data/CASIA-Iris-Interval/095/R/S1095R07.jpg,1095_R,1095,R,train,S1095R07,True,/Users/hrishi/Desktop/dev/Milestone1 BSAI/checkpoint_deliverable/data/casia_interval_strips/S1095R07.png,/Users/hrishi/Desktop/dev/Milestone1 BSAI/checkpoint_deliverable/data/casia_interval_strips_gt/S1095R07.png,True,True,,
/Users/hrishi/Desktop/dev/Milestone1 BSAI/checkpoint_deliverable/data/CASIA-Iris-Interval/095/R/S1095R06.jpg,1095_R,1095,R,train,S1095R06,True,/Users/hrishi/Desktop/dev/Milestone1 BSAI/checkpoint_deliverable/data/casia_interval_strips/S1095R06.png,/Users/hrishi/Desktop/dev/Milestone1 BSAI/checkpoint_deliverable/data/casia_interval_strips_gt/S1095R06.png,True,True,,
/Users/hrishi/Desktop/dev/Milestone1 BSAI/checkpoint_deliverable/data/CASIA-Iris-Interval/095/L/S1095L05.jpg,1095_L,1095,L,train,S1095L05,True,/Users/hrishi/Desktop/dev/Milestone1 BSAI/checkpoint_deliverable/data/casia_interval_strips/S1095L05.png,/Users/hrishi/Desktop/dev/Milestone1 BSAI/checkpoint_deliverable/data/casia_interval_strips_gt/S1095L05.png,True,True,,
/Users/hrishi/Desktop/dev/Milestone1 BSAI/checkpoint_deliverable/data/CASIA-Iris-Interval/095/L/S1095L04.jpg,1095_L,1095,L,train,S1095L04,True,/Users/hrishi/Desktop/dev/Milestone1 BSAI/checkpoint_deliverable/data/casia_interval_strips/S1095L04.png,/Users/hrishi/Desktop/dev/Milestone1 BSAI/checkpoint_deliverable/data/casia_interval_strips_gt/S1095L04.png,True,True,,
/Users/hrishi/Desktop/dev/Milestone1 BSAI/checkpoint_deliverable/data/CASIA-Iris-Interval/095/L/S1095L06.jpg,1095_L,1095,L,train,S1095L06,True,/Users/hrishi/Desktop/dev/Milestone1 BSAI/checkpoint_deliverable/data/casia_interval_strips/S1095L06.png,/Users/hrishi/Desktop/dev/Milestone1 BSAI/checkpoint_deliverable/data/casia_interval_strips_gt/S1095L06.png,True,True,,
/Users/hrishi/Desktop/dev/Milestone1 BSAI/checkpoint_deliverable/data/CASIA-Iris-Interval/095/L/S1095L07.jpg,1095_L,1095,L,train,S1095L07,True,/Users/hrishi/Desktop/dev/Milestone1 BSAI/checkpoint_deliverable/data/casia_interval_strips/S1095L07.png,/Users/hrishi/Desktop/dev/Milestone1 BSAI/checkpoint_deliverable/data/casia_interval_strips_gt/S1095L07.png,True,True,,
/Users/hrishi/Desktop/dev/Milestone1 BSAI/checkpoint_deliverable/data/CASIA-Iris-Interval/095/L/S1095L03.jpg,1095_L,1095,L,train,S1095L03,True,/Users/hrishi/Desktop/dev/Milestone1 BSAI/checkpoint_deliverable/data/casia_interval_strips/S1095L03.png,/Users/hrishi/Desktop/dev/Milestone1 BSAI/checkpoint_deliverable/data/casia_interval_strips_gt/S1095L03.png,True,True,,
/Users/hrishi/Desktop/dev/Milestone1 BSAI/checkpoint_deliverable/data/CASIA-Iris-Interval/095/L/S1095L02.jpg,1095_L,1095,L,train,S1095L02,True,/Users/hrishi/Desktop/dev/Milestone1 BSAI/checkpoint_deliverable/data/casia_interval_strips/S1095L02.png,/Users/hrishi/Desktop/dev/Milestone1 BSAI/checkpoint_deliverable/data/casia_interval_strips_gt/S1095L02.png,True,True,,
/Users/hrishi/Desktop/dev/Milestone1 BSAI/checkpoint_deliverable/data/CASIA-Iris-Interval/095/L/S1095L01.jpg,1095_L,1095,L,train,S1095L01,True,/Users/hrishi/Desktop/dev/Milestone1 BSAI/checkpoint_deliverable/data/casia_interval_strips/S1095L01.png,/Users/hrishi/Desktop/dev/Milestone1 BSAI/checkpoint_deliverable/data/casia_interval_strips_gt/S1095L01.png,True,True,,
/Users/hrishi/Desktop/dev/Milestone1 BSAI/checkpoint_deliverable/data/CASIA-Iris-Interval/061/R/S1061R01.jpg,1061_R,1061,R,train,S1061R01,True,/Users/hrishi/Desktop/dev/Milestone1 BSAI/checkpoint_deliverable/data/casia_interval_strips/S1061R01.png,/Users/hrishi/Desktop/dev/Milestone1 BSAI/checkpoint_deliverable/data/casia_interval_strips_gt/S1061R01.png,True,True,,
/Users/hrishi/Desktop/dev/Milestone1 BSAI/checkpoint_deliverable/data/CASIA-Iris-Interval/061/R/S1061R02.jpg,1061_R,1061,R,train,S1061R02,True,/Users/hrishi/Desktop/dev/Milestone1 BSAI/checkpoint_deliverable/data/casia_interval_strips/S1061R02.png,/Users/hrishi/Desktop/dev/Milestone1 BSAI/checkpoint_deliverable/data/casia_interval_strips_gt/S1061R02.png,True,True,,
/Users/hrishi/Desktop/dev/Milestone1 BSAI/checkpoint_deliverable/data/CASIA-Iris-Interval/061/R/S1061R03.jpg,1061_R,1061,R,train,S1061R03,True,/Users/hrishi/Desktop/dev/Milestone1 BSAI/checkpoint_deliverable/data/casia_interval_strips/S1061R03.png,/Users/hrishi/Desktop/dev/Milestone1 BSAI/checkpoint_deliverable/data/casia_interval_strips_gt/S1061R03.png,True,True,,
/Users/hrishi/Desktop/dev/Milestone1 BSAI/checkpoint_deliverable/data/CASIA-Iris-Interval/061/R/S1061R04.jpg,1061_R,1061,R,train,S1061R04,True,/Users/hrishi/Desktop/dev/Milestone1 BSAI/checkpoint_deliverable/data/casia_interval_strips/S1061R04.png,/Users/hrishi/Desktop/dev/Milestone1 BSAI/checkpoint_deliverable/data/casia_interval_strips_gt/S1061R04.png,True,True,,
/Users/hrishi/Desktop/dev/Milestone1 BSAI/checkpoint_deliverable/data/CASIA-Iris-Interval/061/R/S1061R05.jpg,1061_R,1061,R,train,S1061R05,True,/Users/hrishi/Desktop/dev/Milestone1 BSAI/checkpoint_deliverable/data/casia_interval_strips/S1061R05.png,/Users/hrishi/Desktop/dev/Milestone1 BSAI/checkpoint_deliverable/data/casia_interval_strips_gt/S1061R05.png,True,True,,
/Users/hrishi/Desktop/dev/Milestone1 BSAI/checkpoint_deliverable/data/CASIA-Iris-Interval/066/R/S1066R01.jpg,1066_R,1066,R,val,S1066R01,True,/Users/hrishi/Desktop/dev/Milestone1 BSAI/checkpoint_deliverable/data/casia_interval_strips/S1066R01.png,/Users/hrishi/Desktop/dev/Milestone1 BSAI/checkpoint_deliverable/data/casia_interval_strips_gt/S1066R01.png,True,True,,
/Users/hrishi/Desktop/dev/Milestone1 BSAI/checkpoint_deliverable/data/CASIA-Iris-Interval/066/R/S1066R02.jpg,1066_R,1066,R,val,S1066R02,True,/Users/hrishi/Desktop/dev/Milestone1 BSAI/checkpoint_deliverable/data/casia_interval_strips/S1066R02.png,/Users/hrishi/Desktop/dev/Milestone1 BSAI/checkpoint_deliverable/data/casia_interval_strips_gt/S1066R02.png,True,True,,
/Users/hrishi/Desktop/dev/Milestone1 BSAI/checkpoint_deliverable/data/CASIA-Iris-Interval/066/R/S1066R03.jpg,1066_R,1066,R,val,S1066R03,True,/Users/hrishi/Desktop/dev/Milestone1 BSAI/checkpoint_deliverable/data/casia_interval_strips/S1066R03.png,/Users/hrishi/Desktop/dev/Milestone1 BSAI/checkpoint_deliverable/data/casia_interval_strips_gt/S1066R03.png,True,True,,
/Users/hrishi/Desktop/dev/Milestone1 BSAI/checkpoint_deliverable/data/CASIA-Iris-Interval/066/R/S1066R07.jpg,1066_R,1066,R,val,S1066R07,True,/Users/hrishi/Desktop/dev/Milestone1 BSAI/checkpoint_deliverable/data/casia_interval_strips/S1066R07.png,/Users/hrishi/Desktop/dev/Milestone1 BSAI/checkpoint_deliverable/data/casia_interval_strips_gt/S1066R07.png,True,True,,
/Users/hrishi/Desktop/dev/Milestone1 BSAI/checkpoint_deliverable/data/CASIA-Iris-Interval/066/R/S1066R06.jpg,1066_R,1066,R,val,S1066R06,True,/Users/hrishi/Desktop/dev/Milestone1 BSAI/checkpoint_deliverable/data/casia_interval_strips/S1066R06.png,/Users/hrishi/Desktop/dev/Milestone1 BSAI/checkpoint_deliverable/data/casia_interval_strips_gt/S1066R06.png,True,True,,
/Users/hrishi/Desktop/dev/Milestone1 BSAI/checkpoint_deliverable/data/CASIA-Iris-Interval/066/R/S1066R04.jpg,1066_R,1066,R,val,S1066R04,True,/Users/hrishi/Desktop/dev/Milestone1 BSAI/checkpoint_deliverable/data/casia_interval_strips/S1066R04.png,/Users/hrishi/Desktop/dev/Milestone1 BSAI/checkpoint_deliverable/data/casia_interval_strips_gt/S1066R04.png,True,True,,
/Users/hrishi/Desktop/dev/Milestone1 BSAI/checkpoint_deliverable/data/CASIA-Iris-Interval/066/R/S1066R05.jpg,1066_R,1066,R,val,S1066R05,True,/Users/hrishi/Desktop/dev/Milestone1 BSAI/checkpoint_deliverable/data/casia_interval_strips/S1066R05.png,/Users/hrishi/Desktop/dev/Milestone1 BSAI/checkpoint_deliverable/data/casia_interval_strips_gt/S1066R05.png,True,True,,
/Users/hrishi/Desktop/dev/Milestone1 BSAI/checkpoint_deliverable/data/CASIA-Iris-Interval/066/L/S1066L06.jpg,1066_L,1066,L,train,S1066L06,True,/Users/hrishi/Desktop/dev/Milestone1 BSAI/checkpoint_deliverable/data/casia_interval_strips/S1066L06.png,/Users/hrishi/Desktop/dev/Milestone1 BSAI/checkpoint_deliverable/data/casia_interval_strips_gt/S1066L06.png,True,True,,
/Users/hrishi/Desktop/dev/Milestone1 BSAI/checkpoint_deliverable/data/CASIA-Iris-Interval/066/L/S1066L07.jpg,1066_L,1066,L,train,S1066L07,True,/Users/hrishi/Desktop/dev/Milestone1 BSAI/checkpoint_deliverable/data/casia_interval_strips/S1066L07.png,/Users/hrishi/Desktop/dev/Milestone1 BSAI/checkpoint_deliverable/data/casia_interval_strips_gt/S1066L07.png,True,True,,
/Users/hrishi/Desktop/dev/Milestone1 BSAI/checkpoint_deliverable/data/CASIA-Iris-Interval/066/L/S1066L05.jpg,1066_L,1066,L,train,S1066L05,True,/Users/hrishi/Desktop/dev/Milestone1 BSAI/checkpoint_deliverable/data/casia_interval_strips/S1066L05.png,/Users/hrishi/Desktop/dev/Milestone1 BSAI/checkpoint_deliverable/data/casia_interval_strips_gt/S1066L05.png,True,True,,
/Users/hrishi/Desktop/dev/Milestone1 BSAI/checkpoint_deliverable/data/CASIA-Iris-Interval/066/L/S1066L04.jpg,1066_L,1066,L,train,S1066L04,True,/Users/hrishi/Desktop/dev/Milestone1 BSAI/checkpoint_deliverable/data/casia_interval_strips/S1066L04.png,/Users/hrishi/Desktop/dev/Milestone1 BSAI/checkpoint_deliverable/data/casia_interval_strips_gt/S1066L04.png,True,True,,
/Users/hrishi/Desktop/dev/Milestone1 BSAI/checkpoint_deliverable/data/CASIA-Iris-Interval/066/L/S1066L01.jpg,1066_L,1066,L,train,S1066L01,True,/Users/hrishi/Desktop/dev/Milestone1 BSAI/checkpoint_deliverable/data/casia_interval_strips/S1066L01.png,/Users/hrishi/Desktop/dev/Milestone1 BSAI/checkpoint_deliverable/data/casia_interval_strips_gt/S1066L01.png,True,True,,
/Users/hrishi/Desktop/dev/Milestone1 BSAI/checkpoint_deliverable/data/CASIA-Iris-Interval/066/L/S1066L03.jpg,1066_L,1066,L,train,S1066L03,True,/Users/hrishi/Desktop/dev/Milestone1 BSAI/checkpoint_deliverable/data/casia_interval_strips/S1066L03.png,/Users/hrishi/Desktop/dev/Milestone1 BSAI/checkpoint_deliverable/data/casia_interval_strips_gt/S1066L03.png,True,True,,
/Users/hrishi/Desktop/dev/Milestone1 BSAI/checkpoint_deliverable/data/CASIA-Iris-Interval/066/L/S1066L02.jpg,1066_L,1066,L,train,S1066L02,True,/Users/hrishi/Desktop/dev/Milestone1 BSAI/checkpoint_deliverable/data/casia_interval_strips/S1066L02.png,/Users/hrishi/Desktop/dev/Milestone1 BSAI/checkpoint_deliverable/data/casia_interval_strips_gt/S1066L02.png,True,True,,
/Users/hrishi/Desktop/dev/Milestone1 BSAI/checkpoint_deliverable/data/CASIA-Iris-Interval/092/R/S1092R08.jpg,1092_R,1092,R,test,S1092R08,True,/Users/hrishi/Desktop/dev/Milestone1 BSAI/checkpoint_deliverable/data/casia_interval_strips/S1092R08.png,/Users/hrishi/Desktop/dev/Milestone1 BSAI/checkpoint_deliverable/data/casia_interval_strips_gt/S1092R08.png,True,True,,
/Users/hrishi/Desktop/dev/Milestone1 BSAI/checkpoint_deliverable/data/CASIA-Iris-Interval/092/R/S1092R09.jpg,1092_R,1092,R,test,S1092R09,True,/Users/hrishi/Desktop/dev/Milestone1 BSAI/checkpoint_deliverable/data/casia_interval_strips/S1092R09.png,/Users/hrishi/Desktop/dev/Milestone1 BSAI/checkpoint_deliverable/data/casia_interval_strips_gt/S1092R09.png,True,True,,
/Users/hrishi/Desktop/dev/Milestone1 BSAI/checkpoint_deliverable/data/CASIA-Iris-Interval/092/R/S1092R02.jpg,1092_R,1092,R,test,S1092R02,True,/Users/hrishi/Desktop/dev/Milestone1 BSAI/checkpoint_deliverable/data/casia_interval_strips/S1092R02.png,/Users/hrishi/Desktop/dev/Milestone1 BSAI/checkpoint_deliverable/data/casia_interval_strips_gt/S1092R02.png,True,True,,
/Users/hrishi/Desktop/dev/Milestone1 BSAI/checkpoint_deliverable/data/CASIA-Iris-Interval/092/R/S1092R03.jpg,1092_R,1092,R,test,S1092R03,True,/Users/hrishi/Desktop/dev/Milestone1 BSAI/checkpoint_deliverable/data/casia_interval_strips/S1092R03.png,/Users/hrishi/Desktop/dev/Milestone1 BSAI/checkpoint_deliverable/data/casia_interval_strips_gt/S1092R03.png,True,True,,
/Users/hrishi/Desktop/dev/Milestone1 BSAI/checkpoint_deliverable/data/CASIA-Iris-Interval/092/R/S1092R01.jpg,1092_R,1092,R,test,S1092R01,True,/Users/hrishi/Desktop/dev/Milestone1 BSAI/checkpoint_deliverable/data/casia_interval_strips/S1092R01.png,/Users/hrishi/Desktop/dev/Milestone1 BSAI/checkpoint_deliverable/data/casia_interval_strips_gt/S1092R01.png,True,True,,
/Users/hrishi/Desktop/dev/Milestone1 BSAI/checkpoint_deliverable/data/CASIA-Iris-Interval/092/R/S1092R04.jpg,1092_R,1092,R,test,S1092R04,True,/Users/hrishi/Desktop/dev/Milestone1 BSAI/checkpoint_deliverable/data/casia_interval_strips/S1092R04.png,/Users/hrishi/Desktop/dev/Milestone1 BSAI/checkpoint_deliverable/data/casia_interval_strips_gt/S1092R04.png,True,True,,
/Users/hrishi/Desktop/dev/Milestone1 BSAI/checkpoint_deliverable/data/CASIA-Iris-Interval/092/R/S1092R10.jpg,1092_R,1092,R,test,S1092R10,True,/Users/hrishi/Desktop/dev/Milestone1 BSAI/checkpoint_deliverable/data/casia_interval_strips/S1092R10.png,/Users/hrishi/Desktop/dev/Milestone1 BSAI/checkpoint_deliverable/data/casia_interval_strips_gt/S1092R10.png,True,True,,
/Users/hrishi/Desktop/dev/Milestone1 BSAI/checkpoint_deliverable/data/CASIA-Iris-Interval/092/R/S1092R05.jpg,1092_R,1092,R,test,S1092R05,True,/Users/hrishi/Desktop/dev/Milestone1 BSAI/checkpoint_deliverable/data/casia_interval_strips/S1092R05.png,/Users/hrishi/Desktop/dev/Milestone1 BSAI/checkpoint_deliverable/data/casia_interval_strips_gt/S1092R05.png,True,True,,
/Users/hrishi/Desktop/dev/Milestone1 BSAI/checkpoint_deliverable/data/CASIA-Iris-Interval/092/R/S1092R07.jpg,1092_R,1092,R,test,S1092R07,True,/Users/hrishi/Desktop/dev/Milestone1 BSAI/checkpoint_deliverable/data/casia_interval_strips/S1092R07.png,/Users/hrishi/Desktop/dev/Milestone1 BSAI/checkpoint_deliverable/data/casia_interval_strips_gt/S1092R07.png,True,True,,
/Users/hrishi/Desktop/dev/Milestone1 BSAI/checkpoint_deliverable/data/CASIA-Iris-Interval/092/R/S1092R06.jpg,1092_R,1092,R,test,S1092R06,True,/Users/hrishi/Desktop/dev/Milestone1 BSAI/checkpoint_deliverable/data/casia_interval_strips/S1092R06.png,/Users/hrishi/Desktop/dev/Milestone1 BSAI/checkpoint_deliverable/data/casia_interval_strips_gt/S1092R06.png,True,True,,
/Users/hrishi/Desktop/dev/Milestone1 BSAI/checkpoint_deliverable/data/CASIA-Iris-Interval/092/L/S1092L09.jpg,1092_L,1092,L,train,S1092L09,True,/Users/hrishi/Desktop/dev/Milestone1 BSAI/checkpoint_deliverable/data/casia_interval_strips/S1092L09.png,/Users/hrishi/Desktop/dev/Milestone1 BSAI/checkpoint_deliverable/data/casia_interval_strips_gt/S1092L09.png,True,True,,
/Users/hrishi/Desktop/dev/Milestone1 BSAI/checkpoint_deliverable/data/CASIA-Iris-Interval/092/L/S1092L08.jpg,1092_L,1092,L,train,S1092L08,True,/Users/hrishi/Desktop/dev/Milestone1 BSAI/checkpoint_deliverable/data/casia_interval_strips/S1092L08.png,/Users/hrishi/Desktop/dev/Milestone1 BSAI/checkpoint_deliverable/data/casia_interval_strips_gt/S1092L08.png,True,True,,
/Users/hrishi/Desktop/dev/Milestone1 BSAI/checkpoint_deliverable/data/CASIA-Iris-Interval/092/L/S1092L05.jpg,1092_L,1092,L,train,S1092L05,True,/Users/hrishi/Desktop/dev/Milestone1 BSAI/checkpoint_deliverable/data/casia_interval_strips/S1092L05.png,/Users/hrishi/Desktop/dev/Milestone1 BSAI/checkpoint_deliverable/data/casia_interval_strips_gt/S1092L05.png,True,True,,
/Users/hrishi/Desktop/dev/Milestone1 BSAI/checkpoint_deliverable/data/CASIA-Iris-Interval/092/L/S1092L10.jpg,1092_L,1092,L,train,S1092L10,True,/Users/hrishi/Desktop/dev/Milestone1 BSAI/checkpoint_deliverable/data/casia_interval_strips/S1092L10.png,/Users/hrishi/Desktop/dev/Milestone1 BSAI/checkpoint_deliverable/data/casia_interval_strips_gt/S1092L10.png,True,True,,
/Users/hrishi/Desktop/dev/Milestone1 BSAI/checkpoint_deliverable/data/CASIA-Iris-Interval/092/L/S1092L04.jpg,1092_L,1092,L,train,S1092L04,True,/Users/hrishi/Desktop/dev/Milestone1 BSAI/checkpoint_deliverable/data/casia_interval_strips/S1092L04.png,/Users/hrishi/Desktop/dev/Milestone1 BSAI/checkpoint_deliverable/data/casia_interval_strips_gt/S1092L04.png,True,True,,
/Users/hrishi/Desktop/dev/Milestone1 BSAI/checkpoint_deliverable/data/CASIA-Iris-Interval/092/L/S1092L06.jpg,1092_L,1092,L,train,S1092L06,True,/Users/hrishi/Desktop/dev/Milestone1 BSAI/checkpoint_deliverable/data/casia_interval_strips/S1092L06.png,/Users/hrishi/Desktop/dev/Milestone1 BSAI/checkpoint_deliverable/data/casia_interval_strips_gt/S1092L06.png,True,True,,
/Users/hrishi/Desktop/dev/Milestone1 BSAI/checkpoint_deliverable/data/CASIA-Iris-Interval/092/L/S1092L07.jpg,1092_L,1092,L,train,S1092L07,True,/Users/hrishi/Desktop/dev/Milestone1 BSAI/checkpoint_deliverable/data/casia_interval_strips/S1092L07.png,/Users/hrishi/Desktop/dev/Milestone1 BSAI/checkpoint_deliverable/data/casia_interval_strips_gt/S1092L07.png,True,True,,
/Users/hrishi/Desktop/dev/Milestone1 BSAI/checkpoint_deliverable/data/CASIA-Iris-Interval/092/L/S1092L03.jpg,1092_L,1092,L,train,S1092L03,True,/Users/hrishi/Desktop/dev/Milestone1 BSAI/checkpoint_deliverable/data/casia_interval_strips/S1092L03.png,/Users/hrishi/Desktop/dev/Milestone1 BSAI/checkpoint_deliverable/data/casia_interval_strips_gt/S1092L03.png,True,True,,
/Users/hrishi/Desktop/dev/Milestone1 BSAI/checkpoint_deliverable/data/CASIA-Iris-Interval/092/L/S1092L02.jpg,1092_L,1092,L,train,S1092L02,True,/Users/hrishi/Desktop/dev/Milestone1 BSAI/checkpoint_deliverable/data/casia_interval_strips/S1092L02.png,/Users/hrishi/Desktop/dev/Milestone1 BSAI/checkpoint_deliverable/data/casia_interval_strips_gt/S1092L02.png,True,True,,
/Users/hrishi/Desktop/dev/Milestone1 BSAI/checkpoint_deliverable/data/CASIA-Iris-Interval/092/L/S1092L01.jpg,1092_L,1092,L,train,S1092L01,True,/Users/hrishi/Desktop/dev/Milestone1 BSAI/checkpoint_deliverable/data/casia_interval_strips/S1092L01.png,/Users/hrishi/Desktop/dev/Milestone1 BSAI/checkpoint_deliverable/data/casia_interval_strips_gt/S1092L01.png,True,True,,
/Users/hrishi/Desktop/dev/Milestone1 BSAI/checkpoint_deliverable/data/CASIA-Iris-Interval/059/L/S1059L02.jpg,1059_L,1059,L,val,S1059L02,True,/Users/hrishi/Desktop/dev/Milestone1 BSAI/checkpoint_deliverable/data/casia_interval_strips/S1059L02.png,/Users/hrishi/Desktop/dev/Milestone1 BSAI/checkpoint_deliverable/data/casia_interval_strips_gt/S1059L02.png,True,True,,
/Users/hrishi/Desktop/dev/Milestone1 BSAI/checkpoint_deliverable/data/CASIA-Iris-Interval/059/L/S1059L03.jpg,1059_L,1059,L,val,S1059L03,True,/Users/hrishi/Desktop/dev/Milestone1 BSAI/checkpoint_deliverable/data/casia_interval_strips/S1059L03.png,/Users/hrishi/Desktop/dev/Milestone1 BSAI/checkpoint_deliverable/data/casia_interval_strips_gt/S1059L03.png,True,True,,
/Users/hrishi/Desktop/dev/Milestone1 BSAI/checkpoint_deliverable/data/CASIA-Iris-Interval/059/L/S1059L01.jpg,1059_L,1059,L,val,S1059L01,True,/Users/hrishi/Desktop/dev/Milestone1 BSAI/checkpoint_deliverable/data/casia_interval_strips/S1059L01.png,/Users/hrishi/Desktop/dev/Milestone1 BSAI/checkpoint_deliverable/data/casia_interval_strips_gt/S1059L01.png,True,True,,
/Users/hrishi/Desktop/dev/Milestone1 BSAI/checkpoint_deliverable/data/CASIA-Iris-Interval/059/L/S1059L04.jpg,1059_L,1059,L,val,S1059L04,True,/Users/hrishi/Desktop/dev/Milestone1 BSAI/checkpoint_deliverable/data/casia_interval_strips/S1059L04.png,/Users/hrishi/Desktop/dev/Milestone1 BSAI/checkpoint_deliverable/data/casia_interval_strips_gt/S1059L04.png,True,True,,
/Users/hrishi/Desktop/dev/Milestone1 BSAI/checkpoint_deliverable/data/CASIA-Iris-Interval/059/L/S1059L05.jpg,1059_L,1059,L,val,S1059L05,True,/Users/hrishi/Desktop/dev/Milestone1 BSAI/checkpoint_deliverable/data/casia_interval_strips/S1059L05.png,/Users/hrishi/Desktop/dev/Milestone1 BSAI/checkpoint_deliverable/data/casia_interval_strips_gt/S1059L05.png,True,True,,
/Users/hrishi/Desktop/dev/Milestone1 BSAI/checkpoint_deliverable/data/CASIA-Iris-Interval/050/L/S1050L04.jpg,1050_L,1050,L,train,S1050L04,True,/Users/hrishi/Desktop/dev/Milestone1 BSAI/checkpoint_deliverable/data/casia_interval_strips/S1050L04.png,/Users/hrishi/Desktop/dev/Milestone1 BSAI/checkpoint_deliverable/data/casia_interval_strips_gt/S1050L04.png,True,True,,
/Users/hrishi/Desktop/dev/Milestone1 BSAI/checkpoint_deliverable/data/CASIA-Iris-Interval/050/L/S1050L05.jpg,1050_L,1050,L,train,S1050L05,True,/Users/hrishi/Desktop/dev/Milestone1 BSAI/checkpoint_deliverable/data/casia_interval_strips/S1050L05.png,/Users/hrishi/Desktop/dev/Milestone1 BSAI/checkpoint_deliverable/data/casia_interval_strips_gt/S1050L05.png,True,True,,
/Users/hrishi/Desktop/dev/Milestone1 BSAI/checkpoint_deliverable/data/CASIA-Iris-Interval/050/L/S1050L01.jpg,1050_L,1050,L,train,S1050L01,True,/Users/hrishi/Desktop/dev/Milestone1 BSAI/checkpoint_deliverable/data/casia_interval_strips/S1050L01.png,/Users/hrishi/Desktop/dev/Milestone1 BSAI/checkpoint_deliverable/data/casia_interval_strips_gt/S1050L01.png,True,True,,
/Users/hrishi/Desktop/dev/Milestone1 BSAI/checkpoint_deliverable/data/CASIA-Iris-Interval/050/L/S1050L02.jpg,1050_L,1050,L,train,S1050L02,True,/Users/hrishi/Desktop/dev/Milestone1 BSAI/checkpoint_deliverable/data/casia_interval_strips/S1050L02.png,/Users/hrishi/Desktop/dev/Milestone1 BSAI/checkpoint_deliverable/data/casia_interval_strips_gt/S1050L02.png,True,True,,
/Users/hrishi/Desktop/dev/Milestone1 BSAI/checkpoint_deliverable/data/CASIA-Iris-Interval/050/L/S1050L03.jpg,1050_L,1050,L,train,S1050L03,True,/Users/hrishi/Desktop/dev/Milestone1 BSAI/checkpoint_deliverable/data/casia_interval_strips/S1050L03.png,/Users/hrishi/Desktop/dev/Milestone1 BSAI/checkpoint_deliverable/data/casia_interval_strips_gt/S1050L03.png,True,True,,
/Users/hrishi/Desktop/dev/Milestone1 BSAI/checkpoint_deliverable/data/CASIA-Iris-Interval/057/R/S1057R01.jpg,1057_R,1057,R,test,S1057R01,True,/Users/hrishi/Desktop/dev/Milestone1 BSAI/checkpoint_deliverable/data/casia_interval_strips/S1057R01.png,/Users/hrishi/Desktop/dev/Milestone1 BSAI/checkpoint_deliverable/data/casia_interval_strips_gt/S1057R01.png,True,True,,
/Users/hrishi/Desktop/dev/Milestone1 BSAI/checkpoint_deliverable/data/CASIA-Iris-Interval/057/R/S1057R03.jpg,1057_R,1057,R,test,S1057R03,True,/Users/hrishi/Desktop/dev/Milestone1 BSAI/checkpoint_deliverable/data/casia_interval_strips/S1057R03.png,/Users/hrishi/Desktop/dev/Milestone1 BSAI/checkpoint_deliverable/data/casia_interval_strips_gt/S1057R03.png,True,True,,
/Users/hrishi/Desktop/dev/Milestone1 BSAI/checkpoint_deliverable/data/CASIA-Iris-Interval/057/R/S1057R02.jpg,1057_R,1057,R,test,S1057R02,True,/Users/hrishi/Desktop/dev/Milestone1 BSAI/checkpoint_deliverable/data/casia_interval_strips/S1057R02.png,/Users/hrishi/Desktop/dev/Milestone1 BSAI/checkpoint_deliverable/data/casia_interval_strips_gt/S1057R02.png,True,True,,
/Users/hrishi/Desktop/dev/Milestone1 BSAI/checkpoint_deliverable/data/CASIA-Iris-Interval/057/R/S1057R05.jpg,1057_R,1057,R,test,S1057R05,True,/Users/hrishi/Desktop/dev/Milestone1 BSAI/checkpoint_deliverable/data/casia_interval_strips/S1057R05.png,/Users/hrishi/Desktop/dev/Milestone1 BSAI/checkpoint_deliverable/data/casia_interval_strips_gt/S1057R05.png,True,True,,
/Users/hrishi/Desktop/dev/Milestone1 BSAI/checkpoint_deliverable/data/CASIA-Iris-Interval/057/R/S1057R04.jpg,1057_R,1057,R,test,S1057R04,True,/Users/hrishi/Desktop/dev/Milestone1 BSAI/checkpoint_deliverable/data/casia_interval_strips/S1057R04.png,/Users/hrishi/Desktop/dev/Milestone1 BSAI/checkpoint_deliverable/data/casia_interval_strips_gt/S1057R04.png,True,True,,
/Users/hrishi/Desktop/dev/Milestone1 BSAI/checkpoint_deliverable/data/CASIA-Iris-Interval/068/R/S1068R04.jpg,1068_R,1068,R,train,S1068R04,True,/Users/hrishi/Desktop/dev/Milestone1 BSAI/checkpoint_deliverable/data/casia_interval_strips/S1068R04.png,/Users/hrishi/Desktop/dev/Milestone1 BSAI/checkpoint_deliverable/data/casia_interval_strips_gt/S1068R04.png,True,True,,
/Users/hrishi/Desktop/dev/Milestone1 BSAI/checkpoint_deliverable/data/CASIA-Iris-Interval/068/R/S1068R05.jpg,1068_R,1068,R,train,S1068R05,True,/Users/hrishi/Desktop/dev/Milestone1 BSAI/checkpoint_deliverable/data/casia_interval_strips/S1068R05.png,/Users/hrishi/Desktop/dev/Milestone1 BSAI/checkpoint_deliverable/data/casia_interval_strips_gt/S1068R05.png,True,True,,
/Users/hrishi/Desktop/dev/Milestone1 BSAI/checkpoint_deliverable/data/CASIA-Iris-Interval/068/R/S1068R06.jpg,1068_R,1068,R,train,S1068R06,True,/Users/hrishi/Desktop/dev/Milestone1 BSAI/checkpoint_deliverable/data/casia_interval_strips/S1068R06.png,/Users/hrishi/Desktop/dev/Milestone1 BSAI/checkpoint_deliverable/data/casia_interval_strips_gt/S1068R06.png,True,True,,
/Users/hrishi/Desktop/dev/Milestone1 BSAI/checkpoint_deliverable/data/CASIA-Iris-Interval/068/R/S1068R02.jpg,1068_R,1068,R,train,S1068R02,True,/Users/hrishi/Desktop/dev/Milestone1 BSAI/checkpoint_deliverable/data/casia_interval_strips/S1068R02.png,/Users/hrishi/Desktop/dev/Milestone1 BSAI/checkpoint_deliverable/data/casia_interval_strips_gt/S1068R02.png,True,True,,
/Users/hrishi/Desktop/dev/Milestone1 BSAI/checkpoint_deliverable/data/CASIA-Iris-Interval/068/R/S1068R03.jpg,1068_R,1068,R,train,S1068R03,True,/Users/hrishi/Desktop/dev/Milestone1 BSAI/checkpoint_deliverable/data/casia_interval_strips/S1068R03.png,/Users/hrishi/Desktop/dev/Milestone1 BSAI/checkpoint_deliverable/data/casia_interval_strips_gt/S1068R03.png,True,True,,
/Users/hrishi/Desktop/dev/Milestone1 BSAI/checkpoint_deliverable/data/CASIA-Iris-Interval/068/R/S1068R01.jpg,1068_R,1068,R,train,S1068R01,True,/Users/hrishi/Desktop/dev/Milestone1 BSAI/checkpoint_deliverable/data/casia_interval_strips/S1068R01.png,/Users/hrishi/Desktop/dev/Milestone1 BSAI/checkpoint_deliverable/data/casia_interval_strips_gt/S1068R01.png,True,True,,
/Users/hrishi/Desktop/dev/Milestone1 BSAI/checkpoint_deliverable/data/CASIA-Iris-Interval/068/L/S1068L03.jpg,1068_L,1068,L,train,S1068L03,True,/Users/hrishi/Desktop/dev/Milestone1 BSAI/checkpoint_deliverable/data/casia_interval_strips/S1068L03.png,/Users/hrishi/Desktop/dev/Milestone1 BSAI/checkpoint_deliverable/data/casia_interval_strips_gt/S1068L03.png,True,True,,
/Users/hrishi/Desktop/dev/Milestone1 BSAI/checkpoint_deliverable/data/CASIA-Iris-Interval/068/L/S1068L02.jpg,1068_L,1068,L,train,S1068L02,True,/Users/hrishi/Desktop/dev/Milestone1 BSAI/checkpoint_deliverable/data/casia_interval_strips/S1068L02.png,/Users/hrishi/Desktop/dev/Milestone1 BSAI/checkpoint_deliverable/data/casia_interval_strips_gt/S1068L02.png,True,True,,
/Users/hrishi/Desktop/dev/Milestone1 BSAI/checkpoint_deliverable/data/CASIA-Iris-Interval/068/L/S1068L01.jpg,1068_L,1068,L,train,S1068L01,True,/Users/hrishi/Desktop/dev/Milestone1 BSAI/checkpoint_deliverable/data/casia_interval_strips/S1068L01.png,/Users/hrishi/Desktop/dev/Milestone1 BSAI/checkpoint_deliverable/data/casia_interval_strips_gt/S1068L01.png,True,True,,
/Users/hrishi/Desktop/dev/Milestone1 BSAI/checkpoint_deliverable/data/CASIA-Iris-Interval/068/L/S1068L05.jpg,1068_L,1068,L,train,S1068L05,True,/Users/hrishi/Desktop/dev/Milestone1 BSAI/checkpoint_deliverable/data/casia_interval_strips/S1068L05.png,/Users/hrishi/Desktop/dev/Milestone1 BSAI/checkpoint_deliverable/data/casia_interval_strips_gt/S1068L05.png,True,True,,
/Users/hrishi/Desktop/dev/Milestone1 BSAI/checkpoint_deliverable/data/CASIA-Iris-Interval/068/L/S1068L04.jpg,1068_L,1068,L,train,S1068L04,True,/Users/hrishi/Desktop/dev/Milestone1 BSAI/checkpoint_deliverable/data/casia_interval_strips/S1068L04.png,/Users/hrishi/Desktop/dev/Milestone1 BSAI/checkpoint_deliverable/data/casia_interval_strips_gt/S1068L04.png,True,True,,
/Users/hrishi/Desktop/dev/Milestone1 BSAI/checkpoint_deliverable/data/CASIA-Iris-Interval/068/L/S1068L06.jpg,1068_L,1068,L,train,S1068L06,True,/Users/hrishi/Desktop/dev/Milestone1 BSAI/checkpoint_deliverable/data/casia_interval_strips/S1068L06.png,/Users/hrishi/Desktop/dev/Milestone1 BSAI/checkpoint_deliverable/data/casia_interval_strips_gt/S1068L06.png,True,True,,
/Users/hrishi/Desktop/dev/Milestone1 BSAI/checkpoint_deliverable/data/CASIA-Iris-Interval/068/L/S1068L07.jpg,1068_L,1068,L,train,S1068L07,True,/Users/hrishi/Desktop/dev/Milestone1 BSAI/checkpoint_deliverable/data/casia_interval_strips/S1068L07.png,/Users/hrishi/Desktop/dev/Milestone1 BSAI/checkpoint_deliverable/data/casia_interval_strips_gt/S1068L07.png,True,True,,
/Users/hrishi/Desktop/dev/Milestone1 BSAI/checkpoint_deliverable/data/CASIA-Iris-Interval/239/R/S1239R08.jpg,1239_R,1239,R,train,S1239R08,True,/Users/hrishi/Desktop/dev/Milestone1 BSAI/checkpoint_deliverable/data/casia_interval_strips/S1239R08.png,/Users/hrishi/Desktop/dev/Milestone1 BSAI/checkpoint_deliverable/data/casia_interval_strips_gt/S1239R08.png,True,True,,
/Users/hrishi/Desktop/dev/Milestone1 BSAI/checkpoint_deliverable/data/CASIA-Iris-Interval/239/R/S1239R09.jpg,1239_R,1239,R,train,S1239R09,True,/Users/hrishi/Desktop/dev/Milestone1 BSAI/checkpoint_deliverable/data/casia_interval_strips/S1239R09.png,/Users/hrishi/Desktop/dev/Milestone1 BSAI/checkpoint_deliverable/data/casia_interval_strips_gt/S1239R09.png,True,True,,
/Users/hrishi/Desktop/dev/Milestone1 BSAI/checkpoint_deliverable/data/CASIA-Iris-Interval/239/R/S1239R07.jpg,1239_R,1239,R,train,S1239R07,True,/Users/hrishi/Desktop/dev/Milestone1 BSAI/checkpoint_deliverable/data/casia_interval_strips/S1239R07.png,/Users/hrishi/Desktop/dev/Milestone1 BSAI/checkpoint_deliverable/data/casia_interval_strips_gt/S1239R07.png,True,True,,
/Users/hrishi/Desktop/dev/Milestone1 BSAI/checkpoint_deliverable/data/CASIA-Iris-Interval/239/R/S1239R06.jpg,1239_R,1239,R,train,S1239R06,True,/Users/hrishi/Desktop/dev/Milestone1 BSAI/checkpoint_deliverable/data/casia_interval_strips/S1239R06.png,/Users/hrishi/Desktop/dev/Milestone1 BSAI/checkpoint_deliverable/data/casia_interval_strips_gt/S1239R06.png,True,True,,
/Users/hrishi/Desktop/dev/Milestone1 BSAI/checkpoint_deliverable/data/CASIA-Iris-Interval/239/R/S1239R04.jpg,1239_R,1239,R,train,S1239R04,True,/Users/hrishi/Desktop/dev/Milestone1 BSAI/checkpoint_deliverable/data/casia_interval_strips/S1239R04.png,/Users/hrishi/Desktop/dev/Milestone1 BSAI/checkpoint_deliverable/data/casia_interval_strips_gt/S1239R04.png,True,True,,
/Users/hrishi/Desktop/dev/Milestone1 BSAI/checkpoint_deliverable/data/CASIA-Iris-Interval/239/R/S1239R10.jpg,1239_R,1239,R,train,S1239R10,True,/Users/hrishi/Desktop/dev/Milestone1 BSAI/checkpoint_deliverable/data/casia_interval_strips/S1239R10.png,/Users/hrishi/Desktop/dev/Milestone1 BSAI/checkpoint_deliverable/data/casia_interval_strips_gt/S1239R10.png,True,True,,
/Users/hrishi/Desktop/dev/Milestone1 BSAI/checkpoint_deliverable/data/CASIA-Iris-Interval/239/R/S1239R05.jpg,1239_R,1239,R,train,S1239R05,True,/Users/hrishi/Desktop/dev/Milestone1 BSAI/checkpoint_deliverable/data/casia_interval_strips/S1239R05.png,/Users/hrishi/Desktop/dev/Milestone1 BSAI/checkpoint_deliverable/data/casia_interval_strips_gt/S1239R05.png,True,True,,
/Users/hrishi/Desktop/dev/Milestone1 BSAI/checkpoint_deliverable/data/CASIA-Iris-Interval/239/R/S1239R01.jpg,1239_R,1239,R,train,S1239R01,True,/Users/hrishi/Desktop/dev/Milestone1 BSAI/checkpoint_deliverable/data/casia_interval_strips/S1239R01.png,/Users/hrishi/Desktop/dev/Milestone1 BSAI/checkpoint_deliverable/data/casia_interval_strips_gt/S1239R01.png,True,True,,
/Users/hrishi/Desktop/dev/Milestone1 BSAI/checkpoint_deliverable/data/CASIA-Iris-Interval/239/R/S1239R02.jpg,1239_R,1239,R,train,S1239R02,True,/Users/hrishi/Desktop/dev/Milestone1 BSAI/checkpoint_deliverable/data/casia_interval_strips/S1239R02.png,/Users/hrishi/Desktop/dev/Milestone1 BSAI/checkpoint_deliverable/data/casia_interval_strips_gt/S1239R02.png,True,True,,
/Users/hrishi/Desktop/dev/Milestone1 BSAI/checkpoint_deliverable/data/CASIA-Iris-Interval/239/R/S1239R03.jpg,1239_R,1239,R,train,S1239R03,True,/Users/hrishi/Desktop/dev/Milestone1 BSAI/checkpoint_deliverable/data/casia_interval_strips/S1239R03.png,/Users/hrishi/Desktop/dev/Milestone1 BSAI/checkpoint_deliverable/data/casia_interval_strips_gt/S1239R03.png,True,True,,
/Users/hrishi/Desktop/dev/Milestone1 BSAI/checkpoint_deliverable/data/CASIA-Iris-Interval/239/L/S1239L09.jpg,1239_L,1239,L,val,S1239L09,True,/Users/hrishi/Desktop/dev/Milestone1 BSAI/checkpoint_deliverable/data/casia_interval_strips/S1239L09.png,/Users/hrishi/Desktop/dev/Milestone1 BSAI/checkpoint_deliverable/data/casia_interval_strips_gt/S1239L09.png,True,True,,
/Users/hrishi/Desktop/dev/Milestone1 BSAI/checkpoint_deliverable/data/CASIA-Iris-Interval/239/L/S1239L08.jpg,1239_L,1239,L,val,S1239L08,True,/Users/hrishi/Desktop/dev/Milestone1 BSAI/checkpoint_deliverable/data/casia_interval_strips/S1239L08.png,/Users/hrishi/Desktop/dev/Milestone1 BSAI/checkpoint_deliverable/data/casia_interval_strips_gt/S1239L08.png,True,True,,
/Users/hrishi/Desktop/dev/Milestone1 BSAI/checkpoint_deliverable/data/CASIA-Iris-Interval/239/L/S1239L01.jpg,1239_L,1239,L,val,S1239L01,True,/Users/hrishi/Desktop/dev/Milestone1 BSAI/checkpoint_deliverable/data/casia_interval_strips/S1239L01.png,/Users/hrishi/Desktop/dev/Milestone1 BSAI/checkpoint_deliverable/data/casia_interval_strips_gt/S1239L01.png,True,True,,
/Users/hrishi/Desktop/dev/Milestone1 BSAI/checkpoint_deliverable/data/CASIA-Iris-Interval/239/L/S1239L03.jpg,1239_L,1239,L,val,S1239L03,True,/Users/hrishi/Desktop/dev/Milestone1 BSAI/checkpoint_deliverable/data/casia_interval_strips/S1239L03.png,/Users/hrishi/Desktop/dev/Milestone1 BSAI/checkpoint_deliverable/data/casia_interval_strips_gt/S1239L03.png,True,True,,
/Users/hrishi/Desktop/dev/Milestone1 BSAI/checkpoint_deliverable/data/CASIA-Iris-Interval/239/L/S1239L02.jpg,1239_L,1239,L,val,S1239L02,True,/Users/hrishi/Desktop/dev/Milestone1 BSAI/checkpoint_deliverable/data/casia_interval_strips/S1239L02.png,/Users/hrishi/Desktop/dev/Milestone1 BSAI/checkpoint_deliverable/data/casia_interval_strips_gt/S1239L02.png,True,True,,
/Users/hrishi/Desktop/dev/Milestone1 BSAI/checkpoint_deliverable/data/CASIA-Iris-Interval/239/L/S1239L06.jpg,1239_L,1239,L,val,S1239L06,True,/Users/hrishi/Desktop/dev/Milestone1 BSAI/checkpoint_deliverable/data/casia_interval_strips/S1239L06.png,/Users/hrishi/Desktop/dev/Milestone1 BSAI/checkpoint_deliverable/data/casia_interval_strips_gt/S1239L06.png,True,True,,
/Users/hrishi/Desktop/dev/Milestone1 BSAI/checkpoint_deliverable/data/CASIA-Iris-Interval/239/L/S1239L07.jpg,1239_L,1239,L,val,S1239L07,True,/Users/hrishi/Desktop/dev/Milestone1 BSAI/checkpoint_deliverable/data/casia_interval_strips/S1239L07.png,/Users/hrishi/Desktop/dev/Milestone1 BSAI/checkpoint_deliverable/data/casia_interval_strips_gt/S1239L07.png,True,True,,
/Users/hrishi/Desktop/dev/Milestone1 BSAI/checkpoint_deliverable/data/CASIA-Iris-Interval/239/L/S1239L05.jpg,1239_L,1239,L,val,S1239L05,True,/Users/hrishi/Desktop/dev/Milestone1 BSAI/checkpoint_deliverable/data/casia_interval_strips/S1239L05.png,/Users/hrishi/Desktop/dev/Milestone1 BSAI/checkpoint_deliverable/data/casia_interval_strips_gt/S1239L05.png,True,True,,
/Users/hrishi/Desktop/dev/Milestone1 BSAI/checkpoint_deliverable/data/CASIA-Iris-Interval/239/L/S1239L10.jpg,1239_L,1239,L,val,S1239L10,True,/Users/hrishi/Desktop/dev/Milestone1 BSAI/checkpoint_deliverable/data/casia_interval_strips/S1239L10.png,/Users/hrishi/Desktop/dev/Milestone1 BSAI/checkpoint_deliverable/data/casia_interval_strips_gt/S1239L10.png,True,True,,
/Users/hrishi/Desktop/dev/Milestone1 BSAI/checkpoint_deliverable/data/CASIA-Iris-Interval/239/L/S1239L04.jpg,1239_L,1239,L,val,S1239L04,True,/Users/hrishi/Desktop/dev/Milestone1 BSAI/checkpoint_deliverable/data/casia_interval_strips/S1239L04.png,/Users/hrishi/Desktop/dev/Milestone1 BSAI/checkpoint_deliverable/data/casia_interval_strips_gt/S1239L04.png,True,True,,
/Users/hrishi/Desktop/dev/Milestone1 BSAI/checkpoint_deliverable/data/CASIA-Iris-Interval/206/R/S1206R03.jpg,1206_R,1206,R,val,S1206R03,True,/Users/hrishi/Desktop/dev/Milestone1 BSAI/checkpoint_deliverable/data/casia_interval_strips/S1206R03.png,/Users/hrishi/Desktop/dev/Milestone1 BSAI/checkpoint_deliverable/data/casia_interval_strips_gt/S1206R03.png,True,True,,
/Users/hrishi/Desktop/dev/Milestone1 BSAI/checkpoint_deliverable/data/CASIA-Iris-Interval/206/R/S1206R02.jpg,1206_R,1206,R,val,S1206R02,True,/Users/hrishi/Desktop/dev/Milestone1 BSAI/checkpoint_deliverable/data/casia_interval_strips/S1206R02.png,/Users/hrishi/Desktop/dev/Milestone1 BSAI/checkpoint_deliverable/data/casia_interval_strips_gt/S1206R02.png,True,True,,
/Users/hrishi/Desktop/dev/Milestone1 BSAI/checkpoint_deliverable/data/CASIA-Iris-Interval/206/R/S1206R01.jpg,1206_R,1206,R,val,S1206R01,True,/Users/hrishi/Desktop/dev/Milestone1 BSAI/checkpoint_deliverable/data/casia_interval_strips/S1206R01.png,/Users/hrishi/Desktop/dev/Milestone1 BSAI/checkpoint_deliverable/data/casia_interval_strips_gt/S1206R01.png,True,True,,
/Users/hrishi/Desktop/dev/Milestone1 BSAI/checkpoint_deliverable/data/CASIA-Iris-Interval/206/R/S1206R05.jpg,1206_R,1206,R,val,S1206R05,True,/Users/hrishi/Desktop/dev/Milestone1 BSAI/checkpoint_deliverable/data/casia_interval_strips/S1206R05.png,/Users/hrishi/Desktop/dev/Milestone1 BSAI/checkpoint_deliverable/data/casia_interval_strips_gt/S1206R05.png,True,True,,
/Users/hrishi/Desktop/dev/Milestone1 BSAI/checkpoint_deliverable/data/CASIA-Iris-Interval/206/R/S1206R04.jpg,1206_R,1206,R,val,S1206R04,True,/Users/hrishi/Desktop/dev/Milestone1 BSAI/checkpoint_deliverable/data/casia_interval_strips/S1206R04.png,/Users/hrishi/Desktop/dev/Milestone1 BSAI/checkpoint_deliverable/data/casia_interval_strips_gt/S1206R04.png,True,True,,
/Users/hrishi/Desktop/dev/Milestone1 BSAI/checkpoint_deliverable/data/CASIA-Iris-Interval/034/R/S1034R01.jpg,1034_R,1034,R,train,S1034R01,True,/Users/hrishi/Desktop/dev/Milestone1 BSAI/checkpoint_deliverable/data/casia_interval_strips/S1034R01.png,/Users/hrishi/Desktop/dev/Milestone1 BSAI/checkpoint_deliverable/data/casia_interval_strips_gt/S1034R01.png,True,True,,
/Users/hrishi/Desktop/dev/Milestone1 BSAI/checkpoint_deliverable/data/CASIA-Iris-Interval/034/R/S1034R03.jpg,1034_R,1034,R,train,S1034R03,True,/Users/hrishi/Desktop/dev/Milestone1 BSAI/checkpoint_deliverable/data/casia_interval_strips/S1034R03.png,/Users/hrishi/Desktop/dev/Milestone1 BSAI/checkpoint_deliverable/data/casia_interval_strips_gt/S1034R03.png,True,True,,
/Users/hrishi/Desktop/dev/Milestone1 BSAI/checkpoint_deliverable/data/CASIA-Iris-Interval/034/R/S1034R02.jpg,1034_R,1034,R,train,S1034R02,True,/Users/hrishi/Desktop/dev/Milestone1 BSAI/checkpoint_deliverable/data/casia_interval_strips/S1034R02.png,/Users/hrishi/Desktop/dev/Milestone1 BSAI/checkpoint_deliverable/data/casia_interval_strips_gt/S1034R02.png,True,True,,
/Users/hrishi/Desktop/dev/Milestone1 BSAI/checkpoint_deliverable/data/CASIA-Iris-Interval/034/R/S1034R05.jpg,1034_R,1034,R,train,S1034R05,True,/Users/hrishi/Desktop/dev/Milestone1 BSAI/checkpoint_deliverable/data/casia_interval_strips/S1034R05.png,/Users/hrishi/Desktop/dev/Milestone1 BSAI/checkpoint_deliverable/data/casia_interval_strips_gt/S1034R05.png,True,True,,
/Users/hrishi/Desktop/dev/Milestone1 BSAI/checkpoint_deliverable/data/CASIA-Iris-Interval/034/R/S1034R04.jpg,1034_R,1034,R,train,S1034R04,True,/Users/hrishi/Desktop/dev/Milestone1 BSAI/checkpoint_deliverable/data/casia_interval_strips/S1034R04.png,/Users/hrishi/Desktop/dev/Milestone1 BSAI/checkpoint_deliverable/data/casia_interval_strips_gt/S1034R04.png,True,True,,
/Users/hrishi/Desktop/dev/Milestone1 BSAI/checkpoint_deliverable/data/CASIA-Iris-Interval/033/L/S1033L04.jpg,1033_L,1033,L,train,S1033L04,True,/Users/hrishi/Desktop/dev/Milestone1 BSAI/checkpoint_deliverable/data/casia_interval_strips/S1033L04.png,/Users/hrishi/Desktop/dev/Milestone1 BSAI/checkpoint_deliverable/data/casia_interval_strips_gt/S1033L04.png,True,True,,
/Users/hrishi/Desktop/dev/Milestone1 BSAI/checkpoint_deliverable/data/CASIA-Iris-Interval/033/L/S1033L05.jpg,1033_L,1033,L,train,S1033L05,True,/Users/hrishi/Desktop/dev/Milestone1 BSAI/checkpoint_deliverable/data/casia_interval_strips/S1033L05.png,/Users/hrishi/Desktop/dev/Milestone1 BSAI/checkpoint_deliverable/data/casia_interval_strips_gt/S1033L05.png,True,True,,
/Users/hrishi/Desktop/dev/Milestone1 BSAI/checkpoint_deliverable/data/CASIA-Iris-Interval/033/L/S1033L01.jpg,1033_L,1033,L,train,S1033L01,True,/Users/hrishi/Desktop/dev/Milestone1 BSAI/checkpoint_deliverable/data/casia_interval_strips/S1033L01.png,/Users/hrishi/Desktop/dev/Milestone1 BSAI/checkpoint_deliverable/data/casia_interval_strips_gt/S1033L01.png,True,True,,
/Users/hrishi/Desktop/dev/Milestone1 BSAI/checkpoint_deliverable/data/CASIA-Iris-Interval/033/L/S1033L02.jpg,1033_L,1033,L,train,S1033L02,True,/Users/hrishi/Desktop/dev/Milestone1 BSAI/checkpoint_deliverable/data/casia_interval_strips/S1033L02.png,/Users/hrishi/Desktop/dev/Milestone1 BSAI/checkpoint_deliverable/data/casia_interval_strips_gt/S1033L02.png,True,True,,
/Users/hrishi/Desktop/dev/Milestone1 BSAI/checkpoint_deliverable/data/CASIA-Iris-Interval/033/L/S1033L03.jpg,1033_L,1033,L,train,S1033L03,True,/Users/hrishi/Desktop/dev/Milestone1 BSAI/checkpoint_deliverable/data/casia_interval_strips/S1033L03.png,/Users/hrishi/Desktop/dev/Milestone1 BSAI/checkpoint_deliverable/data/casia_interval_strips_gt/S1033L03.png,True,True,,
/Users/hrishi/Desktop/dev/Milestone1 BSAI/checkpoint_deliverable/data/CASIA-Iris-Interval/201/L/S1201L04.jpg,1201_L,1201,L,val,S1201L04,True,/Users/hrishi/Desktop/dev/Milestone1 BSAI/checkpoint_deliverable/data/casia_interval_strips/S1201L04.png,/Users/hrishi/Desktop/dev/Milestone1 BSAI/checkpoint_deliverable/data/casia_interval_strips_gt/S1201L04.png,True,True,,
/Users/hrishi/Desktop/dev/Milestone1 BSAI/checkpoint_deliverable/data/CASIA-Iris-Interval/201/L/S1201L05.jpg,1201_L,1201,L,val,S1201L05,True,/Users/hrishi/Desktop/dev/Milestone1 BSAI/checkpoint_deliverable/data/casia_interval_strips/S1201L05.png,/Users/hrishi/Desktop/dev/Milestone1 BSAI/checkpoint_deliverable/data/casia_interval_strips_gt/S1201L05.png,True,True,,
/Users/hrishi/Desktop/dev/Milestone1 BSAI/checkpoint_deliverable/data/CASIA-Iris-Interval/201/L/S1201L02.jpg,1201_L,1201,L,val,S1201L02,True,/Users/hrishi/Desktop/dev/Milestone1 BSAI/checkpoint_deliverable/data/casia_interval_strips/S1201L02.png,/Users/hrishi/Desktop/dev/Milestone1 BSAI/checkpoint_deliverable/data/casia_interval_strips_gt/S1201L02.png,True,True,,
/Users/hrishi/Desktop/dev/Milestone1 BSAI/checkpoint_deliverable/data/CASIA-Iris-Interval/201/L/S1201L03.jpg,1201_L,1201,L,val,S1201L03,True,/Users/hrishi/Desktop/dev/Milestone1 BSAI/checkpoint_deliverable/data/casia_interval_strips/S1201L03.png,/Users/hrishi/Desktop/dev/Milestone1 BSAI/checkpoint_deliverable/data/casia_interval_strips_gt/S1201L03.png,True,True,,
/Users/hrishi/Desktop/dev/Milestone1 BSAI/checkpoint_deliverable/data/CASIA-Iris-Interval/201/L/S1201L01.jpg,1201_L,1201,L,val,S1201L01,True,/Users/hrishi/Desktop/dev/Milestone1 BSAI/checkpoint_deliverable/data/casia_interval_strips/S1201L01.png,/Users/hrishi/Desktop/dev/Milestone1 BSAI/checkpoint_deliverable/data/casia_interval_strips_gt/S1201L01.png,True,True,,
/Users/hrishi/Desktop/dev/Milestone1 BSAI/checkpoint_deliverable/data/CASIA-Iris-Interval/208/R/S1208R01.jpg,1208_R,1208,R,train,S1208R01,True,/Users/hrishi/Desktop/dev/Milestone1 BSAI/checkpoint_deliverable/data/casia_interval_strips/S1208R01.png,/Users/hrishi/Desktop/dev/Milestone1 BSAI/checkpoint_deliverable/data/casia_interval_strips_gt/S1208R01.png,True,True,,
/Users/hrishi/Desktop/dev/Milestone1 BSAI/checkpoint_deliverable/data/CASIA-Iris-Interval/208/L/S1208L01.jpg,1208_L,1208,L,train,S1208L01,True,/Users/hrishi/Desktop/dev/Milestone1 BSAI/checkpoint_deliverable/data/casia_interval_strips/S1208L01.png,/Users/hrishi/Desktop/dev/Milestone1 BSAI/checkpoint_deliverable/data/casia_interval_strips_gt/S1208L01.png,True,True,,
/Users/hrishi/Desktop/dev/Milestone1 BSAI/checkpoint_deliverable/data/CASIA-Iris-Interval/208/L/S1208L02.jpg,1208_L,1208,L,train,S1208L02,True,/Users/hrishi/Desktop/dev/Milestone1 BSAI/checkpoint_deliverable/data/casia_interval_strips/S1208L02.png,/Users/hrishi/Desktop/dev/Milestone1 BSAI/checkpoint_deliverable/data/casia_interval_strips_gt/S1208L02.png,True,True,,
/Users/hrishi/Desktop/dev/Milestone1 BSAI/checkpoint_deliverable/data/CASIA-Iris-Interval/208/L/S1208L03.jpg,1208_L,1208,L,train,S1208L03,True,/Users/hrishi/Desktop/dev/Milestone1 BSAI/checkpoint_deliverable/data/casia_interval_strips/S1208L03.png,/Users/hrishi/Desktop/dev/Milestone1 BSAI/checkpoint_deliverable/data/casia_interval_strips_gt/S1208L03.png,True,True,,
/Users/hrishi/Desktop/dev/Milestone1 BSAI/checkpoint_deliverable/data/CASIA-Iris-Interval/208/L/S1208L07.jpg,1208_L,1208,L,train,S1208L07,True,/Users/hrishi/Desktop/dev/Milestone1 BSAI/checkpoint_deliverable/data/casia_interval_strips/S1208L07.png,/Users/hrishi/Desktop/dev/Milestone1 BSAI/checkpoint_deliverable/data/casia_interval_strips_gt/S1208L07.png,True,True,,
/Users/hrishi/Desktop/dev/Milestone1 BSAI/checkpoint_deliverable/data/CASIA-Iris-Interval/208/L/S1208L06.jpg,1208_L,1208,L,train,S1208L06,True,/Users/hrishi/Desktop/dev/Milestone1 BSAI/checkpoint_deliverable/data/casia_interval_strips/S1208L06.png,/Users/hrishi/Desktop/dev/Milestone1 BSAI/checkpoint_deliverable/data/casia_interval_strips_gt/S1208L06.png,True,True,,
/Users/hrishi/Desktop/dev/Milestone1 BSAI/checkpoint_deliverable/data/CASIA-Iris-Interval/208/L/S1208L04.jpg,1208_L,1208,L,train,S1208L04,True,/Users/hrishi/Desktop/dev/Milestone1 BSAI/checkpoint_deliverable/data/casia_interval_strips/S1208L04.png,/Users/hrishi/Desktop/dev/Milestone1 BSAI/checkpoint_deliverable/data/casia_interval_strips_gt/S1208L04.png,True,True,,
/Users/hrishi/Desktop/dev/Milestone1 BSAI/checkpoint_deliverable/data/CASIA-Iris-Interval/208/L/S1208L05.jpg,1208_L,1208,L,train,S1208L05,True,/Users/hrishi/Desktop/dev/Milestone1 BSAI/checkpoint_deliverable/data/casia_interval_strips/S1208L05.png,/Users/hrishi/Desktop/dev/Milestone1 BSAI/checkpoint_deliverable/data/casia_interval_strips_gt/S1208L05.png,True,True,,
/Users/hrishi/Desktop/dev/Milestone1 BSAI/checkpoint_deliverable/data/CASIA-Iris-Interval/005/R/S1005R01.jpg,1005_R,1005,R,train,S1005R01,True,/Users/hrishi/Desktop/dev/Milestone1 BSAI/checkpoint_deliverable/data/casia_interval_strips/S1005R01.png,/Users/hrishi/Desktop/dev/Milestone1 BSAI/checkpoint_deliverable/data/casia_interval_strips_gt/S1005R01.png,True,True,,
/Users/hrishi/Desktop/dev/Milestone1 BSAI/checkpoint_deliverable/data/CASIA-Iris-Interval/005/R/S1005R02.jpg,1005_R,1005,R,train,S1005R02,True,/Users/hrishi/Desktop/dev/Milestone1 BSAI/checkpoint_deliverable/data/casia_interval_strips/S1005R02.png,/Users/hrishi/Desktop/dev/Milestone1 BSAI/checkpoint_deliverable/data/casia_interval_strips_gt/S1005R02.png,True,True,,
/Users/hrishi/Desktop/dev/Milestone1 BSAI/checkpoint_deliverable/data/CASIA-Iris-Interval/005/R/S1005R03.jpg,1005_R,1005,R,train,S1005R03,True,/Users/hrishi/Desktop/dev/Milestone1 BSAI/checkpoint_deliverable/data/casia_interval_strips/S1005R03.png,/Users/hrishi/Desktop/dev/Milestone1 BSAI/checkpoint_deliverable/data/casia_interval_strips_gt/S1005R03.png,True,True,,
/Users/hrishi/Desktop/dev/Milestone1 BSAI/checkpoint_deliverable/data/CASIA-Iris-Interval/005/R/S1005R07.jpg,1005_R,1005,R,train,S1005R07,True,/Users/hrishi/Desktop/dev/Milestone1 BSAI/checkpoint_deliverable/data/casia_interval_strips/S1005R07.png,/Users/hrishi/Desktop/dev/Milestone1 BSAI/checkpoint_deliverable/data/casia_interval_strips_gt/S1005R07.png,True,True,,
/Users/hrishi/Desktop/dev/Milestone1 BSAI/checkpoint_deliverable/data/CASIA-Iris-Interval/005/R/S1005R06.jpg,1005_R,1005,R,train,S1005R06,True,/Users/hrishi/Desktop/dev/Milestone1 BSAI/checkpoint_deliverable/data/casia_interval_strips/S1005R06.png,/Users/hrishi/Desktop/dev/Milestone1 BSAI/checkpoint_deliverable/data/casia_interval_strips_gt/S1005R06.png,True,True,,
/Users/hrishi/Desktop/dev/Milestone1 BSAI/checkpoint_deliverable/data/CASIA-Iris-Interval/005/R/S1005R04.jpg,1005_R,1005,R,train,S1005R04,True,/Users/hrishi/Desktop/dev/Milestone1 BSAI/checkpoint_deliverable/data/casia_interval_strips/S1005R04.png,/Users/hrishi/Desktop/dev/Milestone1 BSAI/checkpoint_deliverable/data/casia_interval_strips_gt/S1005R04.png,True,True,,
/Users/hrishi/Desktop/dev/Milestone1 BSAI/checkpoint_deliverable/data/CASIA-Iris-Interval/005/R/S1005R05.jpg,1005_R,1005,R,train,S1005R05,True,/Users/hrishi/Desktop/dev/Milestone1 BSAI/checkpoint_deliverable/data/casia_interval_strips/S1005R05.png,/Users/hrishi/Desktop/dev/Milestone1 BSAI/checkpoint_deliverable/data/casia_interval_strips_gt/S1005R05.png,True,True,,
/Users/hrishi/Desktop/dev/Milestone1 BSAI/checkpoint_deliverable/data/CASIA-Iris-Interval/005/L/S1005L01.jpg,1005_L,1005,L,test,S1005L01,True,/Users/hrishi/Desktop/dev/Milestone1 BSAI/checkpoint_deliverable/data/casia_interval_strips/S1005L01.png,/Users/hrishi/Desktop/dev/Milestone1 BSAI/checkpoint_deliverable/data/casia_interval_strips_gt/S1005L01.png,True,True,,
/Users/hrishi/Desktop/dev/Milestone1 BSAI/checkpoint_deliverable/data/CASIA-Iris-Interval/237/R/S1237R02.jpg,1237_R,1237,R,test,S1237R02,True,/Users/hrishi/Desktop/dev/Milestone1 BSAI/checkpoint_deliverable/data/casia_interval_strips/S1237R02.png,/Users/hrishi/Desktop/dev/Milestone1 BSAI/checkpoint_deliverable/data/casia_interval_strips_gt/S1237R02.png,True,True,,
/Users/hrishi/Desktop/dev/Milestone1 BSAI/checkpoint_deliverable/data/CASIA-Iris-Interval/237/R/S1237R03.jpg,1237_R,1237,R,test,S1237R03,True,/Users/hrishi/Desktop/dev/Milestone1 BSAI/checkpoint_deliverable/data/casia_interval_strips/S1237R03.png,/Users/hrishi/Desktop/dev/Milestone1 BSAI/checkpoint_deliverable/data/casia_interval_strips_gt/S1237R03.png,True,True,,
/Users/hrishi/Desktop/dev/Milestone1 BSAI/checkpoint_deliverable/data/CASIA-Iris-Interval/237/R/S1237R01.jpg,1237_R,1237,R,test,S1237R01,True,/Users/hrishi/Desktop/dev/Milestone1 BSAI/checkpoint_deliverable/data/casia_interval_strips/S1237R01.png,/Users/hrishi/Desktop/dev/Milestone1 BSAI/checkpoint_deliverable/data/casia_interval_strips_gt/S1237R01.png,True,True,,
/Users/hrishi/Desktop/dev/Milestone1 BSAI/checkpoint_deliverable/data/CASIA-Iris-Interval/230/R/S1230R02.jpg,1230_R,1230,R,train,S1230R02,True,/Users/hrishi/Desktop/dev/Milestone1 BSAI/checkpoint_deliverable/data/casia_interval_strips/S1230R02.png,/Users/hrishi/Desktop/dev/Milestone1 BSAI/checkpoint_deliverable/data/casia_interval_strips_gt/S1230R02.png,True,True,,
/Users/hrishi/Desktop/dev/Milestone1 BSAI/checkpoint_deliverable/data/CASIA-Iris-Interval/230/R/S1230R03.jpg,1230_R,1230,R,train,S1230R03,True,/Users/hrishi/Desktop/dev/Milestone1 BSAI/checkpoint_deliverable/data/casia_interval_strips/S1230R03.png,/Users/hrishi/Desktop/dev/Milestone1 BSAI/checkpoint_deliverable/data/casia_interval_strips_gt/S1230R03.png,True,True,,
/Users/hrishi/Desktop/dev/Milestone1 BSAI/checkpoint_deliverable/data/CASIA-Iris-Interval/230/R/S1230R01.jpg,1230_R,1230,R,train,S1230R01,True,/Users/hrishi/Desktop/dev/Milestone1 BSAI/checkpoint_deliverable/data/casia_interval_strips/S1230R01.png,/Users/hrishi/Desktop/dev/Milestone1 BSAI/checkpoint_deliverable/data/casia_interval_strips_gt/S1230R01.png,True,True,,
/Users/hrishi/Desktop/dev/Milestone1 BSAI/checkpoint_deliverable/data/CASIA-Iris-Interval/230/R/S1230R04.jpg,1230_R,1230,R,train,S1230R04,True,/Users/hrishi/Desktop/dev/Milestone1 BSAI/checkpoint_deliverable/data/casia_interval_strips/S1230R04.png,/Users/hrishi/Desktop/dev/Milestone1 BSAI/checkpoint_deliverable/data/casia_interval_strips_gt/S1230R04.png,True,True,,
/Users/hrishi/Desktop/dev/Milestone1 BSAI/checkpoint_deliverable/data/CASIA-Iris-Interval/230/R/S1230R10.jpg,1230_R,1230,R,train,S1230R10,True,/Users/hrishi/Desktop/dev/Milestone1 BSAI/checkpoint_deliverable/data/casia_interval_strips/S1230R10.png,/Users/hrishi/Desktop/dev/Milestone1 BSAI/checkpoint_deliverable/data/casia_interval_strips_gt/S1230R10.png,True,True,,
/Users/hrishi/Desktop/dev/Milestone1 BSAI/checkpoint_deliverable/data/CASIA-Iris-Interval/230/R/S1230R05.jpg,1230_R,1230,R,train,S1230R05,True,/Users/hrishi/Desktop/dev/Milestone1 BSAI/checkpoint_deliverable/data/casia_interval_strips/S1230R05.png,/Users/hrishi/Desktop/dev/Milestone1 BSAI/checkpoint_deliverable/data/casia_interval_strips_gt/S1230R05.png,True,True,,
/Users/hrishi/Desktop/dev/Milestone1 BSAI/checkpoint_deliverable/data/CASIA-Iris-Interval/230/R/S1230R07.jpg,1230_R,1230,R,train,S1230R07,True,/Users/hrishi/Desktop/dev/Milestone1 BSAI/checkpoint_deliverable/data/casia_interval_strips/S1230R07.png,/Users/hrishi/Desktop/dev/Milestone1 BSAI/checkpoint_deliverable/data/casia_interval_strips_gt/S1230R07.png,True,True,,
/Users/hrishi/Desktop/dev/Milestone1 BSAI/checkpoint_deliverable/data/CASIA-Iris-Interval/230/R/S1230R06.jpg,1230_R,1230,R,train,S1230R06,True,/Users/hrishi/Desktop/dev/Milestone1 BSAI/checkpoint_deliverable/data/casia_interval_strips/S1230R06.png,/Users/hrishi/Desktop/dev/Milestone1 BSAI/checkpoint_deliverable/data/casia_interval_strips_gt/S1230R06.png,True,True,,
/Users/hrishi/Desktop/dev/Milestone1 BSAI/checkpoint_deliverable/data/CASIA-Iris-Interval/230/R/S1230R08.jpg,1230_R,1230,R,train,S1230R08,True,/Users/hrishi/Desktop/dev/Milestone1 BSAI/checkpoint_deliverable/data/casia_interval_strips/S1230R08.png,/Users/hrishi/Desktop/dev/Milestone1 BSAI/checkpoint_deliverable/data/casia_interval_strips_gt/S1230R08.png,True,True,,
/Users/hrishi/Desktop/dev/Milestone1 BSAI/checkpoint_deliverable/data/CASIA-Iris-Interval/230/R/S1230R09.jpg,1230_R,1230,R,train,S1230R09,True,/Users/hrishi/Desktop/dev/Milestone1 BSAI/checkpoint_deliverable/data/casia_interval_strips/S1230R09.png,/Users/hrishi/Desktop/dev/Milestone1 BSAI/checkpoint_deliverable/data/casia_interval_strips_gt/S1230R09.png,True,True,,
/Users/hrishi/Desktop/dev/Milestone1 BSAI/checkpoint_deliverable/data/CASIA-Iris-Interval/002/R/S1002R08.jpg,1002_R,1002,R,train,S1002R08,True,/Users/hrishi/Desktop/dev/Milestone1 BSAI/checkpoint_deliverable/data/casia_interval_strips/S1002R08.png,/Users/hrishi/Desktop/dev/Milestone1 BSAI/checkpoint_deliverable/data/casia_interval_strips_gt/S1002R08.png,True,True,,
/Users/hrishi/Desktop/dev/Milestone1 BSAI/checkpoint_deliverable/data/CASIA-Iris-Interval/002/R/S1002R09.jpg,1002_R,1002,R,train,S1002R09,True,/Users/hrishi/Desktop/dev/Milestone1 BSAI/checkpoint_deliverable/data/casia_interval_strips/S1002R09.png,/Users/hrishi/Desktop/dev/Milestone1 BSAI/checkpoint_deliverable/data/casia_interval_strips_gt/S1002R09.png,True,True,,
/Users/hrishi/Desktop/dev/Milestone1 BSAI/checkpoint_deliverable/data/CASIA-Iris-Interval/002/R/S1002R01.jpg,1002_R,1002,R,train,S1002R01,True,/Users/hrishi/Desktop/dev/Milestone1 BSAI/checkpoint_deliverable/data/casia_interval_strips/S1002R01.png,/Users/hrishi/Desktop/dev/Milestone1 BSAI/checkpoint_deliverable/data/casia_interval_strips_gt/S1002R01.png,True,True,,
/Users/hrishi/Desktop/dev/Milestone1 BSAI/checkpoint_deliverable/data/CASIA-Iris-Interval/002/R/S1002R02.jpg,1002_R,1002,R,train,S1002R02,True,/Users/hrishi/Desktop/dev/Milestone1 BSAI/checkpoint_deliverable/data/casia_interval_strips/S1002R02.png,/Users/hrishi/Desktop/dev/Milestone1 BSAI/checkpoint_deliverable/data/casia_interval_strips_gt/S1002R02.png,True,True,,
/Users/hrishi/Desktop/dev/Milestone1 BSAI/checkpoint_deliverable/data/CASIA-Iris-Interval/002/R/S1002R03.jpg,1002_R,1002,R,train,S1002R03,True,/Users/hrishi/Desktop/dev/Milestone1 BSAI/checkpoint_deliverable/data/casia_interval_strips/S1002R03.png,/Users/hrishi/Desktop/dev/Milestone1 BSAI/checkpoint_deliverable/data/casia_interval_strips_gt/S1002R03.png,True,True,,
/Users/hrishi/Desktop/dev/Milestone1 BSAI/checkpoint_deliverable/data/CASIA-Iris-Interval/002/R/S1002R07.jpg,1002_R,1002,R,train,S1002R07,True,/Users/hrishi/Desktop/dev/Milestone1 BSAI/checkpoint_deliverable/data/casia_interval_strips/S1002R07.png,/Users/hrishi/Desktop/dev/Milestone1 BSAI/checkpoint_deliverable/data/casia_interval_strips_gt/S1002R07.png,True,True,,
/Users/hrishi/Desktop/dev/Milestone1 BSAI/checkpoint_deliverable/data/CASIA-Iris-Interval/002/R/S1002R06.jpg,1002_R,1002,R,train,S1002R06,True,/Users/hrishi/Desktop/dev/Milestone1 BSAI/checkpoint_deliverable/data/casia_interval_strips/S1002R06.png,/Users/hrishi/Desktop/dev/Milestone1 BSAI/checkpoint_deliverable/data/casia_interval_strips_gt/S1002R06.png,True,True,,
/Users/hrishi/Desktop/dev/Milestone1 BSAI/checkpoint_deliverable/data/CASIA-Iris-Interval/002/R/S1002R10.jpg,1002_R,1002,R,train,S1002R10,True,/Users/hrishi/Desktop/dev/Milestone1 BSAI/checkpoint_deliverable/data/casia_interval_strips/S1002R10.png,/Users/hrishi/Desktop/dev/Milestone1 BSAI/checkpoint_deliverable/data/casia_interval_strips_gt/S1002R10.png,True,True,,
/Users/hrishi/Desktop/dev/Milestone1 BSAI/checkpoint_deliverable/data/CASIA-Iris-Interval/002/R/S1002R04.jpg,1002_R,1002,R,train,S1002R04,True,/Users/hrishi/Desktop/dev/Milestone1 BSAI/checkpoint_deliverable/data/casia_interval_strips/S1002R04.png,/Users/hrishi/Desktop/dev/Milestone1 BSAI/checkpoint_deliverable/data/casia_interval_strips_gt/S1002R04.png,True,True,,
/Users/hrishi/Desktop/dev/Milestone1 BSAI/checkpoint_deliverable/data/CASIA-Iris-Interval/002/R/S1002R05.jpg,1002_R,1002,R,train,S1002R05,True,/Users/hrishi/Desktop/dev/Milestone1 BSAI/checkpoint_deliverable/data/casia_interval_strips/S1002R05.png,/Users/hrishi/Desktop/dev/Milestone1 BSAI/checkpoint_deliverable/data/casia_interval_strips_gt/S1002R05.png,True,True,,
/Users/hrishi/Desktop/dev/Milestone1 BSAI/checkpoint_deliverable/data/CASIA-Iris-Interval/002/L/S1002L09.jpg,1002_L,1002,L,train,S1002L09,True,/Users/hrishi/Desktop/dev/Milestone1 BSAI/checkpoint_deliverable/data/casia_interval_strips/S1002L09.png,/Users/hrishi/Desktop/dev/Milestone1 BSAI/checkpoint_deliverable/data/casia_interval_strips_gt/S1002L09.png,True,True,,
/Users/hrishi/Desktop/dev/Milestone1 BSAI/checkpoint_deliverable/data/CASIA-Iris-Interval/002/L/S1002L08.jpg,1002_L,1002,L,train,S1002L08,True,/Users/hrishi/Desktop/dev/Milestone1 BSAI/checkpoint_deliverable/data/casia_interval_strips/S1002L08.png,/Users/hrishi/Desktop/dev/Milestone1 BSAI/checkpoint_deliverable/data/casia_interval_strips_gt/S1002L08.png,True,True,,
/Users/hrishi/Desktop/dev/Milestone1 BSAI/checkpoint_deliverable/data/CASIA-Iris-Interval/002/L/S1002L06.jpg,1002_L,1002,L,train,S1002L06,True,/Users/hrishi/Desktop/dev/Milestone1 BSAI/checkpoint_deliverable/data/casia_interval_strips/S1002L06.png,/Users/hrishi/Desktop/dev/Milestone1 BSAI/checkpoint_deliverable/data/casia_interval_strips_gt/S1002L06.png,True,True,,
/Users/hrishi/Desktop/dev/Milestone1 BSAI/checkpoint_deliverable/data/CASIA-Iris-Interval/002/L/S1002L07.jpg,1002_L,1002,L,train,S1002L07,True,/Users/hrishi/Desktop/dev/Milestone1 BSAI/checkpoint_deliverable/data/casia_interval_strips/S1002L07.png,/Users/hrishi/Desktop/dev/Milestone1 BSAI/checkpoint_deliverable/data/casia_interval_strips_gt/S1002L07.png,True,True,,
/Users/hrishi/Desktop/dev/Milestone1 BSAI/checkpoint_deliverable/data/CASIA-Iris-Interval/002/L/S1002L05.jpg,1002_L,1002,L,train,S1002L05,True,/Users/hrishi/Desktop/dev/Milestone1 BSAI/checkpoint_deliverable/data/casia_interval_strips/S1002L05.png,/Users/hrishi/Desktop/dev/Milestone1 BSAI/checkpoint_deliverable/data/casia_interval_strips_gt/S1002L05.png,True,True,,
/Users/hrishi/Desktop/dev/Milestone1 BSAI/checkpoint_deliverable/data/CASIA-Iris-Interval/002/L/S1002L04.jpg,1002_L,1002,L,train,S1002L04,True,/Users/hrishi/Desktop/dev/Milestone1 BSAI/checkpoint_deliverable/data/casia_interval_strips/S1002L04.png,/Users/hrishi/Desktop/dev/Milestone1 BSAI/checkpoint_deliverable/data/casia_interval_strips_gt/S1002L04.png,True,True,,
/Users/hrishi/Desktop/dev/Milestone1 BSAI/checkpoint_deliverable/data/CASIA-Iris-Interval/002/L/S1002L10.jpg,1002_L,1002,L,train,S1002L10,True,/Users/hrishi/Desktop/dev/Milestone1 BSAI/checkpoint_deliverable/data/casia_interval_strips/S1002L10.png,/Users/hrishi/Desktop/dev/Milestone1 BSAI/checkpoint_deliverable/data/casia_interval_strips_gt/S1002L10.png,True,True,,
/Users/hrishi/Desktop/dev/Milestone1 BSAI/checkpoint_deliverable/data/CASIA-Iris-Interval/002/L/S1002L01.jpg,1002_L,1002,L,train,S1002L01,True,/Users/hrishi/Desktop/dev/Milestone1 BSAI/checkpoint_deliverable/data/casia_interval_strips/S1002L01.png,/Users/hrishi/Desktop/dev/Milestone1 BSAI/checkpoint_deliverable/data/casia_interval_strips_gt/S1002L01.png,True,True,,
/Users/hrishi/Desktop/dev/Milestone1 BSAI/checkpoint_deliverable/data/CASIA-Iris-Interval/002/L/S1002L03.jpg,1002_L,1002,L,train,S1002L03,True,/Users/hrishi/Desktop/dev/Milestone1 BSAI/checkpoint_deliverable/data/casia_interval_strips/S1002L03.png,/Users/hrishi/Desktop/dev/Milestone1 BSAI/checkpoint_deliverable/data/casia_interval_strips_gt/S1002L03.png,True,True,,
/Users/hrishi/Desktop/dev/Milestone1 BSAI/checkpoint_deliverable/data/CASIA-Iris-Interval/002/L/S1002L02.jpg,1002_L,1002,L,train,S1002L02,True,/Users/hrishi/Desktop/dev/Milestone1 BSAI/checkpoint_deliverable/data/casia_interval_strips/S1002L02.png,/Users/hrishi/Desktop/dev/Milestone1 BSAI/checkpoint_deliverable/data/casia_interval_strips_gt/S1002L02.png,True,True,,
/Users/hrishi/Desktop/dev/Milestone1 BSAI/checkpoint_deliverable/data/CASIA-Iris-Interval/056/L/S1056L05.jpg,1056_L,1056,L,train,S1056L05,True,/Users/hrishi/Desktop/dev/Milestone1 BSAI/checkpoint_deliverable/data/casia_interval_strips/S1056L05.png,/Users/hrishi/Desktop/dev/Milestone1 BSAI/checkpoint_deliverable/data/casia_interval_strips_gt/S1056L05.png,True,True,,
/Users/hrishi/Desktop/dev/Milestone1 BSAI/checkpoint_deliverable/data/CASIA-Iris-Interval/056/L/S1056L04.jpg,1056_L,1056,L,train,S1056L04,True,/Users/hrishi/Desktop/dev/Milestone1 BSAI/checkpoint_deliverable/data/casia_interval_strips/S1056L04.png,/Users/hrishi/Desktop/dev/Milestone1 BSAI/checkpoint_deliverable/data/casia_interval_strips_gt/S1056L04.png,True,True,,
/Users/hrishi/Desktop/dev/Milestone1 BSAI/checkpoint_deliverable/data/CASIA-Iris-Interval/056/L/S1056L03.jpg,1056_L,1056,L,train,S1056L03,True,/Users/hrishi/Desktop/dev/Milestone1 BSAI/checkpoint_deliverable/data/casia_interval_strips/S1056L03.png,/Users/hrishi/Desktop/dev/Milestone1 BSAI/checkpoint_deliverable/data/casia_interval_strips_gt/S1056L03.png,True,True,,
/Users/hrishi/Desktop/dev/Milestone1 BSAI/checkpoint_deliverable/data/CASIA-Iris-Interval/056/L/S1056L02.jpg,1056_L,1056,L,train,S1056L02,True,/Users/hrishi/Desktop/dev/Milestone1 BSAI/checkpoint_deliverable/data/casia_interval_strips/S1056L02.png,/Users/hrishi/Desktop/dev/Milestone1 BSAI/checkpoint_deliverable/data/casia_interval_strips_gt/S1056L02.png,True,True,,
/Users/hrishi/Desktop/dev/Milestone1 BSAI/checkpoint_deliverable/data/CASIA-Iris-Interval/056/L/S1056L01.jpg,1056_L,1056,L,train,S1056L01,True,/Users/hrishi/Desktop/dev/Milestone1 BSAI/checkpoint_deliverable/data/casia_interval_strips/S1056L01.png,/Users/hrishi/Desktop/dev/Milestone1 BSAI/checkpoint_deliverable/data/casia_interval_strips_gt/S1056L01.png,True,True,,
/Users/hrishi/Desktop/dev/Milestone1 BSAI/checkpoint_deliverable/data/CASIA-Iris-Interval/069/R/S1069R06.jpg,1069_R,1069,R,train,S1069R06,True,/Users/hrishi/Desktop/dev/Milestone1 BSAI/checkpoint_deliverable/data/casia_interval_strips/S1069R06.png,/Users/hrishi/Desktop/dev/Milestone1 BSAI/checkpoint_deliverable/data/casia_interval_strips_gt/S1069R06.png,True,True,,
/Users/hrishi/Desktop/dev/Milestone1 BSAI/checkpoint_deliverable/data/CASIA-Iris-Interval/069/R/S1069R05.jpg,1069_R,1069,R,train,S1069R05,True,/Users/hrishi/Desktop/dev/Milestone1 BSAI/checkpoint_deliverable/data/casia_interval_strips/S1069R05.png,/Users/hrishi/Desktop/dev/Milestone1 BSAI/checkpoint_deliverable/data/casia_interval_strips_gt/S1069R05.png,True,True,,
/Users/hrishi/Desktop/dev/Milestone1 BSAI/checkpoint_deliverable/data/CASIA-Iris-Interval/069/R/S1069R04.jpg,1069_R,1069,R,train,S1069R04,True,/Users/hrishi/Desktop/dev/Milestone1 BSAI/checkpoint_deliverable/data/casia_interval_strips/S1069R04.png,/Users/hrishi/Desktop/dev/Milestone1 BSAI/checkpoint_deliverable/data/casia_interval_strips_gt/S1069R04.png,True,True,,
/Users/hrishi/Desktop/dev/Milestone1 BSAI/checkpoint_deliverable/data/CASIA-Iris-Interval/069/R/S1069R01.jpg,1069_R,1069,R,train,S1069R01,True,/Users/hrishi/Desktop/dev/Milestone1 BSAI/checkpoint_deliverable/data/casia_interval_strips/S1069R01.png,/Users/hrishi/Desktop/dev/Milestone1 BSAI/checkpoint_deliverable/data/casia_interval_strips_gt/S1069R01.png,True,True,,
/Users/hrishi/Desktop/dev/Milestone1 BSAI/checkpoint_deliverable/data/CASIA-Iris-Interval/069/R/S1069R03.jpg,1069_R,1069,R,train,S1069R03,True,/Users/hrishi/Desktop/dev/Milestone1 BSAI/checkpoint_deliverable/data/casia_interval_strips/S1069R03.png,/Users/hrishi/Desktop/dev/Milestone1 BSAI/checkpoint_deliverable/data/casia_interval_strips_gt/S1069R03.png,True,True,,
/Users/hrishi/Desktop/dev/Milestone1 BSAI/checkpoint_deliverable/data/CASIA-Iris-Interval/069/R/S1069R02.jpg,1069_R,1069,R,train,S1069R02,True,/Users/hrishi/Desktop/dev/Milestone1 BSAI/checkpoint_deliverable/data/casia_interval_strips/S1069R02.png,/Users/hrishi/Desktop/dev/Milestone1 BSAI/checkpoint_deliverable/data/casia_interval_strips_gt/S1069R02.png,True,True,,
/Users/hrishi/Desktop/dev/Milestone1 BSAI/checkpoint_deliverable/data/CASIA-Iris-Interval/069/L/S1069L01.jpg,1069_L,1069,L,train,S1069L01,True,/Users/hrishi/Desktop/dev/Milestone1 BSAI/checkpoint_deliverable/data/casia_interval_strips/S1069L01.png,/Users/hrishi/Desktop/dev/Milestone1 BSAI/checkpoint_deliverable/data/casia_interval_strips_gt/S1069L01.png,True,True,,
/Users/hrishi/Desktop/dev/Milestone1 BSAI/checkpoint_deliverable/data/CASIA-Iris-Interval/069/L/S1069L02.jpg,1069_L,1069,L,train,S1069L02,True,/Users/hrishi/Desktop/dev/Milestone1 BSAI/checkpoint_deliverable/data/casia_interval_strips/S1069L02.png,/Users/hrishi/Desktop/dev/Milestone1 BSAI/checkpoint_deliverable/data/casia_interval_strips_gt/S1069L02.png,True,True,,
/Users/hrishi/Desktop/dev/Milestone1 BSAI/checkpoint_deliverable/data/CASIA-Iris-Interval/069/L/S1069L03.jpg,1069_L,1069,L,train,S1069L03,True,/Users/hrishi/Desktop/dev/Milestone1 BSAI/checkpoint_deliverable/data/casia_interval_strips/S1069L03.png,/Users/hrishi/Desktop/dev/Milestone1 BSAI/checkpoint_deliverable/data/casia_interval_strips_gt/S1069L03.png,True,True,,
/Users/hrishi/Desktop/dev/Milestone1 BSAI/checkpoint_deliverable/data/CASIA-Iris-Interval/069/L/S1069L07.jpg,1069_L,1069,L,train,S1069L07,True,/Users/hrishi/Desktop/dev/Milestone1 BSAI/checkpoint_deliverable/data/casia_interval_strips/S1069L07.png,/Users/hrishi/Desktop/dev/Milestone1 BSAI/checkpoint_deliverable/data/casia_interval_strips_gt/S1069L07.png,True,True,,
/Users/hrishi/Desktop/dev/Milestone1 BSAI/checkpoint_deliverable/data/CASIA-Iris-Interval/069/L/S1069L06.jpg,1069_L,1069,L,train,S1069L06,True,/Users/hrishi/Desktop/dev/Milestone1 BSAI/checkpoint_deliverable/data/casia_interval_strips/S1069L06.png,/Users/hrishi/Desktop/dev/Milestone1 BSAI/checkpoint_deliverable/data/casia_interval_strips_gt/S1069L06.png,True,True,,
/Users/hrishi/Desktop/dev/Milestone1 BSAI/checkpoint_deliverable/data/CASIA-Iris-Interval/069/L/S1069L04.jpg,1069_L,1069,L,train,S1069L04,True,/Users/hrishi/Desktop/dev/Milestone1 BSAI/checkpoint_deliverable/data/casia_interval_strips/S1069L04.png,/Users/hrishi/Desktop/dev/Milestone1 BSAI/checkpoint_deliverable/data/casia_interval_strips_gt/S1069L04.png,True,True,,
/Users/hrishi/Desktop/dev/Milestone1 BSAI/checkpoint_deliverable/data/CASIA-Iris-Interval/069/L/S1069L05.jpg,1069_L,1069,L,train,S1069L05,True,/Users/hrishi/Desktop/dev/Milestone1 BSAI/checkpoint_deliverable/data/casia_interval_strips/S1069L05.png,/Users/hrishi/Desktop/dev/Milestone1 BSAI/checkpoint_deliverable/data/casia_interval_strips_gt/S1069L05.png,True,True,,
/Users/hrishi/Desktop/dev/Milestone1 BSAI/checkpoint_deliverable/data/CASIA-Iris-Interval/051/R/S1051R02.jpg,1051_R,1051,R,val,S1051R02,True,/Users/hrishi/Desktop/dev/Milestone1 BSAI/checkpoint_deliverable/data/casia_interval_strips/S1051R02.png,/Users/hrishi/Desktop/dev/Milestone1 BSAI/checkpoint_deliverable/data/casia_interval_strips_gt/S1051R02.png,True,True,,
/Users/hrishi/Desktop/dev/Milestone1 BSAI/checkpoint_deliverable/data/CASIA-Iris-Interval/051/R/S1051R03.jpg,1051_R,1051,R,val,S1051R03,True,/Users/hrishi/Desktop/dev/Milestone1 BSAI/checkpoint_deliverable/data/casia_interval_strips/S1051R03.png,/Users/hrishi/Desktop/dev/Milestone1 BSAI/checkpoint_deliverable/data/casia_interval_strips_gt/S1051R03.png,True,True,,
/Users/hrishi/Desktop/dev/Milestone1 BSAI/checkpoint_deliverable/data/CASIA-Iris-Interval/051/R/S1051R01.jpg,1051_R,1051,R,val,S1051R01,True,/Users/hrishi/Desktop/dev/Milestone1 BSAI/checkpoint_deliverable/data/casia_interval_strips/S1051R01.png,/Users/hrishi/Desktop/dev/Milestone1 BSAI/checkpoint_deliverable/data/casia_interval_strips_gt/S1051R01.png,True,True,,
/Users/hrishi/Desktop/dev/Milestone1 BSAI/checkpoint_deliverable/data/CASIA-Iris-Interval/051/R/S1051R04.jpg,1051_R,1051,R,val,S1051R04,True,/Users/hrishi/Desktop/dev/Milestone1 BSAI/checkpoint_deliverable/data/casia_interval_strips/S1051R04.png,/Users/hrishi/Desktop/dev/Milestone1 BSAI/checkpoint_deliverable/data/casia_interval_strips_gt/S1051R04.png,True,True,,
/Users/hrishi/Desktop/dev/Milestone1 BSAI/checkpoint_deliverable/data/CASIA-Iris-Interval/051/R/S1051R05.jpg,1051_R,1051,R,val,S1051R05,True,/Users/hrishi/Desktop/dev/Milestone1 BSAI/checkpoint_deliverable/data/casia_interval_strips/S1051R05.png,/Users/hrishi/Desktop/dev/Milestone1 BSAI/checkpoint_deliverable/data/casia_interval_strips_gt/S1051R05.png,True,True,,
/Users/hrishi/Desktop/dev/Milestone1 BSAI/checkpoint_deliverable/data/CASIA-Iris-Interval/093/R/S1093R01.jpg,1093_R,1093,R,train,S1093R01,True,/Users/hrishi/Desktop/dev/Milestone1 BSAI/checkpoint_deliverable/data/casia_interval_strips/S1093R01.png,/Users/hrishi/Desktop/dev/Milestone1 BSAI/checkpoint_deliverable/data/casia_interval_strips_gt/S1093R01.png,True,True,,
/Users/hrishi/Desktop/dev/Milestone1 BSAI/checkpoint_deliverable/data/CASIA-Iris-Interval/093/R/S1093R03.jpg,1093_R,1093,R,train,S1093R03,True,/Users/hrishi/Desktop/dev/Milestone1 BSAI/checkpoint_deliverable/data/casia_interval_strips/S1093R03.png,/Users/hrishi/Desktop/dev/Milestone1 BSAI/checkpoint_deliverable/data/casia_interval_strips_gt/S1093R03.png,True,True,,
/Users/hrishi/Desktop/dev/Milestone1 BSAI/checkpoint_deliverable/data/CASIA-Iris-Interval/093/R/S1093R02.jpg,1093_R,1093,R,train,S1093R02,True,/Users/hrishi/Desktop/dev/Milestone1 BSAI/checkpoint_deliverable/data/casia_interval_strips/S1093R02.png,/Users/hrishi/Desktop/dev/Milestone1 BSAI/checkpoint_deliverable/data/casia_interval_strips_gt/S1093R02.png,True,True,,
/Users/hrishi/Desktop/dev/Milestone1 BSAI/checkpoint_deliverable/data/CASIA-Iris-Interval/093/R/S1093R06.jpg,1093_R,1093,R,train,S1093R06,True,/Users/hrishi/Desktop/dev/Milestone1 BSAI/checkpoint_deliverable/data/casia_interval_strips/S1093R06.png,/Users/hrishi/Desktop/dev/Milestone1 BSAI/checkpoint_deliverable/data/casia_interval_strips_gt/S1093R06.png,True,True,,
/Users/hrishi/Desktop/dev/Milestone1 BSAI/checkpoint_deliverable/data/CASIA-Iris-Interval/093/R/S1093R07.jpg,1093_R,1093,R,train,S1093R07,True,/Users/hrishi/Desktop/dev/Milestone1 BSAI/checkpoint_deliverable/data/casia_interval_strips/S1093R07.png,/Users/hrishi/Desktop/dev/Milestone1 BSAI/checkpoint_deliverable/data/casia_interval_strips_gt/S1093R07.png,True,True,,
/Users/hrishi/Desktop/dev/Milestone1 BSAI/checkpoint_deliverable/data/CASIA-Iris-Interval/093/R/S1093R05.jpg,1093_R,1093,R,train,S1093R05,True,/Users/hrishi/Desktop/dev/Milestone1 BSAI/checkpoint_deliverable/data/casia_interval_strips/S1093R05.png,/Users/hrishi/Desktop/dev/Milestone1 BSAI/checkpoint_deliverable/data/casia_interval_strips_gt/S1093R05.png,True,True,,
/Users/hrishi/Desktop/dev/Milestone1 BSAI/checkpoint_deliverable/data/CASIA-Iris-Interval/093/R/S1093R10.jpg,1093_R,1093,R,train,S1093R10,True,/Users/hrishi/Desktop/dev/Milestone1 BSAI/checkpoint_deliverable/data/casia_interval_strips/S1093R10.png,/Users/hrishi/Desktop/dev/Milestone1 BSAI/checkpoint_deliverable/data/casia_interval_strips_gt/S1093R10.png,True,True,,
/Users/hrishi/Desktop/dev/Milestone1 BSAI/checkpoint_deliverable/data/CASIA-Iris-Interval/093/R/S1093R04.jpg,1093_R,1093,R,train,S1093R04,True,/Users/hrishi/Desktop/dev/Milestone1 BSAI/checkpoint_deliverable/data/casia_interval_strips/S1093R04.png,/Users/hrishi/Desktop/dev/Milestone1 BSAI/checkpoint_deliverable/data/casia_interval_strips_gt/S1093R04.png,True,True,,
/Users/hrishi/Desktop/dev/Milestone1 BSAI/checkpoint_deliverable/data/CASIA-Iris-Interval/093/R/S1093R09.jpg,1093_R,1093,R,train,S1093R09,True,/Users/hrishi/Desktop/dev/Milestone1 BSAI/checkpoint_deliverable/data/casia_interval_strips/S1093R09.png,/Users/hrishi/Desktop/dev/Milestone1 BSAI/checkpoint_deliverable/data/casia_interval_strips_gt/S1093R09.png,True,True,,
/Users/hrishi/Desktop/dev/Milestone1 BSAI/checkpoint_deliverable/data/CASIA-Iris-Interval/093/R/S1093R08.jpg,1093_R,1093,R,train,S1093R08,True,/Users/hrishi/Desktop/dev/Milestone1 BSAI/checkpoint_deliverable/data/casia_interval_strips/S1093R08.png,/Users/hrishi/Desktop/dev/Milestone1 BSAI/checkpoint_deliverable/data/casia_interval_strips_gt/S1093R08.png,True,True,,
/Users/hrishi/Desktop/dev/Milestone1 BSAI/checkpoint_deliverable/data/CASIA-Iris-Interval/093/L/S1093L07.jpg,1093_L,1093,L,val,S1093L07,True,/Users/hrishi/Desktop/dev/Milestone1 BSAI/checkpoint_deliverable/data/casia_interval_strips/S1093L07.png,/Users/hrishi/Desktop/dev/Milestone1 BSAI/checkpoint_deliverable/data/casia_interval_strips_gt/S1093L07.png,True,True,,
/Users/hrishi/Desktop/dev/Milestone1 BSAI/checkpoint_deliverable/data/CASIA-Iris-Interval/093/L/S1093L06.jpg,1093_L,1093,L,val,S1093L06,True,/Users/hrishi/Desktop/dev/Milestone1 BSAI/checkpoint_deliverable/data/casia_interval_strips/S1093L06.png,/Users/hrishi/Desktop/dev/Milestone1 BSAI/checkpoint_deliverable/data/casia_interval_strips_gt/S1093L06.png,True,True,,
/Users/hrishi/Desktop/dev/Milestone1 BSAI/checkpoint_deliverable/data/CASIA-Iris-Interval/093/L/S1093L04.jpg,1093_L,1093,L,val,S1093L04,True,/Users/hrishi/Desktop/dev/Milestone1 BSAI/checkpoint_deliverable/data/casia_interval_strips/S1093L04.png,/Users/hrishi/Desktop/dev/Milestone1 BSAI/checkpoint_deliverable/data/casia_interval_strips_gt/S1093L04.png,True,True,,
/Users/hrishi/Desktop/dev/Milestone1 BSAI/checkpoint_deliverable/data/CASIA-Iris-Interval/093/L/S1093L10.jpg,1093_L,1093,L,val,S1093L10,True,/Users/hrishi/Desktop/dev/Milestone1 BSAI/checkpoint_deliverable/data/casia_interval_strips/S1093L10.png,/Users/hrishi/Desktop/dev/Milestone1 BSAI/checkpoint_deliverable/data/casia_interval_strips_gt/S1093L10.png,True,True,,
/Users/hrishi/Desktop/dev/Milestone1 BSAI/checkpoint_deliverable/data/CASIA-Iris-Interval/093/L/S1093L05.jpg,1093_L,1093,L,val,S1093L05,True,/Users/hrishi/Desktop/dev/Milestone1 BSAI/checkpoint_deliverable/data/casia_interval_strips/S1093L05.png,/Users/hrishi/Desktop/dev/Milestone1 BSAI/checkpoint_deliverable/data/casia_interval_strips_gt/S1093L05.png,True,True,,
/Users/hrishi/Desktop/dev/Milestone1 BSAI/checkpoint_deliverable/data/CASIA-Iris-Interval/093/L/S1093L01.jpg,1093_L,1093,L,val,S1093L01,True,/Users/hrishi/Desktop/dev/Milestone1 BSAI/checkpoint_deliverable/data/casia_interval_strips/S1093L01.png,/Users/hrishi/Desktop/dev/Milestone1 BSAI/checkpoint_deliverable/data/casia_interval_strips_gt/S1093L01.png,True,True,,
/Users/hrishi/Desktop/dev/Milestone1 BSAI/checkpoint_deliverable/data/CASIA-Iris-Interval/093/L/S1093L02.jpg,1093_L,1093,L,val,S1093L02,True,/Users/hrishi/Desktop/dev/Milestone1 BSAI/checkpoint_deliverable/data/casia_interval_strips/S1093L02.png,/Users/hrishi/Desktop/dev/Milestone1 BSAI/checkpoint_deliverable/data/casia_interval_strips_gt/S1093L02.png,True,True,,
/Users/hrishi/Desktop/dev/Milestone1 BSAI/checkpoint_deliverable/data/CASIA-Iris-Interval/093/L/S1093L03.jpg,1093_L,1093,L,val,S1093L03,True,/Users/hrishi/Desktop/dev/Milestone1 BSAI/checkpoint_deliverable/data/casia_interval_strips/S1093L03.png,/Users/hrishi/Desktop/dev/Milestone1 BSAI/checkpoint_deliverable/data/casia_interval_strips_gt/S1093L03.png,True,True,,
/Users/hrishi/Desktop/dev/Milestone1 BSAI/checkpoint_deliverable/data/CASIA-Iris-Interval/093/L/S1093L08.jpg,1093_L,1093,L,val,S1093L08,True,/Users/hrishi/Desktop/dev/Milestone1 BSAI/checkpoint_deliverable/data/casia_interval_strips/S1093L08.png,/Users/hrishi/Desktop/dev/Milestone1 BSAI/checkpoint_deliverable/data/casia_interval_strips_gt/S1093L08.png,True,True,,
/Users/hrishi/Desktop/dev/Milestone1 BSAI/checkpoint_deliverable/data/CASIA-Iris-Interval/093/L/S1093L09.jpg,1093_L,1093,L,val,S1093L09,True,/Users/hrishi/Desktop/dev/Milestone1 BSAI/checkpoint_deliverable/data/casia_interval_strips/S1093L09.png,/Users/hrishi/Desktop/dev/Milestone1 BSAI/checkpoint_deliverable/data/casia_interval_strips_gt/S1093L09.png,True,True,,
/Users/hrishi/Desktop/dev/Milestone1 BSAI/checkpoint_deliverable/data/CASIA-Iris-Interval/067/R/S1067R03.jpg,1067_R,1067,R,train,S1067R03,True,/Users/hrishi/Desktop/dev/Milestone1 BSAI/checkpoint_deliverable/data/casia_interval_strips/S1067R03.png,/Users/hrishi/Desktop/dev/Milestone1 BSAI/checkpoint_deliverable/data/casia_interval_strips_gt/S1067R03.png,True,True,,
/Users/hrishi/Desktop/dev/Milestone1 BSAI/checkpoint_deliverable/data/CASIA-Iris-Interval/067/R/S1067R02.jpg,1067_R,1067,R,train,S1067R02,True,/Users/hrishi/Desktop/dev/Milestone1 BSAI/checkpoint_deliverable/data/casia_interval_strips/S1067R02.png,/Users/hrishi/Desktop/dev/Milestone1 BSAI/checkpoint_deliverable/data/casia_interval_strips_gt/S1067R02.png,True,True,,
/Users/hrishi/Desktop/dev/Milestone1 BSAI/checkpoint_deliverable/data/CASIA-Iris-Interval/067/R/S1067R01.jpg,1067_R,1067,R,train,S1067R01,True,/Users/hrishi/Desktop/dev/Milestone1 BSAI/checkpoint_deliverable/data/casia_interval_strips/S1067R01.png,/Users/hrishi/Desktop/dev/Milestone1 BSAI/checkpoint_deliverable/data/casia_interval_strips_gt/S1067R01.png,True,True,,
/Users/hrishi/Desktop/dev/Milestone1 BSAI/checkpoint_deliverable/data/CASIA-Iris-Interval/067/R/S1067R05.jpg,1067_R,1067,R,train,S1067R05,True,/Users/hrishi/Desktop/dev/Milestone1 BSAI/checkpoint_deliverable/data/casia_interval_strips/S1067R05.png,/Users/hrishi/Desktop/dev/Milestone1 BSAI/checkpoint_deliverable/data/casia_interval_strips_gt/S1067R05.png,True,True,,
/Users/hrishi/Desktop/dev/Milestone1 BSAI/checkpoint_deliverable/data/CASIA-Iris-Interval/067/R/S1067R04.jpg,1067_R,1067,R,train,S1067R04,True,/Users/hrishi/Desktop/dev/Milestone1 BSAI/checkpoint_deliverable/data/casia_interval_strips/S1067R04.png,/Users/hrishi/Desktop/dev/Milestone1 BSAI/checkpoint_deliverable/data/casia_interval_strips_gt/S1067R04.png,True,True,,
/Users/hrishi/Desktop/dev/Milestone1 BSAI/checkpoint_deliverable/data/CASIA-Iris-Interval/067/R/S1067R06.jpg,1067_R,1067,R,train,S1067R06,True,/Users/hrishi/Desktop/dev/Milestone1 BSAI/checkpoint_deliverable/data/casia_interval_strips/S1067R06.png,/Users/hrishi/Desktop/dev/Milestone1 BSAI/checkpoint_deliverable/data/casia_interval_strips_gt/S1067R06.png,True,True,,
/Users/hrishi/Desktop/dev/Milestone1 BSAI/checkpoint_deliverable/data/CASIA-Iris-Interval/067/R/S1067R07.jpg,1067_R,1067,R,train,S1067R07,True,/Users/hrishi/Desktop/dev/Milestone1 BSAI/checkpoint_deliverable/data/casia_interval_strips/S1067R07.png,/Users/hrishi/Desktop/dev/Milestone1 BSAI/checkpoint_deliverable/data/casia_interval_strips_gt/S1067R07.png,True,True,,
/Users/hrishi/Desktop/dev/Milestone1 BSAI/checkpoint_deliverable/data/CASIA-Iris-Interval/067/L/S1067L04.jpg,1067_L,1067,L,train,S1067L04,True,/Users/hrishi/Desktop/dev/Milestone1 BSAI/checkpoint_deliverable/data/casia_interval_strips/S1067L04.png,/Users/hrishi/Desktop/dev/Milestone1 BSAI/checkpoint_deliverable/data/casia_interval_strips_gt/S1067L04.png,True,True,,
/Users/hrishi/Desktop/dev/Milestone1 BSAI/checkpoint_deliverable/data/CASIA-Iris-Interval/067/L/S1067L05.jpg,1067_L,1067,L,train,S1067L05,True,/Users/hrishi/Desktop/dev/Milestone1 BSAI/checkpoint_deliverable/data/casia_interval_strips/S1067L05.png,/Users/hrishi/Desktop/dev/Milestone1 BSAI/checkpoint_deliverable/data/casia_interval_strips_gt/S1067L05.png,True,True,,
/Users/hrishi/Desktop/dev/Milestone1 BSAI/checkpoint_deliverable/data/CASIA-Iris-Interval/067/L/S1067L07.jpg,1067_L,1067,L,train,S1067L07,True,/Users/hrishi/Desktop/dev/Milestone1 BSAI/checkpoint_deliverable/data/casia_interval_strips/S1067L07.png,/Users/hrishi/Desktop/dev/Milestone1 BSAI/checkpoint_deliverable/data/casia_interval_strips_gt/S1067L07.png,True,True,,
/Users/hrishi/Desktop/dev/Milestone1 BSAI/checkpoint_deliverable/data/CASIA-Iris-Interval/067/L/S1067L06.jpg,1067_L,1067,L,train,S1067L06,True,/Users/hrishi/Desktop/dev/Milestone1 BSAI/checkpoint_deliverable/data/casia_interval_strips/S1067L06.png,/Users/hrishi/Desktop/dev/Milestone1 BSAI/checkpoint_deliverable/data/casia_interval_strips_gt/S1067L06.png,True,True,,
/Users/hrishi/Desktop/dev/Milestone1 BSAI/checkpoint_deliverable/data/CASIA-Iris-Interval/067/L/S1067L02.jpg,1067_L,1067,L,train,S1067L02,True,/Users/hrishi/Desktop/dev/Milestone1 BSAI/checkpoint_deliverable/data/casia_interval_strips/S1067L02.png,/Users/hrishi/Desktop/dev/Milestone1 BSAI/checkpoint_deliverable/data/casia_interval_strips_gt/S1067L02.png,True,True,,
/Users/hrishi/Desktop/dev/Milestone1 BSAI/checkpoint_deliverable/data/CASIA-Iris-Interval/067/L/S1067L03.jpg,1067_L,1067,L,train,S1067L03,True,/Users/hrishi/Desktop/dev/Milestone1 BSAI/checkpoint_deliverable/data/casia_interval_strips/S1067L03.png,/Users/hrishi/Desktop/dev/Milestone1 BSAI/checkpoint_deliverable/data/casia_interval_strips_gt/S1067L03.png,True,True,,
/Users/hrishi/Desktop/dev/Milestone1 BSAI/checkpoint_deliverable/data/CASIA-Iris-Interval/067/L/S1067L01.jpg,1067_L,1067,L,train,S1067L01,True,/Users/hrishi/Desktop/dev/Milestone1 BSAI/checkpoint_deliverable/data/casia_interval_strips/S1067L01.png,/Users/hrishi/Desktop/dev/Milestone1 BSAI/checkpoint_deliverable/data/casia_interval_strips_gt/S1067L01.png,True,True,,
/Users/hrishi/Desktop/dev/Milestone1 BSAI/checkpoint_deliverable/data/CASIA-Iris-Interval/058/R/S1058R04.jpg,1058_R,1058,R,train,S1058R04,True,/Users/hrishi/Desktop/dev/Milestone1 BSAI/checkpoint_deliverable/data/casia_interval_strips/S1058R04.png,/Users/hrishi/Desktop/dev/Milestone1 BSAI/checkpoint_deliverable/data/casia_interval_strips_gt/S1058R04.png,True,True,,
/Users/hrishi/Desktop/dev/Milestone1 BSAI/checkpoint_deliverable/data/CASIA-Iris-Interval/058/R/S1058R05.jpg,1058_R,1058,R,train,S1058R05,True,/Users/hrishi/Desktop/dev/Milestone1 BSAI/checkpoint_deliverable/data/casia_interval_strips/S1058R05.png,/Users/hrishi/Desktop/dev/Milestone1 BSAI/checkpoint_deliverable/data/casia_interval_strips_gt/S1058R05.png,True,True,,
/Users/hrishi/Desktop/dev/Milestone1 BSAI/checkpoint_deliverable/data/CASIA-Iris-Interval/058/R/S1058R01.jpg,1058_R,1058,R,train,S1058R01,True,/Users/hrishi/Desktop/dev/Milestone1 BSAI/checkpoint_deliverable/data/casia_interval_strips/S1058R01.png,/Users/hrishi/Desktop/dev/Milestone1 BSAI/checkpoint_deliverable/data/casia_interval_strips_gt/S1058R01.png,True,True,,
/Users/hrishi/Desktop/dev/Milestone1 BSAI/checkpoint_deliverable/data/CASIA-Iris-Interval/058/R/S1058R02.jpg,1058_R,1058,R,train,S1058R02,True,/Users/hrishi/Desktop/dev/Milestone1 BSAI/checkpoint_deliverable/data/casia_interval_strips/S1058R02.png,/Users/hrishi/Desktop/dev/Milestone1 BSAI/checkpoint_deliverable/data/casia_interval_strips_gt/S1058R02.png,True,True,,
/Users/hrishi/Desktop/dev/Milestone1 BSAI/checkpoint_deliverable/data/CASIA-Iris-Interval/058/R/S1058R03.jpg,1058_R,1058,R,train,S1058R03,True,/Users/hrishi/Desktop/dev/Milestone1 BSAI/checkpoint_deliverable/data/casia_interval_strips/S1058R03.png,/Users/hrishi/Desktop/dev/Milestone1 BSAI/checkpoint_deliverable/data/casia_interval_strips_gt/S1058R03.png,True,True,,
/Users/hrishi/Desktop/dev/Milestone1 BSAI/checkpoint_deliverable/data/CASIA-Iris-Interval/060/R/S1060R03.jpg,1060_R,1060,R,train,S1060R03,True,/Users/hrishi/Desktop/dev/Milestone1 BSAI/checkpoint_deliverable/data/casia_interval_strips/S1060R03.png,/Users/hrishi/Desktop/dev/Milestone1 BSAI/checkpoint_deliverable/data/casia_interval_strips_gt/S1060R03.png,True,True,,
/Users/hrishi/Desktop/dev/Milestone1 BSAI/checkpoint_deliverable/data/CASIA-Iris-Interval/060/R/S1060R02.jpg,1060_R,1060,R,train,S1060R02,True,/Users/hrishi/Desktop/dev/Milestone1 BSAI/checkpoint_deliverable/data/casia_interval_strips/S1060R02.png,/Users/hrishi/Desktop/dev/Milestone1 BSAI/checkpoint_deliverable/data/casia_interval_strips_gt/S1060R02.png,True,True,,
/Users/hrishi/Desktop/dev/Milestone1 BSAI/checkpoint_deliverable/data/CASIA-Iris-Interval/060/R/S1060R01.jpg,1060_R,1060,R,train,S1060R01,True,/Users/hrishi/Desktop/dev/Milestone1 BSAI/checkpoint_deliverable/data/casia_interval_strips/S1060R01.png,/Users/hrishi/Desktop/dev/Milestone1 BSAI/checkpoint_deliverable/data/casia_interval_strips_gt/S1060R01.png,True,True,,
/Users/hrishi/Desktop/dev/Milestone1 BSAI/checkpoint_deliverable/data/CASIA-Iris-Interval/060/R/S1060R05.jpg,1060_R,1060,R,train,S1060R05,True,/Users/hrishi/Desktop/dev/Milestone1 BSAI/checkpoint_deliverable/data/casia_interval_strips/S1060R05.png,/Users/hrishi/Desktop/dev/Milestone1 BSAI/checkpoint_deliverable/data/casia_interval_strips_gt/S1060R05.png,True,True,,
/Users/hrishi/Desktop/dev/Milestone1 BSAI/checkpoint_deliverable/data/CASIA-Iris-Interval/060/R/S1060R04.jpg,1060_R,1060,R,train,S1060R04,True,/Users/hrishi/Desktop/dev/Milestone1 BSAI/checkpoint_deliverable/data/casia_interval_strips/S1060R04.png,/Users/hrishi/Desktop/dev/Milestone1 BSAI/checkpoint_deliverable/data/casia_interval_strips_gt/S1060R04.png,True,True,,
/Users/hrishi/Desktop/dev/Milestone1 BSAI/checkpoint_deliverable/data/CASIA-Iris-Interval/060/R/S1060R10.jpg,1060_R,1060,R,train,S1060R10,True,/Users/hrishi/Desktop/dev/Milestone1 BSAI/checkpoint_deliverable/data/casia_interval_strips/S1060R10.png,/Users/hrishi/Desktop/dev/Milestone1 BSAI/checkpoint_deliverable/data/casia_interval_strips_gt/S1060R10.png,True,True,,
/Users/hrishi/Desktop/dev/Milestone1 BSAI/checkpoint_deliverable/data/CASIA-Iris-Interval/060/R/S1060R06.jpg,1060_R,1060,R,train,S1060R06,True,/Users/hrishi/Desktop/dev/Milestone1 BSAI/checkpoint_deliverable/data/casia_interval_strips/S1060R06.png,/Users/hrishi/Desktop/dev/Milestone1 BSAI/checkpoint_deliverable/data/casia_interval_strips_gt/S1060R06.png,True,True,,
/Users/hrishi/Desktop/dev/Milestone1 BSAI/checkpoint_deliverable/data/CASIA-Iris-Interval/060/R/S1060R07.jpg,1060_R,1060,R,train,S1060R07,True,/Users/hrishi/Desktop/dev/Milestone1 BSAI/checkpoint_deliverable/data/casia_interval_strips/S1060R07.png,/Users/hrishi/Desktop/dev/Milestone1 BSAI/checkpoint_deliverable/data/casia_interval_strips_gt/S1060R07.png,True,True,,
/Users/hrishi/Desktop/dev/Milestone1 BSAI/checkpoint_deliverable/data/CASIA-Iris-Interval/060/R/S1060R09.jpg,1060_R,1060,R,train,S1060R09,True,/Users/hrishi/Desktop/dev/Milestone1 BSAI/checkpoint_deliverable/data/casia_interval_strips/S1060R09.png,/Users/hrishi/Desktop/dev/Milestone1 BSAI/checkpoint_deliverable/data/casia_interval_strips_gt/S1060R09.png,True,True,,
/Users/hrishi/Desktop/dev/Milestone1 BSAI/checkpoint_deliverable/data/CASIA-Iris-Interval/060/R/S1060R08.jpg,1060_R,1060,R,train,S1060R08,True,/Users/hrishi/Desktop/dev/Milestone1 BSAI/checkpoint_deliverable/data/casia_interval_strips/S1060R08.png,/Users/hrishi/Desktop/dev/Milestone1 BSAI/checkpoint_deliverable/data/casia_interval_strips_gt/S1060R08.png,True,True,,
/Users/hrishi/Desktop/dev/Milestone1 BSAI/checkpoint_deliverable/data/CASIA-Iris-Interval/060/L/S1060L10.jpg,1060_L,1060,L,train,S1060L10,True,/Users/hrishi/Desktop/dev/Milestone1 BSAI/checkpoint_deliverable/data/casia_interval_strips/S1060L10.png,/Users/hrishi/Desktop/dev/Milestone1 BSAI/checkpoint_deliverable/data/casia_interval_strips_gt/S1060L10.png,True,True,,
/Users/hrishi/Desktop/dev/Milestone1 BSAI/checkpoint_deliverable/data/CASIA-Iris-Interval/060/L/S1060L04.jpg,1060_L,1060,L,train,S1060L04,True,/Users/hrishi/Desktop/dev/Milestone1 BSAI/checkpoint_deliverable/data/casia_interval_strips/S1060L04.png,/Users/hrishi/Desktop/dev/Milestone1 BSAI/checkpoint_deliverable/data/casia_interval_strips_gt/S1060L04.png,True,True,,
/Users/hrishi/Desktop/dev/Milestone1 BSAI/checkpoint_deliverable/data/CASIA-Iris-Interval/060/L/S1060L05.jpg,1060_L,1060,L,train,S1060L05,True,/Users/hrishi/Desktop/dev/Milestone1 BSAI/checkpoint_deliverable/data/casia_interval_strips/S1060L05.png,/Users/hrishi/Desktop/dev/Milestone1 BSAI/checkpoint_deliverable/data/casia_interval_strips_gt/S1060L05.png,True,True,,
/Users/hrishi/Desktop/dev/Milestone1 BSAI/checkpoint_deliverable/data/CASIA-Iris-Interval/060/L/S1060L07.jpg,1060_L,1060,L,train,S1060L07,True,/Users/hrishi/Desktop/dev/Milestone1 BSAI/checkpoint_deliverable/data/casia_interval_strips/S1060L07.png,/Users/hrishi/Desktop/dev/Milestone1 BSAI/checkpoint_deliverable/data/casia_interval_strips_gt/S1060L07.png,True,True,,
/Users/hrishi/Desktop/dev/Milestone1 BSAI/checkpoint_deliverable/data/CASIA-Iris-Interval/060/L/S1060L06.jpg,1060_L,1060,L,train,S1060L06,True,/Users/hrishi/Desktop/dev/Milestone1 BSAI/checkpoint_deliverable/data/casia_interval_strips/S1060L06.png,/Users/hrishi/Desktop/dev/Milestone1 BSAI/checkpoint_deliverable/data/casia_interval_strips_gt/S1060L06.png,True,True,,
/Users/hrishi/Desktop/dev/Milestone1 BSAI/checkpoint_deliverable/data/CASIA-Iris-Interval/060/L/S1060L02.jpg,1060_L,1060,L,train,S1060L02,True,/Users/hrishi/Desktop/dev/Milestone1 BSAI/checkpoint_deliverable/data/casia_interval_strips/S1060L02.png,/Users/hrishi/Desktop/dev/Milestone1 BSAI/checkpoint_deliverable/data/casia_interval_strips_gt/S1060L02.png,True,True,,
/Users/hrishi/Desktop/dev/Milestone1 BSAI/checkpoint_deliverable/data/CASIA-Iris-Interval/060/L/S1060L03.jpg,1060_L,1060,L,train,S1060L03,True,/Users/hrishi/Desktop/dev/Milestone1 BSAI/checkpoint_deliverable/data/casia_interval_strips/S1060L03.png,/Users/hrishi/Desktop/dev/Milestone1 BSAI/checkpoint_deliverable/data/casia_interval_strips_gt/S1060L03.png,True,True,,
/Users/hrishi/Desktop/dev/Milestone1 BSAI/checkpoint_deliverable/data/CASIA-Iris-Interval/060/L/S1060L01.jpg,1060_L,1060,L,train,S1060L01,True,/Users/hrishi/Desktop/dev/Milestone1 BSAI/checkpoint_deliverable/data/casia_interval_strips/S1060L01.png,/Users/hrishi/Desktop/dev/Milestone1 BSAI/checkpoint_deliverable/data/casia_interval_strips_gt/S1060L01.png,True,True,,
/Users/hrishi/Desktop/dev/Milestone1 BSAI/checkpoint_deliverable/data/CASIA-Iris-Interval/060/L/S1060L08.jpg,1060_L,1060,L,train,S1060L08,True,/Users/hrishi/Desktop/dev/Milestone1 BSAI/checkpoint_deliverable/data/casia_interval_strips/S1060L08.png,/Users/hrishi/Desktop/dev/Milestone1 BSAI/checkpoint_deliverable/data/casia_interval_strips_gt/S1060L08.png,True,True,,
/Users/hrishi/Desktop/dev/Milestone1 BSAI/checkpoint_deliverable/data/CASIA-Iris-Interval/060/L/S1060L09.jpg,1060_L,1060,L,train,S1060L09,True,/Users/hrishi/Desktop/dev/Milestone1 BSAI/checkpoint_deliverable/data/casia_interval_strips/S1060L09.png,/Users/hrishi/Desktop/dev/Milestone1 BSAI/checkpoint_deliverable/data/casia_interval_strips_gt/S1060L09.png,True,True,,
/Users/hrishi/Desktop/dev/Milestone1 BSAI/checkpoint_deliverable/data/CASIA-Iris-Interval/094/R/S1094R01.jpg,1094_R,1094,R,train,S1094R01,True,/Users/hrishi/Desktop/dev/Milestone1 BSAI/checkpoint_deliverable/data/casia_interval_strips/S1094R01.png,/Users/hrishi/Desktop/dev/Milestone1 BSAI/checkpoint_deliverable/data/casia_interval_strips_gt/S1094R01.png,True,True,,
/Users/hrishi/Desktop/dev/Milestone1 BSAI/checkpoint_deliverable/data/CASIA-Iris-Interval/094/R/S1094R03.jpg,1094_R,1094,R,train,S1094R03,True,/Users/hrishi/Desktop/dev/Milestone1 BSAI/checkpoint_deliverable/data/casia_interval_strips/S1094R03.png,/Users/hrishi/Desktop/dev/Milestone1 BSAI/checkpoint_deliverable/data/casia_interval_strips_gt/S1094R03.png,True,True,,
/Users/hrishi/Desktop/dev/Milestone1 BSAI/checkpoint_deliverable/data/CASIA-Iris-Interval/094/R/S1094R02.jpg,1094_R,1094,R,train,S1094R02,True,/Users/hrishi/Desktop/dev/Milestone1 BSAI/checkpoint_deliverable/data/casia_interval_strips/S1094R02.png,/Users/hrishi/Desktop/dev/Milestone1 BSAI/checkpoint_deliverable/data/casia_interval_strips_gt/S1094R02.png,True,True,,
/Users/hrishi/Desktop/dev/Milestone1 BSAI/checkpoint_deliverable/data/CASIA-Iris-Interval/094/R/S1094R06.jpg,1094_R,1094,R,train,S1094R06,True,/Users/hrishi/Desktop/dev/Milestone1 BSAI/checkpoint_deliverable/data/casia_interval_strips/S1094R06.png,/Users/hrishi/Desktop/dev/Milestone1 BSAI/checkpoint_deliverable/data/casia_interval_strips_gt/S1094R06.png,True,True,,
/Users/hrishi/Desktop/dev/Milestone1 BSAI/checkpoint_deliverable/data/CASIA-Iris-Interval/094/R/S1094R07.jpg,1094_R,1094,R,train,S1094R07,True,/Users/hrishi/Desktop/dev/Milestone1 BSAI/checkpoint_deliverable/data/casia_interval_strips/S1094R07.png,/Users/hrishi/Desktop/dev/Milestone1 BSAI/checkpoint_deliverable/data/casia_interval_strips_gt/S1094R07.png,True,True,,
/Users/hrishi/Desktop/dev/Milestone1 BSAI/checkpoint_deliverable/data/CASIA-Iris-Interval/094/R/S1094R05.jpg,1094_R,1094,R,train,S1094R05,True,/Users/hrishi/Desktop/dev/Milestone1 BSAI/checkpoint_deliverable/data/casia_interval_strips/S1094R05.png,/Users/hrishi/Desktop/dev/Milestone1 BSAI/checkpoint_deliverable/data/casia_interval_strips_gt/S1094R05.png,True,True,,
/Users/hrishi/Desktop/dev/Milestone1 BSAI/checkpoint_deliverable/data/CASIA-Iris-Interval/094/R/S1094R04.jpg,1094_R,1094,R,train,S1094R04,True,/Users/hrishi/Desktop/dev/Milestone1 BSAI/checkpoint_deliverable/data/casia_interval_strips/S1094R04.png,/Users/hrishi/Desktop/dev/Milestone1 BSAI/checkpoint_deliverable/data/casia_interval_strips_gt/S1094R04.png,True,True,,
/Users/hrishi/Desktop/dev/Milestone1 BSAI/checkpoint_deliverable/data/CASIA-Iris-Interval/094/L/S1094L07.jpg,1094_L,1094,L,train,S1094L07,True,/Users/hrishi/Desktop/dev/Milestone1 BSAI/checkpoint_deliverable/data/casia_interval_strips/S1094L07.png,/Users/hrishi/Desktop/dev/Milestone1 BSAI/checkpoint_deliverable/data/casia_interval_strips_gt/S1094L07.png,True,True,,
/Users/hrishi/Desktop/dev/Milestone1 BSAI/checkpoint_deliverable/data/CASIA-Iris-Interval/094/L/S1094L06.jpg,1094_L,1094,L,train,S1094L06,True,/Users/hrishi/Desktop/dev/Milestone1 BSAI/checkpoint_deliverable/data/casia_interval_strips/S1094L06.png,/Users/hrishi/Desktop/dev/Milestone1 BSAI/checkpoint_deliverable/data/casia_interval_strips_gt/S1094L06.png,True,True,,
/Users/hrishi/Desktop/dev/Milestone1 BSAI/checkpoint_deliverable/data/CASIA-Iris-Interval/094/L/S1094L04.jpg,1094_L,1094,L,train,S1094L04,True,/Users/hrishi/Desktop/dev/Milestone1 BSAI/checkpoint_deliverable/data/casia_interval_strips/S1094L04.png,/Users/hrishi/Desktop/dev/Milestone1 BSAI/checkpoint_deliverable/data/casia_interval_strips_gt/S1094L04.png,True,True,,
/Users/hrishi/Desktop/dev/Milestone1 BSAI/checkpoint_deliverable/data/CASIA-Iris-Interval/094/L/S1094L05.jpg,1094_L,1094,L,train,S1094L05,True,/Users/hrishi/Desktop/dev/Milestone1 BSAI/checkpoint_deliverable/data/casia_interval_strips/S1094L05.png,/Users/hrishi/Desktop/dev/Milestone1 BSAI/checkpoint_deliverable/data/casia_interval_strips_gt/S1094L05.png,True,True,,
/Users/hrishi/Desktop/dev/Milestone1 BSAI/checkpoint_deliverable/data/CASIA-Iris-Interval/094/L/S1094L01.jpg,1094_L,1094,L,train,S1094L01,True,/Users/hrishi/Desktop/dev/Milestone1 BSAI/checkpoint_deliverable/data/casia_interval_strips/S1094L01.png,/Users/hrishi/Desktop/dev/Milestone1 BSAI/checkpoint_deliverable/data/casia_interval_strips_gt/S1094L01.png,True,True,,
/Users/hrishi/Desktop/dev/Milestone1 BSAI/checkpoint_deliverable/data/CASIA-Iris-Interval/094/L/S1094L02.jpg,1094_L,1094,L,train,S1094L02,True,/Users/hrishi/Desktop/dev/Milestone1 BSAI/checkpoint_deliverable/data/casia_interval_strips/S1094L02.png,/Users/hrishi/Desktop/dev/Milestone1 BSAI/checkpoint_deliverable/data/casia_interval_strips_gt/S1094L02.png,True,True,,
/Users/hrishi/Desktop/dev/Milestone1 BSAI/checkpoint_deliverable/data/CASIA-Iris-Interval/094/L/S1094L03.jpg,1094_L,1094,L,train,S1094L03,True,/Users/hrishi/Desktop/dev/Milestone1 BSAI/checkpoint_deliverable/data/casia_interval_strips/S1094L03.png,/Users/hrishi/Desktop/dev/Milestone1 BSAI/checkpoint_deliverable/data/casia_interval_strips_gt/S1094L03.png,True,True,,
/Users/hrishi/Desktop/dev/Milestone1 BSAI/checkpoint_deliverable/data/CASIA-Iris-Interval/112/R/S1112R04.jpg,1112_R,1112,R,train,S1112R04,True,/Users/hrishi/Desktop/dev/Milestone1 BSAI/checkpoint_deliverable/data/casia_interval_strips/S1112R04.png,/Users/hrishi/Desktop/dev/Milestone1 BSAI/checkpoint_deliverable/data/casia_interval_strips_gt/S1112R04.png,True,True,,
/Users/hrishi/Desktop/dev/Milestone1 BSAI/checkpoint_deliverable/data/CASIA-Iris-Interval/112/R/S1112R05.jpg,1112_R,1112,R,train,S1112R05,True,/Users/hrishi/Desktop/dev/Milestone1 BSAI/checkpoint_deliverable/data/casia_interval_strips/S1112R05.png,/Users/hrishi/Desktop/dev/Milestone1 BSAI/checkpoint_deliverable/data/casia_interval_strips_gt/S1112R05.png,True,True,,
/Users/hrishi/Desktop/dev/Milestone1 BSAI/checkpoint_deliverable/data/CASIA-Iris-Interval/112/R/S1112R07.jpg,1112_R,1112,R,train,S1112R07,True,/Users/hrishi/Desktop/dev/Milestone1 BSAI/checkpoint_deliverable/data/casia_interval_strips/S1112R07.png,/Users/hrishi/Desktop/dev/Milestone1 BSAI/checkpoint_deliverable/data/casia_interval_strips_gt/S1112R07.png,True,True,,
/Users/hrishi/Desktop/dev/Milestone1 BSAI/checkpoint_deliverable/data/CASIA-Iris-Interval/112/R/S1112R06.jpg,1112_R,1112,R,train,S1112R06,True,/Users/hrishi/Desktop/dev/Milestone1 BSAI/checkpoint_deliverable/data/casia_interval_strips/S1112R06.png,/Users/hrishi/Desktop/dev/Milestone1 BSAI/checkpoint_deliverable/data/casia_interval_strips_gt/S1112R06.png,True,True,,
/Users/hrishi/Desktop/dev/Milestone1 BSAI/checkpoint_deliverable/data/CASIA-Iris-Interval/112/R/S1112R02.jpg,1112_R,1112,R,train,S1112R02,True,/Users/hrishi/Desktop/dev/Milestone1 BSAI/checkpoint_deliverable/data/casia_interval_strips/S1112R02.png,/Users/hrishi/Desktop/dev/Milestone1 BSAI/checkpoint_deliverable/data/casia_interval_strips_gt/S1112R02.png,True,True,,
/Users/hrishi/Desktop/dev/Milestone1 BSAI/checkpoint_deliverable/data/CASIA-Iris-Interval/112/R/S1112R03.jpg,1112_R,1112,R,train,S1112R03,True,/Users/hrishi/Desktop/dev/Milestone1 BSAI/checkpoint_deliverable/data/casia_interval_strips/S1112R03.png,/Users/hrishi/Desktop/dev/Milestone1 BSAI/checkpoint_deliverable/data/casia_interval_strips_gt/S1112R03.png,True,True,,
/Users/hrishi/Desktop/dev/Milestone1 BSAI/checkpoint_deliverable/data/CASIA-Iris-Interval/112/R/S1112R01.jpg,1112_R,1112,R,train,S1112R01,True,/Users/hrishi/Desktop/dev/Milestone1 BSAI/checkpoint_deliverable/data/casia_interval_strips/S1112R01.png,/Users/hrishi/Desktop/dev/Milestone1 BSAI/checkpoint_deliverable/data/casia_interval_strips_gt/S1112R01.png,True,True,,
/Users/hrishi/Desktop/dev/Milestone1 BSAI/checkpoint_deliverable/data/CASIA-Iris-Interval/112/L/S1112L03.jpg,1112_L,1112,L,train,S1112L03,True,/Users/hrishi/Desktop/dev/Milestone1 BSAI/checkpoint_deliverable/data/casia_interval_strips/S1112L03.png,/Users/hrishi/Desktop/dev/Milestone1 BSAI/checkpoint_deliverable/data/casia_interval_strips_gt/S1112L03.png,True,True,,
/Users/hrishi/Desktop/dev/Milestone1 BSAI/checkpoint_deliverable/data/CASIA-Iris-Interval/112/L/S1112L02.jpg,1112_L,1112,L,train,S1112L02,True,/Users/hrishi/Desktop/dev/Milestone1 BSAI/checkpoint_deliverable/data/casia_interval_strips/S1112L02.png,/Users/hrishi/Desktop/dev/Milestone1 BSAI/checkpoint_deliverable/data/casia_interval_strips_gt/S1112L02.png,True,True,,
/Users/hrishi/Desktop/dev/Milestone1 BSAI/checkpoint_deliverable/data/CASIA-Iris-Interval/112/L/S1112L01.jpg,1112_L,1112,L,train,S1112L01,True,/Users/hrishi/Desktop/dev/Milestone1 BSAI/checkpoint_deliverable/data/casia_interval_strips/S1112L01.png,/Users/hrishi/Desktop/dev/Milestone1 BSAI/checkpoint_deliverable/data/casia_interval_strips_gt/S1112L01.png,True,True,,
/Users/hrishi/Desktop/dev/Milestone1 BSAI/checkpoint_deliverable/data/CASIA-Iris-Interval/112/L/S1112L05.jpg,1112_L,1112,L,train,S1112L05,True,/Users/hrishi/Desktop/dev/Milestone1 BSAI/checkpoint_deliverable/data/casia_interval_strips/S1112L05.png,/Users/hrishi/Desktop/dev/Milestone1 BSAI/checkpoint_deliverable/data/casia_interval_strips_gt/S1112L05.png,True,True,,
/Users/hrishi/Desktop/dev/Milestone1 BSAI/checkpoint_deliverable/data/CASIA-Iris-Interval/112/L/S1112L04.jpg,1112_L,1112,L,train,S1112L04,True,/Users/hrishi/Desktop/dev/Milestone1 BSAI/checkpoint_deliverable/data/casia_interval_strips/S1112L04.png,/Users/hrishi/Desktop/dev/Milestone1 BSAI/checkpoint_deliverable/data/casia_interval_strips_gt/S1112L04.png,True,True,,
/Users/hrishi/Desktop/dev/Milestone1 BSAI/checkpoint_deliverable/data/CASIA-Iris-Interval/112/L/S1112L06.jpg,1112_L,1112,L,train,S1112L06,True,/Users/hrishi/Desktop/dev/Milestone1 BSAI/checkpoint_deliverable/data/casia_interval_strips/S1112L06.png,/Users/hrishi/Desktop/dev/Milestone1 BSAI/checkpoint_deliverable/data/casia_interval_strips_gt/S1112L06.png,True,True,,
/Users/hrishi/Desktop/dev/Milestone1 BSAI/checkpoint_deliverable/data/CASIA-Iris-Interval/112/L/S1112L07.jpg,1112_L,1112,L,train,S1112L07,True,/Users/hrishi/Desktop/dev/Milestone1 BSAI/checkpoint_deliverable/data/casia_interval_strips/S1112L07.png,/Users/hrishi/Desktop/dev/Milestone1 BSAI/checkpoint_deliverable/data/casia_interval_strips_gt/S1112L07.png,True,True,,
/Users/hrishi/Desktop/dev/Milestone1 BSAI/checkpoint_deliverable/data/CASIA-Iris-Interval/115/R/S1115R04.jpg,1115_R,1115,R,val,S1115R04,True,/Users/hrishi/Desktop/dev/Milestone1 BSAI/checkpoint_deliverable/data/casia_interval_strips/S1115R04.png,/Users/hrishi/Desktop/dev/Milestone1 BSAI/checkpoint_deliverable/data/casia_interval_strips_gt/S1115R04.png,True,True,,
/Users/hrishi/Desktop/dev/Milestone1 BSAI/checkpoint_deliverable/data/CASIA-Iris-Interval/115/R/S1115R10.jpg,1115_R,1115,R,val,S1115R10,True,/Users/hrishi/Desktop/dev/Milestone1 BSAI/checkpoint_deliverable/data/casia_interval_strips/S1115R10.png,/Users/hrishi/Desktop/dev/Milestone1 BSAI/checkpoint_deliverable/data/casia_interval_strips_gt/S1115R10.png,True,True,,
/Users/hrishi/Desktop/dev/Milestone1 BSAI/checkpoint_deliverable/data/CASIA-Iris-Interval/115/R/S1115R05.jpg,1115_R,1115,R,val,S1115R05,True,/Users/hrishi/Desktop/dev/Milestone1 BSAI/checkpoint_deliverable/data/casia_interval_strips/S1115R05.png,/Users/hrishi/Desktop/dev/Milestone1 BSAI/checkpoint_deliverable/data/casia_interval_strips_gt/S1115R05.png,True,True,,
/Users/hrishi/Desktop/dev/Milestone1 BSAI/checkpoint_deliverable/data/CASIA-Iris-Interval/115/R/S1115R07.jpg,1115_R,1115,R,val,S1115R07,True,/Users/hrishi/Desktop/dev/Milestone1 BSAI/checkpoint_deliverable/data/casia_interval_strips/S1115R07.png,/Users/hrishi/Desktop/dev/Milestone1 BSAI/checkpoint_deliverable/data/casia_interval_strips_gt/S1115R07.png,True,True,,
/Users/hrishi/Desktop/dev/Milestone1 BSAI/checkpoint_deliverable/data/CASIA-Iris-Interval/115/R/S1115R06.jpg,1115_R,1115,R,val,S1115R06,True,/Users/hrishi/Desktop/dev/Milestone1 BSAI/checkpoint_deliverable/data/casia_interval_strips/S1115R06.png,/Users/hrishi/Desktop/dev/Milestone1 BSAI/checkpoint_deliverable/data/casia_interval_strips_gt/S1115R06.png,True,True,,
/Users/hrishi/Desktop/dev/Milestone1 BSAI/checkpoint_deliverable/data/CASIA-Iris-Interval/115/R/S1115R02.jpg,1115_R,1115,R,val,S1115R02,True,/Users/hrishi/Desktop/dev/Milestone1 BSAI/checkpoint_deliverable/data/casia_interval_strips/S1115R02.png,/Users/hrishi/Desktop/dev/Milestone1 BSAI/checkpoint_deliverable/data/casia_interval_strips_gt/S1115R02.png,True,True,,
/Users/hrishi/Desktop/dev/Milestone1 BSAI/checkpoint_deliverable/data/CASIA-Iris-Interval/115/R/S1115R03.jpg,1115_R,1115,R,val,S1115R03,True,/Users/hrishi/Desktop/dev/Milestone1 BSAI/checkpoint_deliverable/data/casia_interval_strips/S1115R03.png,/Users/hrishi/Desktop/dev/Milestone1 BSAI/checkpoint_deliverable/data/casia_interval_strips_gt/S1115R03.png,True,True,,
/Users/hrishi/Desktop/dev/Milestone1 BSAI/checkpoint_deliverable/data/CASIA-Iris-Interval/115/R/S1115R01.jpg,1115_R,1115,R,val,S1115R01,True,/Users/hrishi/Desktop/dev/Milestone1 BSAI/checkpoint_deliverable/data/casia_interval_strips/S1115R01.png,/Users/hrishi/Desktop/dev/Milestone1 BSAI/checkpoint_deliverable/data/casia_interval_strips_gt/S1115R01.png,True,True,,
/Users/hrishi/Desktop/dev/Milestone1 BSAI/checkpoint_deliverable/data/CASIA-Iris-Interval/115/R/S1115R08.jpg,1115_R,1115,R,val,S1115R08,True,/Users/hrishi/Desktop/dev/Milestone1 BSAI/checkpoint_deliverable/data/casia_interval_strips/S1115R08.png,/Users/hrishi/Desktop/dev/Milestone1 BSAI/checkpoint_deliverable/data/casia_interval_strips_gt/S1115R08.png,True,True,,
/Users/hrishi/Desktop/dev/Milestone1 BSAI/checkpoint_deliverable/data/CASIA-Iris-Interval/115/R/S1115R09.jpg,1115_R,1115,R,val,S1115R09,True,/Users/hrishi/Desktop/dev/Milestone1 BSAI/checkpoint_deliverable/data/casia_interval_strips/S1115R09.png,/Users/hrishi/Desktop/dev/Milestone1 BSAI/checkpoint_deliverable/data/casia_interval_strips_gt/S1115R09.png,True,True,,
/Users/hrishi/Desktop/dev/Milestone1 BSAI/checkpoint_deliverable/data/CASIA-Iris-Interval/115/L/S1115L03.jpg,1115_L,1115,L,train,S1115L03,True,/Users/hrishi/Desktop/dev/Milestone1 BSAI/checkpoint_deliverable/data/casia_interval_strips/S1115L03.png,/Users/hrishi/Desktop/dev/Milestone1 BSAI/checkpoint_deliverable/data/casia_interval_strips_gt/S1115L03.png,True,True,,
/Users/hrishi/Desktop/dev/Milestone1 BSAI/checkpoint_deliverable/data/CASIA-Iris-Interval/115/L/S1115L02.jpg,1115_L,1115,L,train,S1115L02,True,/Users/hrishi/Desktop/dev/Milestone1 BSAI/checkpoint_deliverable/data/casia_interval_strips/S1115L02.png,/Users/hrishi/Desktop/dev/Milestone1 BSAI/checkpoint_deliverable/data/casia_interval_strips_gt/S1115L02.png,True,True,,
/Users/hrishi/Desktop/dev/Milestone1 BSAI/checkpoint_deliverable/data/CASIA-Iris-Interval/115/L/S1115L01.jpg,1115_L,1115,L,train,S1115L01,True,/Users/hrishi/Desktop/dev/Milestone1 BSAI/checkpoint_deliverable/data/casia_interval_strips/S1115L01.png,/Users/hrishi/Desktop/dev/Milestone1 BSAI/checkpoint_deliverable/data/casia_interval_strips_gt/S1115L01.png,True,True,,
/Users/hrishi/Desktop/dev/Milestone1 BSAI/checkpoint_deliverable/data/CASIA-Iris-Interval/115/L/S1115L05.jpg,1115_L,1115,L,train,S1115L05,True,/Users/hrishi/Desktop/dev/Milestone1 BSAI/checkpoint_deliverable/data/casia_interval_strips/S1115L05.png,/Users/hrishi/Desktop/dev/Milestone1 BSAI/checkpoint_deliverable/data/casia_interval_strips_gt/S1115L05.png,True,True,,
/Users/hrishi/Desktop/dev/Milestone1 BSAI/checkpoint_deliverable/data/CASIA-Iris-Interval/115/L/S1115L10.jpg,1115_L,1115,L,train,S1115L10,True,/Users/hrishi/Desktop/dev/Milestone1 BSAI/checkpoint_deliverable/data/casia_interval_strips/S1115L10.png,/Users/hrishi/Desktop/dev/Milestone1 BSAI/checkpoint_deliverable/data/casia_interval_strips_gt/S1115L10.png,True,True,,
/Users/hrishi/Desktop/dev/Milestone1 BSAI/checkpoint_deliverable/data/CASIA-Iris-Interval/115/L/S1115L04.jpg,1115_L,1115,L,train,S1115L04,True,/Users/hrishi/Desktop/dev/Milestone1 BSAI/checkpoint_deliverable/data/casia_interval_strips/S1115L04.png,/Users/hrishi/Desktop/dev/Milestone1 BSAI/checkpoint_deliverable/data/casia_interval_strips_gt/S1115L04.png,True,True,,
/Users/hrishi/Desktop/dev/Milestone1 BSAI/checkpoint_deliverable/data/CASIA-Iris-Interval/115/L/S1115L06.jpg,1115_L,1115,L,train,S1115L06,True,/Users/hrishi/Desktop/dev/Milestone1 BSAI/checkpoint_deliverable/data/casia_interval_strips/S1115L06.png,/Users/hrishi/Desktop/dev/Milestone1 BSAI/checkpoint_deliverable/data/casia_interval_strips_gt/S1115L06.png,True,True,,
/Users/hrishi/Desktop/dev/Milestone1 BSAI/checkpoint_deliverable/data/CASIA-Iris-Interval/115/L/S1115L07.jpg,1115_L,1115,L,train,S1115L07,True,/Users/hrishi/Desktop/dev/Milestone1 BSAI/checkpoint_deliverable/data/casia_interval_strips/S1115L07.png,/Users/hrishi/Desktop/dev/Milestone1 BSAI/checkpoint_deliverable/data/casia_interval_strips_gt/S1115L07.png,True,True,,
/Users/hrishi/Desktop/dev/Milestone1 BSAI/checkpoint_deliverable/data/CASIA-Iris-Interval/115/L/S1115L09.jpg,1115_L,1115,L,train,S1115L09,True,/Users/hrishi/Desktop/dev/Milestone1 BSAI/checkpoint_deliverable/data/casia_interval_strips/S1115L09.png,/Users/hrishi/Desktop/dev/Milestone1 BSAI/checkpoint_deliverable/data/casia_interval_strips_gt/S1115L09.png,True,True,,
/Users/hrishi/Desktop/dev/Milestone1 BSAI/checkpoint_deliverable/data/CASIA-Iris-Interval/115/L/S1115L08.jpg,1115_L,1115,L,train,S1115L08,True,/Users/hrishi/Desktop/dev/Milestone1 BSAI/checkpoint_deliverable/data/casia_interval_strips/S1115L08.png,/Users/hrishi/Desktop/dev/Milestone1 BSAI/checkpoint_deliverable/data/casia_interval_strips_gt/S1115L08.png,True,True,,
/Users/hrishi/Desktop/dev/Milestone1 BSAI/checkpoint_deliverable/data/CASIA-Iris-Interval/123/R/S1123R05.jpg,1123_R,1123,R,train,S1123R05,True,/Users/hrishi/Desktop/dev/Milestone1 BSAI/checkpoint_deliverable/data/casia_interval_strips/S1123R05.png,/Users/hrishi/Desktop/dev/Milestone1 BSAI/checkpoint_deliverable/data/casia_interval_strips_gt/S1123R05.png,True,True,,
/Users/hrishi/Desktop/dev/Milestone1 BSAI/checkpoint_deliverable/data/CASIA-Iris-Interval/123/R/S1123R04.jpg,1123_R,1123,R,train,S1123R04,True,/Users/hrishi/Desktop/dev/Milestone1 BSAI/checkpoint_deliverable/data/casia_interval_strips/S1123R04.png,/Users/hrishi/Desktop/dev/Milestone1 BSAI/checkpoint_deliverable/data/casia_interval_strips_gt/S1123R04.png,True,True,,
/Users/hrishi/Desktop/dev/Milestone1 BSAI/checkpoint_deliverable/data/CASIA-Iris-Interval/123/R/S1123R06.jpg,1123_R,1123,R,train,S1123R06,True,/Users/hrishi/Desktop/dev/Milestone1 BSAI/checkpoint_deliverable/data/casia_interval_strips/S1123R06.png,/Users/hrishi/Desktop/dev/Milestone1 BSAI/checkpoint_deliverable/data/casia_interval_strips_gt/S1123R06.png,True,True,,
/Users/hrishi/Desktop/dev/Milestone1 BSAI/checkpoint_deliverable/data/CASIA-Iris-Interval/123/R/S1123R07.jpg,1123_R,1123,R,train,S1123R07,True,/Users/hrishi/Desktop/dev/Milestone1 BSAI/checkpoint_deliverable/data/casia_interval_strips/S1123R07.png,/Users/hrishi/Desktop/dev/Milestone1 BSAI/checkpoint_deliverable/data/casia_interval_strips_gt/S1123R07.png,True,True,,
/Users/hrishi/Desktop/dev/Milestone1 BSAI/checkpoint_deliverable/data/CASIA-Iris-Interval/123/R/S1123R03.jpg,1123_R,1123,R,train,S1123R03,True,/Users/hrishi/Desktop/dev/Milestone1 BSAI/checkpoint_deliverable/data/casia_interval_strips/S1123R03.png,/Users/hrishi/Desktop/dev/Milestone1 BSAI/checkpoint_deliverable/data/casia_interval_strips_gt/S1123R03.png,True,True,,
/Users/hrishi/Desktop/dev/Milestone1 BSAI/checkpoint_deliverable/data/CASIA-Iris-Interval/123/R/S1123R02.jpg,1123_R,1123,R,train,S1123R02,True,/Users/hrishi/Desktop/dev/Milestone1 BSAI/checkpoint_deliverable/data/casia_interval_strips/S1123R02.png,/Users/hrishi/Desktop/dev/Milestone1 BSAI/checkpoint_deliverable/data/casia_interval_strips_gt/S1123R02.png,True,True,,
/Users/hrishi/Desktop/dev/Milestone1 BSAI/checkpoint_deliverable/data/CASIA-Iris-Interval/123/R/S1123R01.jpg,1123_R,1123,R,train,S1123R01,True,/Users/hrishi/Desktop/dev/Milestone1 BSAI/checkpoint_deliverable/data/casia_interval_strips/S1123R01.png,/Users/hrishi/Desktop/dev/Milestone1 BSAI/checkpoint_deliverable/data/casia_interval_strips_gt/S1123R01.png,True,True,,
/Users/hrishi/Desktop/dev/Milestone1 BSAI/checkpoint_deliverable/data/CASIA-Iris-Interval/123/L/S1123L02.jpg,1123_L,1123,L,train,S1123L02,True,/Users/hrishi/Desktop/dev/Milestone1 BSAI/checkpoint_deliverable/data/casia_interval_strips/S1123L02.png,/Users/hrishi/Desktop/dev/Milestone1 BSAI/checkpoint_deliverable/data/casia_interval_strips_gt/S1123L02.png,True,True,,
/Users/hrishi/Desktop/dev/Milestone1 BSAI/checkpoint_deliverable/data/CASIA-Iris-Interval/123/L/S1123L03.jpg,1123_L,1123,L,train,S1123L03,True,/Users/hrishi/Desktop/dev/Milestone1 BSAI/checkpoint_deliverable/data/casia_interval_strips/S1123L03.png,/Users/hrishi/Desktop/dev/Milestone1 BSAI/checkpoint_deliverable/data/casia_interval_strips_gt/S1123L03.png,True,True,,
/Users/hrishi/Desktop/dev/Milestone1 BSAI/checkpoint_deliverable/data/CASIA-Iris-Interval/123/L/S1123L01.jpg,1123_L,1123,L,train,S1123L01,True,/Users/hrishi/Desktop/dev/Milestone1 BSAI/checkpoint_deliverable/data/casia_interval_strips/S1123L01.png,/Users/hrishi/Desktop/dev/Milestone1 BSAI/checkpoint_deliverable/data/casia_interval_strips_gt/S1123L01.png,True,True,,
/Users/hrishi/Desktop/dev/Milestone1 BSAI/checkpoint_deliverable/data/CASIA-Iris-Interval/123/L/S1123L04.jpg,1123_L,1123,L,train,S1123L04,True,/Users/hrishi/Desktop/dev/Milestone1 BSAI/checkpoint_deliverable/data/casia_interval_strips/S1123L04.png,/Users/hrishi/Desktop/dev/Milestone1 BSAI/checkpoint_deliverable/data/casia_interval_strips_gt/S1123L04.png,True,True,,
/Users/hrishi/Desktop/dev/Milestone1 BSAI/checkpoint_deliverable/data/CASIA-Iris-Interval/123/L/S1123L05.jpg,1123_L,1123,L,train,S1123L05,True,/Users/hrishi/Desktop/dev/Milestone1 BSAI/checkpoint_deliverable/data/casia_interval_strips/S1123L05.png,/Users/hrishi/Desktop/dev/Milestone1 BSAI/checkpoint_deliverable/data/casia_interval_strips_gt/S1123L05.png,True,True,,
/Users/hrishi/Desktop/dev/Milestone1 BSAI/checkpoint_deliverable/data/CASIA-Iris-Interval/123/L/S1123L07.jpg,1123_L,1123,L,train,S1123L07,True,/Users/hrishi/Desktop/dev/Milestone1 BSAI/checkpoint_deliverable/data/casia_interval_strips/S1123L07.png,/Users/hrishi/Desktop/dev/Milestone1 BSAI/checkpoint_deliverable/data/casia_interval_strips_gt/S1123L07.png,True,True,,
/Users/hrishi/Desktop/dev/Milestone1 BSAI/checkpoint_deliverable/data/CASIA-Iris-Interval/123/L/S1123L06.jpg,1123_L,1123,L,train,S1123L06,True,/Users/hrishi/Desktop/dev/Milestone1 BSAI/checkpoint_deliverable/data/casia_interval_strips/S1123L06.png,/Users/hrishi/Desktop/dev/Milestone1 BSAI/checkpoint_deliverable/data/casia_interval_strips_gt/S1123L06.png,True,True,,
/Users/hrishi/Desktop/dev/Milestone1 BSAI/checkpoint_deliverable/data/CASIA-Iris-Interval/124/R/S1124R05.jpg,1124_R,1124,R,train,S1124R05,True,/Users/hrishi/Desktop/dev/Milestone1 BSAI/checkpoint_deliverable/data/casia_interval_strips/S1124R05.png,/Users/hrishi/Desktop/dev/Milestone1 BSAI/checkpoint_deliverable/data/casia_interval_strips_gt/S1124R05.png,True,True,,
/Users/hrishi/Desktop/dev/Milestone1 BSAI/checkpoint_deliverable/data/CASIA-Iris-Interval/124/R/S1124R04.jpg,1124_R,1124,R,train,S1124R04,True,/Users/hrishi/Desktop/dev/Milestone1 BSAI/checkpoint_deliverable/data/casia_interval_strips/S1124R04.png,/Users/hrishi/Desktop/dev/Milestone1 BSAI/checkpoint_deliverable/data/casia_interval_strips_gt/S1124R04.png,True,True,,
/Users/hrishi/Desktop/dev/Milestone1 BSAI/checkpoint_deliverable/data/CASIA-Iris-Interval/124/R/S1124R06.jpg,1124_R,1124,R,train,S1124R06,True,/Users/hrishi/Desktop/dev/Milestone1 BSAI/checkpoint_deliverable/data/casia_interval_strips/S1124R06.png,/Users/hrishi/Desktop/dev/Milestone1 BSAI/checkpoint_deliverable/data/casia_interval_strips_gt/S1124R06.png,True,True,,
/Users/hrishi/Desktop/dev/Milestone1 BSAI/checkpoint_deliverable/data/CASIA-Iris-Interval/124/R/S1124R07.jpg,1124_R,1124,R,train,S1124R07,True,/Users/hrishi/Desktop/dev/Milestone1 BSAI/checkpoint_deliverable/data/casia_interval_strips/S1124R07.png,/Users/hrishi/Desktop/dev/Milestone1 BSAI/checkpoint_deliverable/data/casia_interval_strips_gt/S1124R07.png,True,True,,
/Users/hrishi/Desktop/dev/Milestone1 BSAI/checkpoint_deliverable/data/CASIA-Iris-Interval/124/R/S1124R03.jpg,1124_R,1124,R,train,S1124R03,True,/Users/hrishi/Desktop/dev/Milestone1 BSAI/checkpoint_deliverable/data/casia_interval_strips/S1124R03.png,/Users/hrishi/Desktop/dev/Milestone1 BSAI/checkpoint_deliverable/data/casia_interval_strips_gt/S1124R03.png,True,True,,
/Users/hrishi/Desktop/dev/Milestone1 BSAI/checkpoint_deliverable/data/CASIA-Iris-Interval/124/R/S1124R02.jpg,1124_R,1124,R,train,S1124R02,True,/Users/hrishi/Desktop/dev/Milestone1 BSAI/checkpoint_deliverable/data/casia_interval_strips/S1124R02.png,/Users/hrishi/Desktop/dev/Milestone1 BSAI/checkpoint_deliverable/data/casia_interval_strips_gt/S1124R02.png,True,True,,
/Users/hrishi/Desktop/dev/Milestone1 BSAI/checkpoint_deliverable/data/CASIA-Iris-Interval/124/R/S1124R01.jpg,1124_R,1124,R,train,S1124R01,True,/Users/hrishi/Desktop/dev/Milestone1 BSAI/checkpoint_deliverable/data/casia_interval_strips/S1124R01.png,/Users/hrishi/Desktop/dev/Milestone1 BSAI/checkpoint_deliverable/data/casia_interval_strips_gt/S1124R01.png,True,True,,
/Users/hrishi/Desktop/dev/Milestone1 BSAI/checkpoint_deliverable/data/CASIA-Iris-Interval/124/L/S1124L02.jpg,1124_L,1124,L,train,S1124L02,True,/Users/hrishi/Desktop/dev/Milestone1 BSAI/checkpoint_deliverable/data/casia_interval_strips/S1124L02.png,/Users/hrishi/Desktop/dev/Milestone1 BSAI/checkpoint_deliverable/data/casia_interval_strips_gt/S1124L02.png,True,True,,
/Users/hrishi/Desktop/dev/Milestone1 BSAI/checkpoint_deliverable/data/CASIA-Iris-Interval/124/L/S1124L03.jpg,1124_L,1124,L,train,S1124L03,True,/Users/hrishi/Desktop/dev/Milestone1 BSAI/checkpoint_deliverable/data/casia_interval_strips/S1124L03.png,/Users/hrishi/Desktop/dev/Milestone1 BSAI/checkpoint_deliverable/data/casia_interval_strips_gt/S1124L03.png,True,True,,
/Users/hrishi/Desktop/dev/Milestone1 BSAI/checkpoint_deliverable/data/CASIA-Iris-Interval/124/L/S1124L01.jpg,1124_L,1124,L,train,S1124L01,True,/Users/hrishi/Desktop/dev/Milestone1 BSAI/checkpoint_deliverable/data/casia_interval_strips/S1124L01.png,/Users/hrishi/Desktop/dev/Milestone1 BSAI/checkpoint_deliverable/data/casia_interval_strips_gt/S1124L01.png,True,True,,
/Users/hrishi/Desktop/dev/Milestone1 BSAI/checkpoint_deliverable/data/CASIA-Iris-Interval/124/L/S1124L04.jpg,1124_L,1124,L,train,S1124L04,True,/Users/hrishi/Desktop/dev/Milestone1 BSAI/checkpoint_deliverable/data/casia_interval_strips/S1124L04.png,/Users/hrishi/Desktop/dev/Milestone1 BSAI/checkpoint_deliverable/data/casia_interval_strips_gt/S1124L04.png,True,True,,
/Users/hrishi/Desktop/dev/Milestone1 BSAI/checkpoint_deliverable/data/CASIA-Iris-Interval/124/L/S1124L05.jpg,1124_L,1124,L,train,S1124L05,True,/Users/hrishi/Desktop/dev/Milestone1 BSAI/checkpoint_deliverable/data/casia_interval_strips/S1124L05.png,/Users/hrishi/Desktop/dev/Milestone1 BSAI/checkpoint_deliverable/data/casia_interval_strips_gt/S1124L05.png,True,True,,
/Users/hrishi/Desktop/dev/Milestone1 BSAI/checkpoint_deliverable/data/CASIA-Iris-Interval/124/L/S1124L07.jpg,1124_L,1124,L,train,S1124L07,True,/Users/hrishi/Desktop/dev/Milestone1 BSAI/checkpoint_deliverable/data/casia_interval_strips/S1124L07.png,/Users/hrishi/Desktop/dev/Milestone1 BSAI/checkpoint_deliverable/data/casia_interval_strips_gt/S1124L07.png,True,True,,
/Users/hrishi/Desktop/dev/Milestone1 BSAI/checkpoint_deliverable/data/CASIA-Iris-Interval/124/L/S1124L06.jpg,1124_L,1124,L,train,S1124L06,True,/Users/hrishi/Desktop/dev/Milestone1 BSAI/checkpoint_deliverable/data/casia_interval_strips/S1124L06.png,/Users/hrishi/Desktop/dev/Milestone1 BSAI/checkpoint_deliverable/data/casia_interval_strips_gt/S1124L06.png,True,True,,
/Users/hrishi/Desktop/dev/Milestone1 BSAI/checkpoint_deliverable/data/CASIA-Iris-Interval/184/R/S1184R05.jpg,1184_R,1184,R,train,S1184R05,True,/Users/hrishi/Desktop/dev/Milestone1 BSAI/checkpoint_deliverable/data/casia_interval_strips/S1184R05.png,/Users/hrishi/Desktop/dev/Milestone1 BSAI/checkpoint_deliverable/data/casia_interval_strips_gt/S1184R05.png,True,True,,
/Users/hrishi/Desktop/dev/Milestone1 BSAI/checkpoint_deliverable/data/CASIA-Iris-Interval/184/R/S1184R04.jpg,1184_R,1184,R,train,S1184R04,True,/Users/hrishi/Desktop/dev/Milestone1 BSAI/checkpoint_deliverable/data/casia_interval_strips/S1184R04.png,/Users/hrishi/Desktop/dev/Milestone1 BSAI/checkpoint_deliverable/data/casia_interval_strips_gt/S1184R04.png,True,True,,
/Users/hrishi/Desktop/dev/Milestone1 BSAI/checkpoint_deliverable/data/CASIA-Iris-Interval/184/R/S1184R03.jpg,1184_R,1184,R,train,S1184R03,True,/Users/hrishi/Desktop/dev/Milestone1 BSAI/checkpoint_deliverable/data/casia_interval_strips/S1184R03.png,/Users/hrishi/Desktop/dev/Milestone1 BSAI/checkpoint_deliverable/data/casia_interval_strips_gt/S1184R03.png,True,True,,
/Users/hrishi/Desktop/dev/Milestone1 BSAI/checkpoint_deliverable/data/CASIA-Iris-Interval/184/R/S1184R02.jpg,1184_R,1184,R,train,S1184R02,True,/Users/hrishi/Desktop/dev/Milestone1 BSAI/checkpoint_deliverable/data/casia_interval_strips/S1184R02.png,/Users/hrishi/Desktop/dev/Milestone1 BSAI/checkpoint_deliverable/data/casia_interval_strips_gt/S1184R02.png,True,True,,
/Users/hrishi/Desktop/dev/Milestone1 BSAI/checkpoint_deliverable/data/CASIA-Iris-Interval/184/R/S1184R01.jpg,1184_R,1184,R,train,S1184R01,True,/Users/hrishi/Desktop/dev/Milestone1 BSAI/checkpoint_deliverable/data/casia_interval_strips/S1184R01.png,/Users/hrishi/Desktop/dev/Milestone1 BSAI/checkpoint_deliverable/data/casia_interval_strips_gt/S1184R01.png,True,True,,
/Users/hrishi/Desktop/dev/Milestone1 BSAI/checkpoint_deliverable/data/CASIA-Iris-Interval/170/R/S1170R06.jpg,1170_R,1170,R,train,S1170R06,True,/Users/hrishi/Desktop/dev/Milestone1 BSAI/checkpoint_deliverable/data/casia_interval_strips/S1170R06.png,/Users/hrishi/Desktop/dev/Milestone1 BSAI/checkpoint_deliverable/data/casia_interval_strips_gt/S1170R06.png,True,True,,
/Users/hrishi/Desktop/dev/Milestone1 BSAI/checkpoint_deliverable/data/CASIA-Iris-Interval/170/R/S1170R07.jpg,1170_R,1170,R,train,S1170R07,True,/Users/hrishi/Desktop/dev/Milestone1 BSAI/checkpoint_deliverable/data/casia_interval_strips/S1170R07.png,/Users/hrishi/Desktop/dev/Milestone1 BSAI/checkpoint_deliverable/data/casia_interval_strips_gt/S1170R07.png,True,True,,
/Users/hrishi/Desktop/dev/Milestone1 BSAI/checkpoint_deliverable/data/CASIA-Iris-Interval/170/R/S1170R05.jpg,1170_R,1170,R,train,S1170R05,True,/Users/hrishi/Desktop/dev/Milestone1 BSAI/checkpoint_deliverable/data/casia_interval_strips/S1170R05.png,/Users/hrishi/Desktop/dev/Milestone1 BSAI/checkpoint_deliverable/data/casia_interval_strips_gt/S1170R05.png,True,True,,
/Users/hrishi/Desktop/dev/Milestone1 BSAI/checkpoint_deliverable/data/CASIA-Iris-Interval/170/R/S1170R04.jpg,1170_R,1170,R,train,S1170R04,True,/Users/hrishi/Desktop/dev/Milestone1 BSAI/checkpoint_deliverable/data/casia_interval_strips/S1170R04.png,/Users/hrishi/Desktop/dev/Milestone1 BSAI/checkpoint_deliverable/data/casia_interval_strips_gt/S1170R04.png,True,True,,
/Users/hrishi/Desktop/dev/Milestone1 BSAI/checkpoint_deliverable/data/CASIA-Iris-Interval/170/R/S1170R01.jpg,1170_R,1170,R,train,S1170R01,True,/Users/hrishi/Desktop/dev/Milestone1 BSAI/checkpoint_deliverable/data/casia_interval_strips/S1170R01.png,/Users/hrishi/Desktop/dev/Milestone1 BSAI/checkpoint_deliverable/data/casia_interval_strips_gt/S1170R01.png,True,True,,
/Users/hrishi/Desktop/dev/Milestone1 BSAI/checkpoint_deliverable/data/CASIA-Iris-Interval/170/R/S1170R03.jpg,1170_R,1170,R,train,S1170R03,True,/Users/hrishi/Desktop/dev/Milestone1 BSAI/checkpoint_deliverable/data/casia_interval_strips/S1170R03.png,/Users/hrishi/Desktop/dev/Milestone1 BSAI/checkpoint_deliverable/data/casia_interval_strips_gt/S1170R03.png,True,True,,
/Users/hrishi/Desktop/dev/Milestone1 BSAI/checkpoint_deliverable/data/CASIA-Iris-Interval/170/R/S1170R02.jpg,1170_R,1170,R,train,S1170R02,True,/Users/hrishi/Desktop/dev/Milestone1 BSAI/checkpoint_deliverable/data/casia_interval_strips/S1170R02.png,/Users/hrishi/Desktop/dev/Milestone1 BSAI/checkpoint_deliverable/data/casia_interval_strips_gt/S1170R02.png,True,True,,
/Users/hrishi/Desktop/dev/Milestone1 BSAI/checkpoint_deliverable/data/CASIA-Iris-Interval/170/L/S1170L01.jpg,1170_L,1170,L,test,S1170L01,True,/Users/hrishi/Desktop/dev/Milestone1 BSAI/checkpoint_deliverable/data/casia_interval_strips/S1170L01.png,/Users/hrishi/Desktop/dev/Milestone1 BSAI/checkpoint_deliverable/data/casia_interval_strips_gt/S1170L01.png,True,True,,
/Users/hrishi/Desktop/dev/Milestone1 BSAI/checkpoint_deliverable/data/CASIA-Iris-Interval/170/L/S1170L02.jpg,1170_L,1170,L,test,S1170L02,True,/Users/hrishi/Desktop/dev/Milestone1 BSAI/checkpoint_deliverable/data/casia_interval_strips/S1170L02.png,/Users/hrishi/Desktop/dev/Milestone1 BSAI/checkpoint_deliverable/data/casia_interval_strips_gt/S1170L02.png,True,True,,
/Users/hrishi/Desktop/dev/Milestone1 BSAI/checkpoint_deliverable/data/CASIA-Iris-Interval/170/L/S1170L03.jpg,1170_L,1170,L,test,S1170L03,True,/Users/hrishi/Desktop/dev/Milestone1 BSAI/checkpoint_deliverable/data/casia_interval_strips/S1170L03.png,/Users/hrishi/Desktop/dev/Milestone1 BSAI/checkpoint_deliverable/data/casia_interval_strips_gt/S1170L03.png,True,True,,
/Users/hrishi/Desktop/dev/Milestone1 BSAI/checkpoint_deliverable/data/CASIA-Iris-Interval/170/L/S1170L07.jpg,1170_L,1170,L,test,S1170L07,True,/Users/hrishi/Desktop/dev/Milestone1 BSAI/checkpoint_deliverable/data/casia_interval_strips/S1170L07.png,/Users/hrishi/Desktop/dev/Milestone1 BSAI/checkpoint_deliverable/data/casia_interval_strips_gt/S1170L07.png,True,True,,
/Users/hrishi/Desktop/dev/Milestone1 BSAI/checkpoint_deliverable/data/CASIA-Iris-Interval/170/L/S1170L06.jpg,1170_L,1170,L,test,S1170L06,True,/Users/hrishi/Desktop/dev/Milestone1 BSAI/checkpoint_deliverable/data/casia_interval_strips/S1170L06.png,/Users/hrishi/Desktop/dev/Milestone1 BSAI/checkpoint_deliverable/data/casia_interval_strips_gt/S1170L06.png,True,True,,
/Users/hrishi/Desktop/dev/Milestone1 BSAI/checkpoint_deliverable/data/CASIA-Iris-Interval/170/L/S1170L04.jpg,1170_L,1170,L,test,S1170L04,True,/Users/hrishi/Desktop/dev/Milestone1 BSAI/checkpoint_deliverable/data/casia_interval_strips/S1170L04.png,/Users/hrishi/Desktop/dev/Milestone1 BSAI/checkpoint_deliverable/data/casia_interval_strips_gt/S1170L04.png,True,True,,
/Users/hrishi/Desktop/dev/Milestone1 BSAI/checkpoint_deliverable/data/CASIA-Iris-Interval/170/L/S1170L05.jpg,1170_L,1170,L,test,S1170L05,True,/Users/hrishi/Desktop/dev/Milestone1 BSAI/checkpoint_deliverable/data/casia_interval_strips/S1170L05.png,/Users/hrishi/Desktop/dev/Milestone1 BSAI/checkpoint_deliverable/data/casia_interval_strips_gt/S1170L05.png,True,True,,
/Users/hrishi/Desktop/dev/Milestone1 BSAI/checkpoint_deliverable/data/CASIA-Iris-Interval/170/L/S1170L08.jpg,1170_L,1170,L,test,S1170L08,True,/Users/hrishi/Desktop/dev/Milestone1 BSAI/checkpoint_deliverable/data/casia_interval_strips/S1170L08.png,/Users/hrishi/Desktop/dev/Milestone1 BSAI/checkpoint_deliverable/data/casia_interval_strips_gt/S1170L08.png,True,True,,
/Users/hrishi/Desktop/dev/Milestone1 BSAI/checkpoint_deliverable/data/CASIA-Iris-Interval/177/R/S1177R01.jpg,1177_R,1177,R,train,S1177R01,True,/Users/hrishi/Desktop/dev/Milestone1 BSAI/checkpoint_deliverable/data/casia_interval_strips/S1177R01.png,/Users/hrishi/Desktop/dev/Milestone1 BSAI/checkpoint_deliverable/data/casia_interval_strips_gt/S1177R01.png,True,True,,
/Users/hrishi/Desktop/dev/Milestone1 BSAI/checkpoint_deliverable/data/CASIA-Iris-Interval/177/R/S1177R03.jpg,1177_R,1177,R,train,S1177R03,True,/Users/hrishi/Desktop/dev/Milestone1 BSAI/checkpoint_deliverable/data/casia_interval_strips/S1177R03.png,/Users/hrishi/Desktop/dev/Milestone1 BSAI/checkpoint_deliverable/data/casia_interval_strips_gt/S1177R03.png,True,True,,
/Users/hrishi/Desktop/dev/Milestone1 BSAI/checkpoint_deliverable/data/CASIA-Iris-Interval/177/R/S1177R02.jpg,1177_R,1177,R,train,S1177R02,True,/Users/hrishi/Desktop/dev/Milestone1 BSAI/checkpoint_deliverable/data/casia_interval_strips/S1177R02.png,/Users/hrishi/Desktop/dev/Milestone1 BSAI/checkpoint_deliverable/data/casia_interval_strips_gt/S1177R02.png,True,True,,
/Users/hrishi/Desktop/dev/Milestone1 BSAI/checkpoint_deliverable/data/CASIA-Iris-Interval/183/R/S1183R05.jpg,1183_R,1183,R,train,S1183R05,True,/Users/hrishi/Desktop/dev/Milestone1 BSAI/checkpoint_deliverable/data/casia_interval_strips/S1183R05.png,/Users/hrishi/Desktop/dev/Milestone1 BSAI/checkpoint_deliverable/data/casia_interval_strips_gt/S1183R05.png,True,True,,
/Users/hrishi/Desktop/dev/Milestone1 BSAI/checkpoint_deliverable/data/CASIA-Iris-Interval/183/R/S1183R04.jpg,1183_R,1183,R,train,S1183R04,True,/Users/hrishi/Desktop/dev/Milestone1 BSAI/checkpoint_deliverable/data/casia_interval_strips/S1183R04.png,/Users/hrishi/Desktop/dev/Milestone1 BSAI/checkpoint_deliverable/data/casia_interval_strips_gt/S1183R04.png,True,True,,
/Users/hrishi/Desktop/dev/Milestone1 BSAI/checkpoint_deliverable/data/CASIA-Iris-Interval/183/R/S1183R06.jpg,1183_R,1183,R,train,S1183R06,True,/Users/hrishi/Desktop/dev/Milestone1 BSAI/checkpoint_deliverable/data/casia_interval_strips/S1183R06.png,/Users/hrishi/Desktop/dev/Milestone1 BSAI/checkpoint_deliverable/data/casia_interval_strips_gt/S1183R06.png,True,True,,
/Users/hrishi/Desktop/dev/Milestone1 BSAI/checkpoint_deliverable/data/CASIA-Iris-Interval/183/R/S1183R03.jpg,1183_R,1183,R,train,S1183R03,True,/Users/hrishi/Desktop/dev/Milestone1 BSAI/checkpoint_deliverable/data/casia_interval_strips/S1183R03.png,/Users/hrishi/Desktop/dev/Milestone1 BSAI/checkpoint_deliverable/data/casia_interval_strips_gt/S1183R03.png,True,True,,
/Users/hrishi/Desktop/dev/Milestone1 BSAI/checkpoint_deliverable/data/CASIA-Iris-Interval/183/R/S1183R02.jpg,1183_R,1183,R,train,S1183R02,True,/Users/hrishi/Desktop/dev/Milestone1 BSAI/checkpoint_deliverable/data/casia_interval_strips/S1183R02.png,/Users/hrishi/Desktop/dev/Milestone1 BSAI/checkpoint_deliverable/data/casia_interval_strips_gt/S1183R02.png,True,True,,
/Users/hrishi/Desktop/dev/Milestone1 BSAI/checkpoint_deliverable/data/CASIA-Iris-Interval/183/R/S1183R01.jpg,1183_R,1183,R,train,S1183R01,True,/Users/hrishi/Desktop/dev/Milestone1 BSAI/checkpoint_deliverable/data/casia_interval_strips/S1183R01.png,/Users/hrishi/Desktop/dev/Milestone1 BSAI/checkpoint_deliverable/data/casia_interval_strips_gt/S1183R01.png,True,True,,
/Users/hrishi/Desktop/dev/Milestone1 BSAI/checkpoint_deliverable/data/CASIA-Iris-Interval/183/L/S1183L01.jpg,1183_L,1183,L,train,S1183L01,True,/Users/hrishi/Desktop/dev/Milestone1 BSAI/checkpoint_deliverable/data/casia_interval_strips/S1183L01.png,/Users/hrishi/Desktop/dev/Milestone1 BSAI/checkpoint_deliverable/data/casia_interval_strips_gt/S1183L01.png,True,True,,
/Users/hrishi/Desktop/dev/Milestone1 BSAI/checkpoint_deliverable/data/CASIA-Iris-Interval/148/R/S1148R02.jpg,1148_R,1148,R,train,S1148R02,True,/Users/hrishi/Desktop/dev/Milestone1 BSAI/checkpoint_deliverable/data/casia_interval_strips/S1148R02.png,/Users/hrishi/Desktop/dev/Milestone1 BSAI/checkpoint_deliverable/data/casia_interval_strips_gt/S1148R02.png,True,True,,
/Users/hrishi/Desktop/dev/Milestone1 BSAI/checkpoint_deliverable/data/CASIA-Iris-Interval/148/R/S1148R03.jpg,1148_R,1148,R,train,S1148R03,True,/Users/hrishi/Desktop/dev/Milestone1 BSAI/checkpoint_deliverable/data/casia_interval_strips/S1148R03.png,/Users/hrishi/Desktop/dev/Milestone1 BSAI/checkpoint_deliverable/data/casia_interval_strips_gt/S1148R03.png,True,True,,
/Users/hrishi/Desktop/dev/Milestone1 BSAI/checkpoint_deliverable/data/CASIA-Iris-Interval/148/R/S1148R01.jpg,1148_R,1148,R,train,S1148R01,True,/Users/hrishi/Desktop/dev/Milestone1 BSAI/checkpoint_deliverable/data/casia_interval_strips/S1148R01.png,/Users/hrishi/Desktop/dev/Milestone1 BSAI/checkpoint_deliverable/data/casia_interval_strips_gt/S1148R01.png,True,True,,
/Users/hrishi/Desktop/dev/Milestone1 BSAI/checkpoint_deliverable/data/CASIA-Iris-Interval/148/R/S1148R04.jpg,1148_R,1148,R,train,S1148R04,True,/Users/hrishi/Desktop/dev/Milestone1 BSAI/checkpoint_deliverable/data/casia_interval_strips/S1148R04.png,/Users/hrishi/Desktop/dev/Milestone1 BSAI/checkpoint_deliverable/data/casia_interval_strips_gt/S1148R04.png,True,True,,
/Users/hrishi/Desktop/dev/Milestone1 BSAI/checkpoint_deliverable/data/CASIA-Iris-Interval/148/R/S1148R05.jpg,1148_R,1148,R,train,S1148R05,True,/Users/hrishi/Desktop/dev/Milestone1 BSAI/checkpoint_deliverable/data/casia_interval_strips/S1148R05.png,/Users/hrishi/Desktop/dev/Milestone1 BSAI/checkpoint_deliverable/data/casia_interval_strips_gt/S1148R05.png,True,True,,
/Users/hrishi/Desktop/dev/Milestone1 BSAI/checkpoint_deliverable/data/CASIA-Iris-Interval/148/R/S1148R07.jpg,1148_R,1148,R,train,S1148R07,True,/Users/hrishi/Desktop/dev/Milestone1 BSAI/checkpoint_deliverable/data/casia_interval_strips/S1148R07.png,/Users/hrishi/Desktop/dev/Milestone1 BSAI/checkpoint_deliverable/data/casia_interval_strips_gt/S1148R07.png,True,True,,
/Users/hrishi/Desktop/dev/Milestone1 BSAI/checkpoint_deliverable/data/CASIA-Iris-Interval/148/R/S1148R06.jpg,1148_R,1148,R,train,S1148R06,True,/Users/hrishi/Desktop/dev/Milestone1 BSAI/checkpoint_deliverable/data/casia_interval_strips/S1148R06.png,/Users/hrishi/Desktop/dev/Milestone1 BSAI/checkpoint_deliverable/data/casia_interval_strips_gt/S1148R06.png,True,True,,
/Users/hrishi/Desktop/dev/Milestone1 BSAI/checkpoint_deliverable/data/CASIA-Iris-Interval/148/L/S1148L05.jpg,1148_L,1148,L,train,S1148L05,True,/Users/hrishi/Desktop/dev/Milestone1 BSAI/checkpoint_deliverable/data/casia_interval_strips/S1148L05.png,/Users/hrishi/Desktop/dev/Milestone1 BSAI/checkpoint_deliverable/data/casia_interval_strips_gt/S1148L05.png,True,True,,
/Users/hrishi/Desktop/dev/Milestone1 BSAI/checkpoint_deliverable/data/CASIA-Iris-Interval/148/L/S1148L04.jpg,1148_L,1148,L,train,S1148L04,True,/Users/hrishi/Desktop/dev/Milestone1 BSAI/checkpoint_deliverable/data/casia_interval_strips/S1148L04.png,/Users/hrishi/Desktop/dev/Milestone1 BSAI/checkpoint_deliverable/data/casia_interval_strips_gt/S1148L04.png,True,True,,
/Users/hrishi/Desktop/dev/Milestone1 BSAI/checkpoint_deliverable/data/CASIA-Iris-Interval/148/L/S1148L06.jpg,1148_L,1148,L,train,S1148L06,True,/Users/hrishi/Desktop/dev/Milestone1 BSAI/checkpoint_deliverable/data/casia_interval_strips/S1148L06.png,/Users/hrishi/Desktop/dev/Milestone1 BSAI/checkpoint_deliverable/data/casia_interval_strips_gt/S1148L06.png,True,True,,
/Users/hrishi/Desktop/dev/Milestone1 BSAI/checkpoint_deliverable/data/CASIA-Iris-Interval/148/L/S1148L07.jpg,1148_L,1148,L,train,S1148L07,True,/Users/hrishi/Desktop/dev/Milestone1 BSAI/checkpoint_deliverable/data/casia_interval_strips/S1148L07.png,/Users/hrishi/Desktop/dev/Milestone1 BSAI/checkpoint_deliverable/data/casia_interval_strips_gt/S1148L07.png,True,True,,
/Users/hrishi/Desktop/dev/Milestone1 BSAI/checkpoint_deliverable/data/CASIA-Iris-Interval/148/L/S1148L03.jpg,1148_L,1148,L,train,S1148L03,True,/Users/hrishi/Desktop/dev/Milestone1 BSAI/checkpoint_deliverable/data/casia_interval_strips/S1148L03.png,/Users/hrishi/Desktop/dev/Milestone1 BSAI/checkpoint_deliverable/data/casia_interval_strips_gt/S1148L03.png,True,True,,
/Users/hrishi/Desktop/dev/Milestone1 BSAI/checkpoint_deliverable/data/CASIA-Iris-Interval/148/L/S1148L02.jpg,1148_L,1148,L,train,S1148L02,True,/Users/hrishi/Desktop/dev/Milestone1 BSAI/checkpoint_deliverable/data/casia_interval_strips/S1148L02.png,/Users/hrishi/Desktop/dev/Milestone1 BSAI/checkpoint_deliverable/data/casia_interval_strips_gt/S1148L02.png,True,True,,
/Users/hrishi/Desktop/dev/Milestone1 BSAI/checkpoint_deliverable/data/CASIA-Iris-Interval/148/L/S1148L01.jpg,1148_L,1148,L,train,S1148L01,True,/Users/hrishi/Desktop/dev/Milestone1 BSAI/checkpoint_deliverable/data/casia_interval_strips/S1148L01.png,/Users/hrishi/Desktop/dev/Milestone1 BSAI/checkpoint_deliverable/data/casia_interval_strips_gt/S1148L01.png,True,True,,
/Users/hrishi/Desktop/dev/Milestone1 BSAI/checkpoint_deliverable/data/CASIA-Iris-Interval/141/R/S1141R06.jpg,1141_R,1141,R,train,S1141R06,True,/Users/hrishi/Desktop/dev/Milestone1 BSAI/checkpoint_deliverable/data/casia_interval_strips/S1141R06.png,/Users/hrishi/Desktop/dev/Milestone1 BSAI/checkpoint_deliverable/data/casia_interval_strips_gt/S1141R06.png,True,True,,
/Users/hrishi/Desktop/dev/Milestone1 BSAI/checkpoint_deliverable/data/CASIA-Iris-Interval/141/R/S1141R04.jpg,1141_R,1141,R,train,S1141R04,True,/Users/hrishi/Desktop/dev/Milestone1 BSAI/checkpoint_deliverable/data/casia_interval_strips/S1141R04.png,/Users/hrishi/Desktop/dev/Milestone1 BSAI/checkpoint_deliverable/data/casia_interval_strips_gt/S1141R04.png,True,True,,
/Users/hrishi/Desktop/dev/Milestone1 BSAI/checkpoint_deliverable/data/CASIA-Iris-Interval/141/R/S1141R05.jpg,1141_R,1141,R,train,S1141R05,True,/Users/hrishi/Desktop/dev/Milestone1 BSAI/checkpoint_deliverable/data/casia_interval_strips/S1141R05.png,/Users/hrishi/Desktop/dev/Milestone1 BSAI/checkpoint_deliverable/data/casia_interval_strips_gt/S1141R05.png,True,True,,
/Users/hrishi/Desktop/dev/Milestone1 BSAI/checkpoint_deliverable/data/CASIA-Iris-Interval/141/R/S1141R01.jpg,1141_R,1141,R,train,S1141R01,True,/Users/hrishi/Desktop/dev/Milestone1 BSAI/checkpoint_deliverable/data/casia_interval_strips/S1141R01.png,/Users/hrishi/Desktop/dev/Milestone1 BSAI/checkpoint_deliverable/data/casia_interval_strips_gt/S1141R01.png,True,True,,
/Users/hrishi/Desktop/dev/Milestone1 BSAI/checkpoint_deliverable/data/CASIA-Iris-Interval/141/R/S1141R02.jpg,1141_R,1141,R,train,S1141R02,True,/Users/hrishi/Desktop/dev/Milestone1 BSAI/checkpoint_deliverable/data/casia_interval_strips/S1141R02.png,/Users/hrishi/Desktop/dev/Milestone1 BSAI/checkpoint_deliverable/data/casia_interval_strips_gt/S1141R02.png,True,True,,
/Users/hrishi/Desktop/dev/Milestone1 BSAI/checkpoint_deliverable/data/CASIA-Iris-Interval/141/R/S1141R03.jpg,1141_R,1141,R,train,S1141R03,True,/Users/hrishi/Desktop/dev/Milestone1 BSAI/checkpoint_deliverable/data/casia_interval_strips/S1141R03.png,/Users/hrishi/Desktop/dev/Milestone1 BSAI/checkpoint_deliverable/data/casia_interval_strips_gt/S1141R03.png,True,True,,
/Users/hrishi/Desktop/dev/Milestone1 BSAI/checkpoint_deliverable/data/CASIA-Iris-Interval/141/L/S1141L01.jpg,1141_L,1141,L,train,S1141L01,True,/Users/hrishi/Desktop/dev/Milestone1 BSAI/checkpoint_deliverable/data/casia_interval_strips/S1141L01.png,/Users/hrishi/Desktop/dev/Milestone1 BSAI/checkpoint_deliverable/data/casia_interval_strips_gt/S1141L01.png,True,True,,
/Users/hrishi/Desktop/dev/Milestone1 BSAI/checkpoint_deliverable/data/CASIA-Iris-Interval/141/L/S1141L03.jpg,1141_L,1141,L,train,S1141L03,True,/Users/hrishi/Desktop/dev/Milestone1 BSAI/checkpoint_deliverable/data/casia_interval_strips/S1141L03.png,/Users/hrishi/Desktop/dev/Milestone1 BSAI/checkpoint_deliverable/data/casia_interval_strips_gt/S1141L03.png,True,True,,
/Users/hrishi/Desktop/dev/Milestone1 BSAI/checkpoint_deliverable/data/CASIA-Iris-Interval/141/L/S1141L02.jpg,1141_L,1141,L,train,S1141L02,True,/Users/hrishi/Desktop/dev/Milestone1 BSAI/checkpoint_deliverable/data/casia_interval_strips/S1141L02.png,/Users/hrishi/Desktop/dev/Milestone1 BSAI/checkpoint_deliverable/data/casia_interval_strips_gt/S1141L02.png,True,True,,
/Users/hrishi/Desktop/dev/Milestone1 BSAI/checkpoint_deliverable/data/CASIA-Iris-Interval/141/L/S1141L06.jpg,1141_L,1141,L,train,S1141L06,True,/Users/hrishi/Desktop/dev/Milestone1 BSAI/checkpoint_deliverable/data/casia_interval_strips/S1141L06.png,/Users/hrishi/Desktop/dev/Milestone1 BSAI/checkpoint_deliverable/data/casia_interval_strips_gt/S1141L06.png,True,True,,
/Users/hrishi/Desktop/dev/Milestone1 BSAI/checkpoint_deliverable/data/CASIA-Iris-Interval/141/L/S1141L05.jpg,1141_L,1141,L,train,S1141L05,True,/Users/hrishi/Desktop/dev/Milestone1 BSAI/checkpoint_deliverable/data/casia_interval_strips/S1141L05.png,/Users/hrishi/Desktop/dev/Milestone1 BSAI/checkpoint_deliverable/data/casia_interval_strips_gt/S1141L05.png,True,True,,
/Users/hrishi/Desktop/dev/Milestone1 BSAI/checkpoint_deliverable/data/CASIA-Iris-Interval/141/L/S1141L04.jpg,1141_L,1141,L,train,S1141L04,True,/Users/hrishi/Desktop/dev/Milestone1 BSAI/checkpoint_deliverable/data/casia_interval_strips/S1141L04.png,/Users/hrishi/Desktop/dev/Milestone1 BSAI/checkpoint_deliverable/data/casia_interval_strips_gt/S1141L04.png,True,True,,
/Users/hrishi/Desktop/dev/Milestone1 BSAI/checkpoint_deliverable/data/CASIA-Iris-Interval/146/R/S1146R07.jpg,1146_R,1146,R,train,S1146R07,True,/Users/hrishi/Desktop/dev/Milestone1 BSAI/checkpoint_deliverable/data/casia_interval_strips/S1146R07.png,/Users/hrishi/Desktop/dev/Milestone1 BSAI/checkpoint_deliverable/data/casia_interval_strips_gt/S1146R07.png,True,True,,
/Users/hrishi/Desktop/dev/Milestone1 BSAI/checkpoint_deliverable/data/CASIA-Iris-Interval/146/R/S1146R06.jpg,1146_R,1146,R,train,S1146R06,True,/Users/hrishi/Desktop/dev/Milestone1 BSAI/checkpoint_deliverable/data/casia_interval_strips/S1146R06.png,/Users/hrishi/Desktop/dev/Milestone1 BSAI/checkpoint_deliverable/data/casia_interval_strips_gt/S1146R06.png,True,True,,
/Users/hrishi/Desktop/dev/Milestone1 BSAI/checkpoint_deliverable/data/CASIA-Iris-Interval/146/R/S1146R04.jpg,1146_R,1146,R,train,S1146R04,True,/Users/hrishi/Desktop/dev/Milestone1 BSAI/checkpoint_deliverable/data/casia_interval_strips/S1146R04.png,/Users/hrishi/Desktop/dev/Milestone1 BSAI/checkpoint_deliverable/data/casia_interval_strips_gt/S1146R04.png,True,True,,
/Users/hrishi/Desktop/dev/Milestone1 BSAI/checkpoint_deliverable/data/CASIA-Iris-Interval/146/R/S1146R05.jpg,1146_R,1146,R,train,S1146R05,True,/Users/hrishi/Desktop/dev/Milestone1 BSAI/checkpoint_deliverable/data/casia_interval_strips/S1146R05.png,/Users/hrishi/Desktop/dev/Milestone1 BSAI/checkpoint_deliverable/data/casia_interval_strips_gt/S1146R05.png,True,True,,
/Users/hrishi/Desktop/dev/Milestone1 BSAI/checkpoint_deliverable/data/CASIA-Iris-Interval/146/R/S1146R01.jpg,1146_R,1146,R,train,S1146R01,True,/Users/hrishi/Desktop/dev/Milestone1 BSAI/checkpoint_deliverable/data/casia_interval_strips/S1146R01.png,/Users/hrishi/Desktop/dev/Milestone1 BSAI/checkpoint_deliverable/data/casia_interval_strips_gt/S1146R01.png,True,True,,
/Users/hrishi/Desktop/dev/Milestone1 BSAI/checkpoint_deliverable/data/CASIA-Iris-Interval/146/R/S1146R02.jpg,1146_R,1146,R,train,S1146R02,True,/Users/hrishi/Desktop/dev/Milestone1 BSAI/checkpoint_deliverable/data/casia_interval_strips/S1146R02.png,/Users/hrishi/Desktop/dev/Milestone1 BSAI/checkpoint_deliverable/data/casia_interval_strips_gt/S1146R02.png,True,True,,
/Users/hrishi/Desktop/dev/Milestone1 BSAI/checkpoint_deliverable/data/CASIA-Iris-Interval/146/R/S1146R03.jpg,1146_R,1146,R,train,S1146R03,True,/Users/hrishi/Desktop/dev/Milestone1 BSAI/checkpoint_deliverable/data/casia_interval_strips/S1146R03.png,/Users/hrishi/Desktop/dev/Milestone1 BSAI/checkpoint_deliverable/data/casia_interval_strips_gt/S1146R03.png,True,True,,
/Users/hrishi/Desktop/dev/Milestone1 BSAI/checkpoint_deliverable/data/CASIA-Iris-Interval/146/L/S1146L01.jpg,1146_L,1146,L,train,S1146L01,True,/Users/hrishi/Desktop/dev/Milestone1 BSAI/checkpoint_deliverable/data/casia_interval_strips/S1146L01.png,/Users/hrishi/Desktop/dev/Milestone1 BSAI/checkpoint_deliverable/data/casia_interval_strips_gt/S1146L01.png,True,True,,
/Users/hrishi/Desktop/dev/Milestone1 BSAI/checkpoint_deliverable/data/CASIA-Iris-Interval/146/L/S1146L03.jpg,1146_L,1146,L,train,S1146L03,True,/Users/hrishi/Desktop/dev/Milestone1 BSAI/checkpoint_deliverable/data/casia_interval_strips/S1146L03.png,/Users/hrishi/Desktop/dev/Milestone1 BSAI/checkpoint_deliverable/data/casia_interval_strips_gt/S1146L03.png,True,True,,
/Users/hrishi/Desktop/dev/Milestone1 BSAI/checkpoint_deliverable/data/CASIA-Iris-Interval/146/L/S1146L02.jpg,1146_L,1146,L,train,S1146L02,True,/Users/hrishi/Desktop/dev/Milestone1 BSAI/checkpoint_deliverable/data/casia_interval_strips/S1146L02.png,/Users/hrishi/Desktop/dev/Milestone1 BSAI/checkpoint_deliverable/data/casia_interval_strips_gt/S1146L02.png,True,True,,
/Users/hrishi/Desktop/dev/Milestone1 BSAI/checkpoint_deliverable/data/CASIA-Iris-Interval/146/L/S1146L06.jpg,1146_L,1146,L,train,S1146L06,True,/Users/hrishi/Desktop/dev/Milestone1 BSAI/checkpoint_deliverable/data/casia_interval_strips/S1146L06.png,/Users/hrishi/Desktop/dev/Milestone1 BSAI/checkpoint_deliverable/data/casia_interval_strips_gt/S1146L06.png,True,True,,
/Users/hrishi/Desktop/dev/Milestone1 BSAI/checkpoint_deliverable/data/CASIA-Iris-Interval/146/L/S1146L07.jpg,1146_L,1146,L,train,S1146L07,True,/Users/hrishi/Desktop/dev/Milestone1 BSAI/checkpoint_deliverable/data/casia_interval_strips/S1146L07.png,/Users/hrishi/Desktop/dev/Milestone1 BSAI/checkpoint_deliverable/data/casia_interval_strips_gt/S1146L07.png,True,True,,
/Users/hrishi/Desktop/dev/Milestone1 BSAI/checkpoint_deliverable/data/CASIA-Iris-Interval/146/L/S1146L05.jpg,1146_L,1146,L,train,S1146L05,True,/Users/hrishi/Desktop/dev/Milestone1 BSAI/checkpoint_deliverable/data/casia_interval_strips/S1146L05.png,/Users/hrishi/Desktop/dev/Milestone1 BSAI/checkpoint_deliverable/data/casia_interval_strips_gt/S1146L05.png,True,True,,
/Users/hrishi/Desktop/dev/Milestone1 BSAI/checkpoint_deliverable/data/CASIA-Iris-Interval/146/L/S1146L04.jpg,1146_L,1146,L,train,S1146L04,True,/Users/hrishi/Desktop/dev/Milestone1 BSAI/checkpoint_deliverable/data/casia_interval_strips/S1146L04.png,/Users/hrishi/Desktop/dev/Milestone1 BSAI/checkpoint_deliverable/data/casia_interval_strips_gt/S1146L04.png,True,True,,
/Users/hrishi/Desktop/dev/Milestone1 BSAI/checkpoint_deliverable/data/CASIA-Iris-Interval/179/R/S1179R09.jpg,1179_R,1179,R,train,S1179R09,True,/Users/hrishi/Desktop/dev/Milestone1 BSAI/checkpoint_deliverable/data/casia_interval_strips/S1179R09.png,/Users/hrishi/Desktop/dev/Milestone1 BSAI/checkpoint_deliverable/data/casia_interval_strips_gt/S1179R09.png,True,True,,
/Users/hrishi/Desktop/dev/Milestone1 BSAI/checkpoint_deliverable/data/CASIA-Iris-Interval/179/R/S1179R08.jpg,1179_R,1179,R,train,S1179R08,True,/Users/hrishi/Desktop/dev/Milestone1 BSAI/checkpoint_deliverable/data/casia_interval_strips/S1179R08.png,/Users/hrishi/Desktop/dev/Milestone1 BSAI/checkpoint_deliverable/data/casia_interval_strips_gt/S1179R08.png,True,True,,
/Users/hrishi/Desktop/dev/Milestone1 BSAI/checkpoint_deliverable/data/CASIA-Iris-Interval/179/R/S1179R03.jpg,1179_R,1179,R,train,S1179R03,True,/Users/hrishi/Desktop/dev/Milestone1 BSAI/checkpoint_deliverable/data/casia_interval_strips/S1179R03.png,/Users/hrishi/Desktop/dev/Milestone1 BSAI/checkpoint_deliverable/data/casia_interval_strips_gt/S1179R03.png,True,True,,
/Users/hrishi/Desktop/dev/Milestone1 BSAI/checkpoint_deliverable/data/CASIA-Iris-Interval/179/R/S1179R02.jpg,1179_R,1179,R,train,S1179R02,True,/Users/hrishi/Desktop/dev/Milestone1 BSAI/checkpoint_deliverable/data/casia_interval_strips/S1179R02.png,/Users/hrishi/Desktop/dev/Milestone1 BSAI/checkpoint_deliverable/data/casia_interval_strips_gt/S1179R02.png,True,True,,
/Users/hrishi/Desktop/dev/Milestone1 BSAI/checkpoint_deliverable/data/CASIA-Iris-Interval/179/R/S1179R01.jpg,1179_R,1179,R,train,S1179R01,True,/Users/hrishi/Desktop/dev/Milestone1 BSAI/checkpoint_deliverable/data/casia_interval_strips/S1179R01.png,/Users/hrishi/Desktop/dev/Milestone1 BSAI/checkpoint_deliverable/data/casia_interval_strips_gt/S1179R01.png,True,True,,
/Users/hrishi/Desktop/dev/Milestone1 BSAI/checkpoint_deliverable/data/CASIA-Iris-Interval/179/R/S1179R05.jpg,1179_R,1179,R,train,S1179R05,True,/Users/hrishi/Desktop/dev/Milestone1 BSAI/checkpoint_deliverable/data/casia_interval_strips/S1179R05.png,/Users/hrishi/Desktop/dev/Milestone1 BSAI/checkpoint_deliverable/data/casia_interval_strips_gt/S1179R05.png,True,True,,
/Users/hrishi/Desktop/dev/Milestone1 BSAI/checkpoint_deliverable/data/CASIA-Iris-Interval/179/R/S1179R04.jpg,1179_R,1179,R,train,S1179R04,True,/Users/hrishi/Desktop/dev/Milestone1 BSAI/checkpoint_deliverable/data/casia_interval_strips/S1179R04.png,/Users/hrishi/Desktop/dev/Milestone1 BSAI/checkpoint_deliverable/data/casia_interval_strips_gt/S1179R04.png,True,True,,
/Users/hrishi/Desktop/dev/Milestone1 BSAI/checkpoint_deliverable/data/CASIA-Iris-Interval/179/R/S1179R10.jpg,1179_R,1179,R,train,S1179R10,True,/Users/hrishi/Desktop/dev/Milestone1 BSAI/checkpoint_deliverable/data/casia_interval_strips/S1179R10.png,/Users/hrishi/Desktop/dev/Milestone1 BSAI/checkpoint_deliverable/data/casia_interval_strips_gt/S1179R10.png,True,True,,
/Users/hrishi/Desktop/dev/Milestone1 BSAI/checkpoint_deliverable/data/CASIA-Iris-Interval/179/R/S1179R06.jpg,1179_R,1179,R,train,S1179R06,True,/Users/hrishi/Desktop/dev/Milestone1 BSAI/checkpoint_deliverable/data/casia_interval_strips/S1179R06.png,/Users/hrishi/Desktop/dev/Milestone1 BSAI/checkpoint_deliverable/data/casia_interval_strips_gt/S1179R06.png,True,True,,
/Users/hrishi/Desktop/dev/Milestone1 BSAI/checkpoint_deliverable/data/CASIA-Iris-Interval/179/R/S1179R07.jpg,1179_R,1179,R,train,S1179R07,True,/Users/hrishi/Desktop/dev/Milestone1 BSAI/checkpoint_deliverable/data/casia_interval_strips/S1179R07.png,/Users/hrishi/Desktop/dev/Milestone1 BSAI/checkpoint_deliverable/data/casia_interval_strips_gt/S1179R07.png,True,True,,
/Users/hrishi/Desktop/dev/Milestone1 BSAI/checkpoint_deliverable/data/CASIA-Iris-Interval/179/L/S1179L08.jpg,1179_L,1179,L,train,S1179L08,True,/Users/hrishi/Desktop/dev/Milestone1 BSAI/checkpoint_deliverable/data/casia_interval_strips/S1179L08.png,/Users/hrishi/Desktop/dev/Milestone1 BSAI/checkpoint_deliverable/data/casia_interval_strips_gt/S1179L08.png,True,True,,
/Users/hrishi/Desktop/dev/Milestone1 BSAI/checkpoint_deliverable/data/CASIA-Iris-Interval/179/L/S1179L09.jpg,1179_L,1179,L,train,S1179L09,True,/Users/hrishi/Desktop/dev/Milestone1 BSAI/checkpoint_deliverable/data/casia_interval_strips/S1179L09.png,/Users/hrishi/Desktop/dev/Milestone1 BSAI/checkpoint_deliverable/data/casia_interval_strips_gt/S1179L09.png,True,True,,
/Users/hrishi/Desktop/dev/Milestone1 BSAI/checkpoint_deliverable/data/CASIA-Iris-Interval/179/L/S1179L10.jpg,1179_L,1179,L,train,S1179L10,True,/Users/hrishi/Desktop/dev/Milestone1 BSAI/checkpoint_deliverable/data/casia_interval_strips/S1179L10.png,/Users/hrishi/Desktop/dev/Milestone1 BSAI/checkpoint_deliverable/data/casia_interval_strips_gt/S1179L10.png,True,True,,
/Users/hrishi/Desktop/dev/Milestone1 BSAI/checkpoint_deliverable/data/CASIA-Iris-Interval/179/L/S1179L04.jpg,1179_L,1179,L,train,S1179L04,True,/Users/hrishi/Desktop/dev/Milestone1 BSAI/checkpoint_deliverable/data/casia_interval_strips/S1179L04.png,/Users/hrishi/Desktop/dev/Milestone1 BSAI/checkpoint_deliverable/data/casia_interval_strips_gt/S1179L04.png,True,True,,
/Users/hrishi/Desktop/dev/Milestone1 BSAI/checkpoint_deliverable/data/CASIA-Iris-Interval/179/L/S1179L05.jpg,1179_L,1179,L,train,S1179L05,True,/Users/hrishi/Desktop/dev/Milestone1 BSAI/checkpoint_deliverable/data/casia_interval_strips/S1179L05.png,/Users/hrishi/Desktop/dev/Milestone1 BSAI/checkpoint_deliverable/data/casia_interval_strips_gt/S1179L05.png,True,True,,
/Users/hrishi/Desktop/dev/Milestone1 BSAI/checkpoint_deliverable/data/CASIA-Iris-Interval/179/L/S1179L07.jpg,1179_L,1179,L,train,S1179L07,True,/Users/hrishi/Desktop/dev/Milestone1 BSAI/checkpoint_deliverable/data/casia_interval_strips/S1179L07.png,/Users/hrishi/Desktop/dev/Milestone1 BSAI/checkpoint_deliverable/data/casia_interval_strips_gt/S1179L07.png,True,True,,
/Users/hrishi/Desktop/dev/Milestone1 BSAI/checkpoint_deliverable/data/CASIA-Iris-Interval/179/L/S1179L06.jpg,1179_L,1179,L,train,S1179L06,True,/Users/hrishi/Desktop/dev/Milestone1 BSAI/checkpoint_deliverable/data/casia_interval_strips/S1179L06.png,/Users/hrishi/Desktop/dev/Milestone1 BSAI/checkpoint_deliverable/data/casia_interval_strips_gt/S1179L06.png,True,True,,
/Users/hrishi/Desktop/dev/Milestone1 BSAI/checkpoint_deliverable/data/CASIA-Iris-Interval/179/L/S1179L02.jpg,1179_L,1179,L,train,S1179L02,True,/Users/hrishi/Desktop/dev/Milestone1 BSAI/checkpoint_deliverable/data/casia_interval_strips/S1179L02.png,/Users/hrishi/Desktop/dev/Milestone1 BSAI/checkpoint_deliverable/data/casia_interval_strips_gt/S1179L02.png,True,True,,
/Users/hrishi/Desktop/dev/Milestone1 BSAI/checkpoint_deliverable/data/CASIA-Iris-Interval/179/L/S1179L03.jpg,1179_L,1179,L,train,S1179L03,True,/Users/hrishi/Desktop/dev/Milestone1 BSAI/checkpoint_deliverable/data/casia_interval_strips/S1179L03.png,/Users/hrishi/Desktop/dev/Milestone1 BSAI/checkpoint_deliverable/data/casia_interval_strips_gt/S1179L03.png,True,True,,
/Users/hrishi/Desktop/dev/Milestone1 BSAI/checkpoint_deliverable/data/CASIA-Iris-Interval/179/L/S1179L01.jpg,1179_L,1179,L,train,S1179L01,True,/Users/hrishi/Desktop/dev/Milestone1 BSAI/checkpoint_deliverable/data/casia_interval_strips/S1179L01.png,/Users/hrishi/Desktop/dev/Milestone1 BSAI/checkpoint_deliverable/data/casia_interval_strips_gt/S1179L01.png,True,True,,
/Users/hrishi/Desktop/dev/Milestone1 BSAI/checkpoint_deliverable/data/CASIA-Iris-Interval/125/R/S1125R07.jpg,1125_R,1125,R,train,S1125R07,True,/Users/hrishi/Desktop/dev/Milestone1 BSAI/checkpoint_deliverable/data/casia_interval_strips/S1125R07.png,/Users/hrishi/Desktop/dev/Milestone1 BSAI/checkpoint_deliverable/data/casia_interval_strips_gt/S1125R07.png,True,True,,
/Users/hrishi/Desktop/dev/Milestone1 BSAI/checkpoint_deliverable/data/CASIA-Iris-Interval/125/R/S1125R06.jpg,1125_R,1125,R,train,S1125R06,True,/Users/hrishi/Desktop/dev/Milestone1 BSAI/checkpoint_deliverable/data/casia_interval_strips/S1125R06.png,/Users/hrishi/Desktop/dev/Milestone1 BSAI/checkpoint_deliverable/data/casia_interval_strips_gt/S1125R06.png,True,True,,
/Users/hrishi/Desktop/dev/Milestone1 BSAI/checkpoint_deliverable/data/CASIA-Iris-Interval/125/R/S1125R04.jpg,1125_R,1125,R,train,S1125R04,True,/Users/hrishi/Desktop/dev/Milestone1 BSAI/checkpoint_deliverable/data/casia_interval_strips/S1125R04.png,/Users/hrishi/Desktop/dev/Milestone1 BSAI/checkpoint_deliverable/data/casia_interval_strips_gt/S1125R04.png,True,True,,
/Users/hrishi/Desktop/dev/Milestone1 BSAI/checkpoint_deliverable/data/CASIA-Iris-Interval/125/R/S1125R10.jpg,1125_R,1125,R,train,S1125R10,True,/Users/hrishi/Desktop/dev/Milestone1 BSAI/checkpoint_deliverable/data/casia_interval_strips/S1125R10.png,/Users/hrishi/Desktop/dev/Milestone1 BSAI/checkpoint_deliverable/data/casia_interval_strips_gt/S1125R10.png,True,True,,
/Users/hrishi/Desktop/dev/Milestone1 BSAI/checkpoint_deliverable/data/CASIA-Iris-Interval/125/R/S1125R05.jpg,1125_R,1125,R,train,S1125R05,True,/Users/hrishi/Desktop/dev/Milestone1 BSAI/checkpoint_deliverable/data/casia_interval_strips/S1125R05.png,/Users/hrishi/Desktop/dev/Milestone1 BSAI/checkpoint_deliverable/data/casia_interval_strips_gt/S1125R05.png,True,True,,
/Users/hrishi/Desktop/dev/Milestone1 BSAI/checkpoint_deliverable/data/CASIA-Iris-Interval/125/R/S1125R01.jpg,1125_R,1125,R,train,S1125R01,True,/Users/hrishi/Desktop/dev/Milestone1 BSAI/checkpoint_deliverable/data/casia_interval_strips/S1125R01.png,/Users/hrishi/Desktop/dev/Milestone1 BSAI/checkpoint_deliverable/data/casia_interval_strips_gt/S1125R01.png,True,True,,
/Users/hrishi/Desktop/dev/Milestone1 BSAI/checkpoint_deliverable/data/CASIA-Iris-Interval/125/R/S1125R02.jpg,1125_R,1125,R,train,S1125R02,True,/Users/hrishi/Desktop/dev/Milestone1 BSAI/checkpoint_deliverable/data/casia_interval_strips/S1125R02.png,/Users/hrishi/Desktop/dev/Milestone1 BSAI/checkpoint_deliverable/data/casia_interval_strips_gt/S1125R02.png,True,True,,
/Users/hrishi/Desktop/dev/Milestone1 BSAI/checkpoint_deliverable/data/CASIA-Iris-Interval/125/R/S1125R03.jpg,1125_R,1125,R,train,S1125R03,True,/Users/hrishi/Desktop/dev/Milestone1 BSAI/checkpoint_deliverable/data/casia_interval_strips/S1125R03.png,/Users/hrishi/Desktop/dev/Milestone1 BSAI/checkpoint_deliverable/data/casia_interval_strips_gt/S1125R03.png,True,True,,
/Users/hrishi/Desktop/dev/Milestone1 BSAI/checkpoint_deliverable/data/CASIA-Iris-Interval/125/R/S1125R08.jpg,1125_R,1125,R,train,S1125R08,True,/Users/hrishi/Desktop/dev/Milestone1 BSAI/checkpoint_deliverable/data/casia_interval_strips/S1125R08.png,/Users/hrishi/Desktop/dev/Milestone1 BSAI/checkpoint_deliverable/data/casia_interval_strips_gt/S1125R08.png,True,True,,
/Users/hrishi/Desktop/dev/Milestone1 BSAI/checkpoint_deliverable/data/CASIA-Iris-Interval/125/R/S1125R09.jpg,1125_R,1125,R,train,S1125R09,True,/Users/hrishi/Desktop/dev/Milestone1 BSAI/checkpoint_deliverable/data/casia_interval_strips/S1125R09.png,/Users/hrishi/Desktop/dev/Milestone1 BSAI/checkpoint_deliverable/data/casia_interval_strips_gt/S1125R09.png,True,True,,
/Users/hrishi/Desktop/dev/Milestone1 BSAI/checkpoint_deliverable/data/CASIA-Iris-Interval/125/L/S1125L01.jpg,1125_L,1125,L,val,S1125L01,True,/Users/hrishi/Desktop/dev/Milestone1 BSAI/checkpoint_deliverable/data/casia_interval_strips/S1125L01.png,/Users/hrishi/Desktop/dev/Milestone1 BSAI/checkpoint_deliverable/data/casia_interval_strips_gt/S1125L01.png,True,True,,
/Users/hrishi/Desktop/dev/Milestone1 BSAI/checkpoint_deliverable/data/CASIA-Iris-Interval/125/L/S1125L03.jpg,1125_L,1125,L,val,S1125L03,True,/Users/hrishi/Desktop/dev/Milestone1 BSAI/checkpoint_deliverable/data/casia_interval_strips/S1125L03.png,/Users/hrishi/Desktop/dev/Milestone1 BSAI/checkpoint_deliverable/data/casia_interval_strips_gt/S1125L03.png,True,True,,
/Users/hrishi/Desktop/dev/Milestone1 BSAI/checkpoint_deliverable/data/CASIA-Iris-Interval/125/L/S1125L02.jpg,1125_L,1125,L,val,S1125L02,True,/Users/hrishi/Desktop/dev/Milestone1 BSAI/checkpoint_deliverable/data/casia_interval_strips/S1125L02.png,/Users/hrishi/Desktop/dev/Milestone1 BSAI/checkpoint_deliverable/data/casia_interval_strips_gt/S1125L02.png,True,True,,
/Users/hrishi/Desktop/dev/Milestone1 BSAI/checkpoint_deliverable/data/CASIA-Iris-Interval/125/L/S1125L06.jpg,1125_L,1125,L,val,S1125L06,True,/Users/hrishi/Desktop/dev/Milestone1 BSAI/checkpoint_deliverable/data/casia_interval_strips/S1125L06.png,/Users/hrishi/Desktop/dev/Milestone1 BSAI/checkpoint_deliverable/data/casia_interval_strips_gt/S1125L06.png,True,True,,
/Users/hrishi/Desktop/dev/Milestone1 BSAI/checkpoint_deliverable/data/CASIA-Iris-Interval/125/L/S1125L07.jpg,1125_L,1125,L,val,S1125L07,True,/Users/hrishi/Desktop/dev/Milestone1 BSAI/checkpoint_deliverable/data/casia_interval_strips/S1125L07.png,/Users/hrishi/Desktop/dev/Milestone1 BSAI/checkpoint_deliverable/data/casia_interval_strips_gt/S1125L07.png,True,True,,
/Users/hrishi/Desktop/dev/Milestone1 BSAI/checkpoint_deliverable/data/CASIA-Iris-Interval/125/L/S1125L05.jpg,1125_L,1125,L,val,S1125L05,True,/Users/hrishi/Desktop/dev/Milestone1 BSAI/checkpoint_deliverable/data/casia_interval_strips/S1125L05.png,/Users/hrishi/Desktop/dev/Milestone1 BSAI/checkpoint_deliverable/data/casia_interval_strips_gt/S1125L05.png,True,True,,
/Users/hrishi/Desktop/dev/Milestone1 BSAI/checkpoint_deliverable/data/CASIA-Iris-Interval/125/L/S1125L10.jpg,1125_L,1125,L,val,S1125L10,True,/Users/hrishi/Desktop/dev/Milestone1 BSAI/checkpoint_deliverable/data/casia_interval_strips/S1125L10.png,/Users/hrishi/Desktop/dev/Milestone1 BSAI/checkpoint_deliverable/data/casia_interval_strips_gt/S1125L10.png,True,True,,
/Users/hrishi/Desktop/dev/Milestone1 BSAI/checkpoint_deliverable/data/CASIA-Iris-Interval/125/L/S1125L04.jpg,1125_L,1125,L,val,S1125L04,True,/Users/hrishi/Desktop/dev/Milestone1 BSAI/checkpoint_deliverable/data/casia_interval_strips/S1125L04.png,/Users/hrishi/Desktop/dev/Milestone1 BSAI/checkpoint_deliverable/data/casia_interval_strips_gt/S1125L04.png,True,True,,
/Users/hrishi/Desktop/dev/Milestone1 BSAI/checkpoint_deliverable/data/CASIA-Iris-Interval/125/L/S1125L09.jpg,1125_L,1125,L,val,S1125L09,True,/Users/hrishi/Desktop/dev/Milestone1 BSAI/checkpoint_deliverable/data/casia_interval_strips/S1125L09.png,/Users/hrishi/Desktop/dev/Milestone1 BSAI/checkpoint_deliverable/data/casia_interval_strips_gt/S1125L09.png,True,True,,
/Users/hrishi/Desktop/dev/Milestone1 BSAI/checkpoint_deliverable/data/CASIA-Iris-Interval/125/L/S1125L08.jpg,1125_L,1125,L,val,S1125L08,True,/Users/hrishi/Desktop/dev/Milestone1 BSAI/checkpoint_deliverable/data/casia_interval_strips/S1125L08.png,/Users/hrishi/Desktop/dev/Milestone1 BSAI/checkpoint_deliverable/data/casia_interval_strips_gt/S1125L08.png,True,True,,
/Users/hrishi/Desktop/dev/Milestone1 BSAI/checkpoint_deliverable/data/CASIA-Iris-Interval/122/R/S1122R07.jpg,1122_R,1122,R,train,S1122R07,True,/Users/hrishi/Desktop/dev/Milestone1 BSAI/checkpoint_deliverable/data/casia_interval_strips/S1122R07.png,/Users/hrishi/Desktop/dev/Milestone1 BSAI/checkpoint_deliverable/data/casia_interval_strips_gt/S1122R07.png,True,True,,
/Users/hrishi/Desktop/dev/Milestone1 BSAI/checkpoint_deliverable/data/CASIA-Iris-Interval/122/R/S1122R06.jpg,1122_R,1122,R,train,S1122R06,True,/Users/hrishi/Desktop/dev/Milestone1 BSAI/checkpoint_deliverable/data/casia_interval_strips/S1122R06.png,/Users/hrishi/Desktop/dev/Milestone1 BSAI/checkpoint_deliverable/data/casia_interval_strips_gt/S1122R06.png,True,True,,
/Users/hrishi/Desktop/dev/Milestone1 BSAI/checkpoint_deliverable/data/CASIA-Iris-Interval/122/R/S1122R04.jpg,1122_R,1122,R,train,S1122R04,True,/Users/hrishi/Desktop/dev/Milestone1 BSAI/checkpoint_deliverable/data/casia_interval_strips/S1122R04.png,/Users/hrishi/Desktop/dev/Milestone1 BSAI/checkpoint_deliverable/data/casia_interval_strips_gt/S1122R04.png,True,True,,
/Users/hrishi/Desktop/dev/Milestone1 BSAI/checkpoint_deliverable/data/CASIA-Iris-Interval/122/R/S1122R05.jpg,1122_R,1122,R,train,S1122R05,True,/Users/hrishi/Desktop/dev/Milestone1 BSAI/checkpoint_deliverable/data/casia_interval_strips/S1122R05.png,/Users/hrishi/Desktop/dev/Milestone1 BSAI/checkpoint_deliverable/data/casia_interval_strips_gt/S1122R05.png,True,True,,
/Users/hrishi/Desktop/dev/Milestone1 BSAI/checkpoint_deliverable/data/CASIA-Iris-Interval/122/R/S1122R01.jpg,1122_R,1122,R,train,S1122R01,True,/Users/hrishi/Desktop/dev/Milestone1 BSAI/checkpoint_deliverable/data/casia_interval_strips/S1122R01.png,/Users/hrishi/Desktop/dev/Milestone1 BSAI/checkpoint_deliverable/data/casia_interval_strips_gt/S1122R01.png,True,True,,
/Users/hrishi/Desktop/dev/Milestone1 BSAI/checkpoint_deliverable/data/CASIA-Iris-Interval/122/R/S1122R02.jpg,1122_R,1122,R,train,S1122R02,True,/Users/hrishi/Desktop/dev/Milestone1 BSAI/checkpoint_deliverable/data/casia_interval_strips/S1122R02.png,/Users/hrishi/Desktop/dev/Milestone1 BSAI/checkpoint_deliverable/data/casia_interval_strips_gt/S1122R02.png,True,True,,
/Users/hrishi/Desktop/dev/Milestone1 BSAI/checkpoint_deliverable/data/CASIA-Iris-Interval/122/R/S1122R03.jpg,1122_R,1122,R,train,S1122R03,True,/Users/hrishi/Desktop/dev/Milestone1 BSAI/checkpoint_deliverable/data/casia_interval_strips/S1122R03.png,/Users/hrishi/Desktop/dev/Milestone1 BSAI/checkpoint_deliverable/data/casia_interval_strips_gt/S1122R03.png,True,True,,
/Users/hrishi/Desktop/dev/Milestone1 BSAI/checkpoint_deliverable/data/CASIA-Iris-Interval/122/L/S1122L01.jpg,1122_L,1122,L,train,S1122L01,True,/Users/hrishi/Desktop/dev/Milestone1 BSAI/checkpoint_deliverable/data/casia_interval_strips/S1122L01.png,/Users/hrishi/Desktop/dev/Milestone1 BSAI/checkpoint_deliverable/data/casia_interval_strips_gt/S1122L01.png,True,True,,
/Users/hrishi/Desktop/dev/Milestone1 BSAI/checkpoint_deliverable/data/CASIA-Iris-Interval/122/L/S1122L03.jpg,1122_L,1122,L,train,S1122L03,True,/Users/hrishi/Desktop/dev/Milestone1 BSAI/checkpoint_deliverable/data/casia_interval_strips/S1122L03.png,/Users/hrishi/Desktop/dev/Milestone1 BSAI/checkpoint_deliverable/data/casia_interval_strips_gt/S1122L03.png,True,True,,
/Users/hrishi/Desktop/dev/Milestone1 BSAI/checkpoint_deliverable/data/CASIA-Iris-Interval/122/L/S1122L02.jpg,1122_L,1122,L,train,S1122L02,True,/Users/hrishi/Desktop/dev/Milestone1 BSAI/checkpoint_deliverable/data/casia_interval_strips/S1122L02.png,/Users/hrishi/Desktop/dev/Milestone1 BSAI/checkpoint_deliverable/data/casia_interval_strips_gt/S1122L02.png,True,True,,
/Users/hrishi/Desktop/dev/Milestone1 BSAI/checkpoint_deliverable/data/CASIA-Iris-Interval/122/L/S1122L06.jpg,1122_L,1122,L,train,S1122L06,True,/Users/hrishi/Desktop/dev/Milestone1 BSAI/checkpoint_deliverable/data/casia_interval_strips/S1122L06.png,/Users/hrishi/Desktop/dev/Milestone1 BSAI/checkpoint_deliverable/data/casia_interval_strips_gt/S1122L06.png,True,True,,
/Users/hrishi/Desktop/dev/Milestone1 BSAI/checkpoint_deliverable/data/CASIA-Iris-Interval/122/L/S1122L07.jpg,1122_L,1122,L,train,S1122L07,True,/Users/hrishi/Desktop/dev/Milestone1 BSAI/checkpoint_deliverable/data/casia_interval_strips/S1122L07.png,/Users/hrishi/Desktop/dev/Milestone1 BSAI/checkpoint_deliverable/data/casia_interval_strips_gt/S1122L07.png,True,True,,
/Users/hrishi/Desktop/dev/Milestone1 BSAI/checkpoint_deliverable/data/CASIA-Iris-Interval/122/L/S1122L05.jpg,1122_L,1122,L,train,S1122L05,True,/Users/hrishi/Desktop/dev/Milestone1 BSAI/checkpoint_deliverable/data/casia_interval_strips/S1122L05.png,/Users/hrishi/Desktop/dev/Milestone1 BSAI/checkpoint_deliverable/data/casia_interval_strips_gt/S1122L05.png,True,True,,
/Users/hrishi/Desktop/dev/Milestone1 BSAI/checkpoint_deliverable/data/CASIA-Iris-Interval/122/L/S1122L04.jpg,1122_L,1122,L,train,S1122L04,True,/Users/hrishi/Desktop/dev/Milestone1 BSAI/checkpoint_deliverable/data/casia_interval_strips/S1122L04.png,/Users/hrishi/Desktop/dev/Milestone1 BSAI/checkpoint_deliverable/data/casia_interval_strips_gt/S1122L04.png,True,True,,
/Users/hrishi/Desktop/dev/Milestone1 BSAI/checkpoint_deliverable/data/CASIA-Iris-Interval/114/R/S1114R06.jpg,1114_R,1114,R,train,S1114R06,True,/Users/hrishi/Desktop/dev/Milestone1 BSAI/checkpoint_deliverable/data/casia_interval_strips/S1114R06.png,/Users/hrishi/Desktop/dev/Milestone1 BSAI/checkpoint_deliverable/data/casia_interval_strips_gt/S1114R06.png,True,True,,
/Users/hrishi/Desktop/dev/Milestone1 BSAI/checkpoint_deliverable/data/CASIA-Iris-Interval/114/R/S1114R07.jpg,1114_R,1114,R,train,S1114R07,True,/Users/hrishi/Desktop/dev/Milestone1 BSAI/checkpoint_deliverable/data/casia_interval_strips/S1114R07.png,/Users/hrishi/Desktop/dev/Milestone1 BSAI/checkpoint_deliverable/data/casia_interval_strips_gt/S1114R07.png,True,True,,
/Users/hrishi/Desktop/dev/Milestone1 BSAI/checkpoint_deliverable/data/CASIA-Iris-Interval/114/R/S1114R05.jpg,1114_R,1114,R,train,S1114R05,True,/Users/hrishi/Desktop/dev/Milestone1 BSAI/checkpoint_deliverable/data/casia_interval_strips/S1114R05.png,/Users/hrishi/Desktop/dev/Milestone1 BSAI/checkpoint_deliverable/data/casia_interval_strips_gt/S1114R05.png,True,True,,
/Users/hrishi/Desktop/dev/Milestone1 BSAI/checkpoint_deliverable/data/CASIA-Iris-Interval/114/R/S1114R04.jpg,1114_R,1114,R,train,S1114R04,True,/Users/hrishi/Desktop/dev/Milestone1 BSAI/checkpoint_deliverable/data/casia_interval_strips/S1114R04.png,/Users/hrishi/Desktop/dev/Milestone1 BSAI/checkpoint_deliverable/data/casia_interval_strips_gt/S1114R04.png,True,True,,
/Users/hrishi/Desktop/dev/Milestone1 BSAI/checkpoint_deliverable/data/CASIA-Iris-Interval/114/R/S1114R01.jpg,1114_R,1114,R,train,S1114R01,True,/Users/hrishi/Desktop/dev/Milestone1 BSAI/checkpoint_deliverable/data/casia_interval_strips/S1114R01.png,/Users/hrishi/Desktop/dev/Milestone1 BSAI/checkpoint_deliverable/data/casia_interval_strips_gt/S1114R01.png,True,True,,
/Users/hrishi/Desktop/dev/Milestone1 BSAI/checkpoint_deliverable/data/CASIA-Iris-Interval/114/R/S1114R03.jpg,1114_R,1114,R,train,S1114R03,True,/Users/hrishi/Desktop/dev/Milestone1 BSAI/checkpoint_deliverable/data/casia_interval_strips/S1114R03.png,/Users/hrishi/Desktop/dev/Milestone1 BSAI/checkpoint_deliverable/data/casia_interval_strips_gt/S1114R03.png,True,True,,
/Users/hrishi/Desktop/dev/Milestone1 BSAI/checkpoint_deliverable/data/CASIA-Iris-Interval/114/R/S1114R02.jpg,1114_R,1114,R,train,S1114R02,True,/Users/hrishi/Desktop/dev/Milestone1 BSAI/checkpoint_deliverable/data/casia_interval_strips/S1114R02.png,/Users/hrishi/Desktop/dev/Milestone1 BSAI/checkpoint_deliverable/data/casia_interval_strips_gt/S1114R02.png,True,True,,
/Users/hrishi/Desktop/dev/Milestone1 BSAI/checkpoint_deliverable/data/CASIA-Iris-Interval/114/L/S1114L01.jpg,1114_L,1114,L,train,S1114L01,True,/Users/hrishi/Desktop/dev/Milestone1 BSAI/checkpoint_deliverable/data/casia_interval_strips/S1114L01.png,/Users/hrishi/Desktop/dev/Milestone1 BSAI/checkpoint_deliverable/data/casia_interval_strips_gt/S1114L01.png,True,True,,
/Users/hrishi/Desktop/dev/Milestone1 BSAI/checkpoint_deliverable/data/CASIA-Iris-Interval/114/L/S1114L02.jpg,1114_L,1114,L,train,S1114L02,True,/Users/hrishi/Desktop/dev/Milestone1 BSAI/checkpoint_deliverable/data/casia_interval_strips/S1114L02.png,/Users/hrishi/Desktop/dev/Milestone1 BSAI/checkpoint_deliverable/data/casia_interval_strips_gt/S1114L02.png,True,True,,
/Users/hrishi/Desktop/dev/Milestone1 BSAI/checkpoint_deliverable/data/CASIA-Iris-Interval/114/L/S1114L03.jpg,1114_L,1114,L,train,S1114L03,True,/Users/hrishi/Desktop/dev/Milestone1 BSAI/checkpoint_deliverable/data/casia_interval_strips/S1114L03.png,/Users/hrishi/Desktop/dev/Milestone1 BSAI/checkpoint_deliverable/data/casia_interval_strips_gt/S1114L03.png,True,True,,
/Users/hrishi/Desktop/dev/Milestone1 BSAI/checkpoint_deliverable/data/CASIA-Iris-Interval/114/L/S1114L07.jpg,1114_L,1114,L,train,S1114L07,True,/Users/hrishi/Desktop/dev/Milestone1 BSAI/checkpoint_deliverable/data/casia_interval_strips/S1114L07.png,/Users/hrishi/Desktop/dev/Milestone1 BSAI/checkpoint_deliverable/data/casia_interval_strips_gt/S1114L07.png,True,True,,
/Users/hrishi/Desktop/dev/Milestone1 BSAI/checkpoint_deliverable/data/CASIA-Iris-Interval/114/L/S1114L06.jpg,1114_L,1114,L,train,S1114L06,True,/Users/hrishi/Desktop/dev/Milestone1 BSAI/checkpoint_deliverable/data/casia_interval_strips/S1114L06.png,/Users/hrishi/Desktop/dev/Milestone1 BSAI/checkpoint_deliverable/data/casia_interval_strips_gt/S1114L06.png,True,True,,
/Users/hrishi/Desktop/dev/Milestone1 BSAI/checkpoint_deliverable/data/CASIA-Iris-Interval/114/L/S1114L04.jpg,1114_L,1114,L,train,S1114L04,True,/Users/hrishi/Desktop/dev/Milestone1 BSAI/checkpoint_deliverable/data/casia_interval_strips/S1114L04.png,/Users/hrishi/Desktop/dev/Milestone1 BSAI/checkpoint_deliverable/data/casia_interval_strips_gt/S1114L04.png,True,True,,
/Users/hrishi/Desktop/dev/Milestone1 BSAI/checkpoint_deliverable/data/CASIA-Iris-Interval/114/L/S1114L05.jpg,1114_L,1114,L,train,S1114L05,True,/Users/hrishi/Desktop/dev/Milestone1 BSAI/checkpoint_deliverable/data/casia_interval_strips/S1114L05.png,/Users/hrishi/Desktop/dev/Milestone1 BSAI/checkpoint_deliverable/data/casia_interval_strips_gt/S1114L05.png,True,True,,
/Users/hrishi/Desktop/dev/Milestone1 BSAI/checkpoint_deliverable/data/CASIA-Iris-Interval/113/R/S1113R06.jpg,1113_R,1113,R,train,S1113R06,True,/Users/hrishi/Desktop/dev/Milestone1 BSAI/checkpoint_deliverable/data/casia_interval_strips/S1113R06.png,/Users/hrishi/Desktop/dev/Milestone1 BSAI/checkpoint_deliverable/data/casia_interval_strips_gt/S1113R06.png,True,True,,
/Users/hrishi/Desktop/dev/Milestone1 BSAI/checkpoint_deliverable/data/CASIA-Iris-Interval/113/R/S1113R07.jpg,1113_R,1113,R,train,S1113R07,True,/Users/hrishi/Desktop/dev/Milestone1 BSAI/checkpoint_deliverable/data/casia_interval_strips/S1113R07.png,/Users/hrishi/Desktop/dev/Milestone1 BSAI/checkpoint_deliverable/data/casia_interval_strips_gt/S1113R07.png,True,True,,
/Users/hrishi/Desktop/dev/Milestone1 BSAI/checkpoint_deliverable/data/CASIA-Iris-Interval/113/R/S1113R05.jpg,1113_R,1113,R,train,S1113R05,True,/Users/hrishi/Desktop/dev/Milestone1 BSAI/checkpoint_deliverable/data/casia_interval_strips/S1113R05.png,/Users/hrishi/Desktop/dev/Milestone1 BSAI/checkpoint_deliverable/data/casia_interval_strips_gt/S1113R05.png,True,True,,
/Users/hrishi/Desktop/dev/Milestone1 BSAI/checkpoint_deliverable/data/CASIA-Iris-Interval/113/R/S1113R04.jpg,1113_R,1113,R,train,S1113R04,True,/Users/hrishi/Desktop/dev/Milestone1 BSAI/checkpoint_deliverable/data/casia_interval_strips/S1113R04.png,/Users/hrishi/Desktop/dev/Milestone1 BSAI/checkpoint_deliverable/data/casia_interval_strips_gt/S1113R04.png,True,True,,
/Users/hrishi/Desktop/dev/Milestone1 BSAI/checkpoint_deliverable/data/CASIA-Iris-Interval/113/R/S1113R01.jpg,1113_R,1113,R,train,S1113R01,True,/Users/hrishi/Desktop/dev/Milestone1 BSAI/checkpoint_deliverable/data/casia_interval_strips/S1113R01.png,/Users/hrishi/Desktop/dev/Milestone1 BSAI/checkpoint_deliverable/data/casia_interval_strips_gt/S1113R01.png,True,True,,
/Users/hrishi/Desktop/dev/Milestone1 BSAI/checkpoint_deliverable/data/CASIA-Iris-Interval/113/R/S1113R03.jpg,1113_R,1113,R,train,S1113R03,True,/Users/hrishi/Desktop/dev/Milestone1 BSAI/checkpoint_deliverable/data/casia_interval_strips/S1113R03.png,/Users/hrishi/Desktop/dev/Milestone1 BSAI/checkpoint_deliverable/data/casia_interval_strips_gt/S1113R03.png,True,True,,
/Users/hrishi/Desktop/dev/Milestone1 BSAI/checkpoint_deliverable/data/CASIA-Iris-Interval/113/R/S1113R02.jpg,1113_R,1113,R,train,S1113R02,True,/Users/hrishi/Desktop/dev/Milestone1 BSAI/checkpoint_deliverable/data/casia_interval_strips/S1113R02.png,/Users/hrishi/Desktop/dev/Milestone1 BSAI/checkpoint_deliverable/data/casia_interval_strips_gt/S1113R02.png,True,True,,
/Users/hrishi/Desktop/dev/Milestone1 BSAI/checkpoint_deliverable/data/CASIA-Iris-Interval/113/L/S1113L01.jpg,1113_L,1113,L,test,S1113L01,True,/Users/hrishi/Desktop/dev/Milestone1 BSAI/checkpoint_deliverable/data/casia_interval_strips/S1113L01.png,/Users/hrishi/Desktop/dev/Milestone1 BSAI/checkpoint_deliverable/data/casia_interval_strips_gt/S1113L01.png,True,True,,
/Users/hrishi/Desktop/dev/Milestone1 BSAI/checkpoint_deliverable/data/CASIA-Iris-Interval/113/L/S1113L02.jpg,1113_L,1113,L,test,S1113L02,True,/Users/hrishi/Desktop/dev/Milestone1 BSAI/checkpoint_deliverable/data/casia_interval_strips/S1113L02.png,/Users/hrishi/Desktop/dev/Milestone1 BSAI/checkpoint_deliverable/data/casia_interval_strips_gt/S1113L02.png,True,True,,
/Users/hrishi/Desktop/dev/Milestone1 BSAI/checkpoint_deliverable/data/CASIA-Iris-Interval/113/L/S1113L03.jpg,1113_L,1113,L,test,S1113L03,True,/Users/hrishi/Desktop/dev/Milestone1 BSAI/checkpoint_deliverable/data/casia_interval_strips/S1113L03.png,/Users/hrishi/Desktop/dev/Milestone1 BSAI/checkpoint_deliverable/data/casia_interval_strips_gt/S1113L03.png,True,True,,
/Users/hrishi/Desktop/dev/Milestone1 BSAI/checkpoint_deliverable/data/CASIA-Iris-Interval/113/L/S1113L07.jpg,1113_L,1113,L,test,S1113L07,True,/Users/hrishi/Desktop/dev/Milestone1 BSAI/checkpoint_deliverable/data/casia_interval_strips/S1113L07.png,/Users/hrishi/Desktop/dev/Milestone1 BSAI/checkpoint_deliverable/data/casia_interval_strips_gt/S1113L07.png,True,True,,
/Users/hrishi/Desktop/dev/Milestone1 BSAI/checkpoint_deliverable/data/CASIA-Iris-Interval/113/L/S1113L06.jpg,1113_L,1113,L,test,S1113L06,True,/Users/hrishi/Desktop/dev/Milestone1 BSAI/checkpoint_deliverable/data/casia_interval_strips/S1113L06.png,/Users/hrishi/Desktop/dev/Milestone1 BSAI/checkpoint_deliverable/data/casia_interval_strips_gt/S1113L06.png,True,True,,
/Users/hrishi/Desktop/dev/Milestone1 BSAI/checkpoint_deliverable/data/CASIA-Iris-Interval/113/L/S1113L04.jpg,1113_L,1113,L,test,S1113L04,True,/Users/hrishi/Desktop/dev/Milestone1 BSAI/checkpoint_deliverable/data/casia_interval_strips/S1113L04.png,/Users/hrishi/Desktop/dev/Milestone1 BSAI/checkpoint_deliverable/data/casia_interval_strips_gt/S1113L04.png,True,True,,
/Users/hrishi/Desktop/dev/Milestone1 BSAI/checkpoint_deliverable/data/CASIA-Iris-Interval/113/L/S1113L05.jpg,1113_L,1113,L,test,S1113L05,True,/Users/hrishi/Desktop/dev/Milestone1 BSAI/checkpoint_deliverable/data/casia_interval_strips/S1113L05.png,/Users/hrishi/Desktop/dev/Milestone1 BSAI/checkpoint_deliverable/data/casia_interval_strips_gt/S1113L05.png,True,True,,
/Users/hrishi/Desktop/dev/Milestone1 BSAI/checkpoint_deliverable/data/CASIA-Iris-Interval/147/R/S1147R05.jpg,1147_R,1147,R,train,S1147R05,True,/Users/hrishi/Desktop/dev/Milestone1 BSAI/checkpoint_deliverable/data/casia_interval_strips/S1147R05.png,/Users/hrishi/Desktop/dev/Milestone1 BSAI/checkpoint_deliverable/data/casia_interval_strips_gt/S1147R05.png,True,True,,
/Users/hrishi/Desktop/dev/Milestone1 BSAI/checkpoint_deliverable/data/CASIA-Iris-Interval/147/R/S1147R04.jpg,1147_R,1147,R,train,S1147R04,True,/Users/hrishi/Desktop/dev/Milestone1 BSAI/checkpoint_deliverable/data/casia_interval_strips/S1147R04.png,/Users/hrishi/Desktop/dev/Milestone1 BSAI/checkpoint_deliverable/data/casia_interval_strips_gt/S1147R04.png,True,True,,
/Users/hrishi/Desktop/dev/Milestone1 BSAI/checkpoint_deliverable/data/CASIA-Iris-Interval/147/R/S1147R03.jpg,1147_R,1147,R,train,S1147R03,True,/Users/hrishi/Desktop/dev/Milestone1 BSAI/checkpoint_deliverable/data/casia_interval_strips/S1147R03.png,/Users/hrishi/Desktop/dev/Milestone1 BSAI/checkpoint_deliverable/data/casia_interval_strips_gt/S1147R03.png,True,True,,
/Users/hrishi/Desktop/dev/Milestone1 BSAI/checkpoint_deliverable/data/CASIA-Iris-Interval/147/R/S1147R02.jpg,1147_R,1147,R,train,S1147R02,True,/Users/hrishi/Desktop/dev/Milestone1 BSAI/checkpoint_deliverable/data/casia_interval_strips/S1147R02.png,/Users/hrishi/Desktop/dev/Milestone1 BSAI/checkpoint_deliverable/data/casia_interval_strips_gt/S1147R02.png,True,True,,
/Users/hrishi/Desktop/dev/Milestone1 BSAI/checkpoint_deliverable/data/CASIA-Iris-Interval/147/R/S1147R01.jpg,1147_R,1147,R,train,S1147R01,True,/Users/hrishi/Desktop/dev/Milestone1 BSAI/checkpoint_deliverable/data/casia_interval_strips/S1147R01.png,/Users/hrishi/Desktop/dev/Milestone1 BSAI/checkpoint_deliverable/data/casia_interval_strips_gt/S1147R01.png,True,True,,
/Users/hrishi/Desktop/dev/Milestone1 BSAI/checkpoint_deliverable/data/CASIA-Iris-Interval/178/R/S1178R01.jpg,1178_R,1178,R,test,S1178R01,True,/Users/hrishi/Desktop/dev/Milestone1 BSAI/checkpoint_deliverable/data/casia_interval_strips/S1178R01.png,/Users/hrishi/Desktop/dev/Milestone1 BSAI/checkpoint_deliverable/data/casia_interval_strips_gt/S1178R01.png,True,True,,
/Users/hrishi/Desktop/dev/Milestone1 BSAI/checkpoint_deliverable/data/CASIA-Iris-Interval/178/L/S1178L06.jpg,1178_L,1178,L,test,S1178L06,True,/Users/hrishi/Desktop/dev/Milestone1 BSAI/checkpoint_deliverable/data/casia_interval_strips/S1178L06.png,/Users/hrishi/Desktop/dev/Milestone1 BSAI/checkpoint_deliverable/data/casia_interval_strips_gt/S1178L06.png,True,True,,
/Users/hrishi/Desktop/dev/Milestone1 BSAI/checkpoint_deliverable/data/CASIA-Iris-Interval/178/L/S1178L05.jpg,1178_L,1178,L,test,S1178L05,True,/Users/hrishi/Desktop/dev/Milestone1 BSAI/checkpoint_deliverable/data/casia_interval_strips/S1178L05.png,/Users/hrishi/Desktop/dev/Milestone1 BSAI/checkpoint_deliverable/data/casia_interval_strips_gt/S1178L05.png,True,True,,
/Users/hrishi/Desktop/dev/Milestone1 BSAI/checkpoint_deliverable/data/CASIA-Iris-Interval/178/L/S1178L04.jpg,1178_L,1178,L,test,S1178L04,True,/Users/hrishi/Desktop/dev/Milestone1 BSAI/checkpoint_deliverable/data/casia_interval_strips/S1178L04.png,/Users/hrishi/Desktop/dev/Milestone1 BSAI/checkpoint_deliverable/data/casia_interval_strips_gt/S1178L04.png,True,True,,
/Users/hrishi/Desktop/dev/Milestone1 BSAI/checkpoint_deliverable/data/CASIA-Iris-Interval/178/L/S1178L01.jpg,1178_L,1178,L,test,S1178L01,True,/Users/hrishi/Desktop/dev/Milestone1 BSAI/checkpoint_deliverable/data/casia_interval_strips/S1178L01.png,/Users/hrishi/Desktop/dev/Milestone1 BSAI/checkpoint_deliverable/data/casia_interval_strips_gt/S1178L01.png,True,True,,
/Users/hrishi/Desktop/dev/Milestone1 BSAI/checkpoint_deliverable/data/CASIA-Iris-Interval/178/L/S1178L03.jpg,1178_L,1178,L,test,S1178L03,True,/Users/hrishi/Desktop/dev/Milestone1 BSAI/checkpoint_deliverable/data/casia_interval_strips/S1178L03.png,/Users/hrishi/Desktop/dev/Milestone1 BSAI/checkpoint_deliverable/data/casia_interval_strips_gt/S1178L03.png,True,True,,
/Users/hrishi/Desktop/dev/Milestone1 BSAI/checkpoint_deliverable/data/CASIA-Iris-Interval/178/L/S1178L02.jpg,1178_L,1178,L,test,S1178L02,True,/Users/hrishi/Desktop/dev/Milestone1 BSAI/checkpoint_deliverable/data/casia_interval_strips/S1178L02.png,/Users/hrishi/Desktop/dev/Milestone1 BSAI/checkpoint_deliverable/data/casia_interval_strips_gt/S1178L02.png,True,True,,
/Users/hrishi/Desktop/dev/Milestone1 BSAI/checkpoint_deliverable/data/CASIA-Iris-Interval/140/R/S1140R05.jpg,1140_R,1140,R,test,S1140R05,True,/Users/hrishi/Desktop/dev/Milestone1 BSAI/checkpoint_deliverable/data/casia_interval_strips/S1140R05.png,/Users/hrishi/Desktop/dev/Milestone1 BSAI/checkpoint_deliverable/data/casia_interval_strips_gt/S1140R05.png,True,True,,
/Users/hrishi/Desktop/dev/Milestone1 BSAI/checkpoint_deliverable/data/CASIA-Iris-Interval/140/R/S1140R04.jpg,1140_R,1140,R,test,S1140R04,True,/Users/hrishi/Desktop/dev/Milestone1 BSAI/checkpoint_deliverable/data/casia_interval_strips/S1140R04.png,/Users/hrishi/Desktop/dev/Milestone1 BSAI/checkpoint_deliverable/data/casia_interval_strips_gt/S1140R04.png,True,True,,
/Users/hrishi/Desktop/dev/Milestone1 BSAI/checkpoint_deliverable/data/CASIA-Iris-Interval/140/R/S1140R06.jpg,1140_R,1140,R,test,S1140R06,True,/Users/hrishi/Desktop/dev/Milestone1 BSAI/checkpoint_deliverable/data/casia_interval_strips/S1140R06.png,/Users/hrishi/Desktop/dev/Milestone1 BSAI/checkpoint_deliverable/data/casia_interval_strips_gt/S1140R06.png,True,True,,
/Users/hrishi/Desktop/dev/Milestone1 BSAI/checkpoint_deliverable/data/CASIA-Iris-Interval/140/R/S1140R07.jpg,1140_R,1140,R,test,S1140R07,True,/Users/hrishi/Desktop/dev/Milestone1 BSAI/checkpoint_deliverable/data/casia_interval_strips/S1140R07.png,/Users/hrishi/Desktop/dev/Milestone1 BSAI/checkpoint_deliverable/data/casia_interval_strips_gt/S1140R07.png,True,True,,
/Users/hrishi/Desktop/dev/Milestone1 BSAI/checkpoint_deliverable/data/CASIA-Iris-Interval/140/R/S1140R03.jpg,1140_R,1140,R,test,S1140R03,True,/Users/hrishi/Desktop/dev/Milestone1 BSAI/checkpoint_deliverable/data/casia_interval_strips/S1140R03.png,/Users/hrishi/Desktop/dev/Milestone1 BSAI/checkpoint_deliverable/data/casia_interval_strips_gt/S1140R03.png,True,True,,
/Users/hrishi/Desktop/dev/Milestone1 BSAI/checkpoint_deliverable/data/CASIA-Iris-Interval/140/R/S1140R02.jpg,1140_R,1140,R,test,S1140R02,True,/Users/hrishi/Desktop/dev/Milestone1 BSAI/checkpoint_deliverable/data/casia_interval_strips/S1140R02.png,/Users/hrishi/Desktop/dev/Milestone1 BSAI/checkpoint_deliverable/data/casia_interval_strips_gt/S1140R02.png,True,True,,
/Users/hrishi/Desktop/dev/Milestone1 BSAI/checkpoint_deliverable/data/CASIA-Iris-Interval/140/R/S1140R01.jpg,1140_R,1140,R,test,S1140R01,True,/Users/hrishi/Desktop/dev/Milestone1 BSAI/checkpoint_deliverable/data/casia_interval_strips/S1140R01.png,/Users/hrishi/Desktop/dev/Milestone1 BSAI/checkpoint_deliverable/data/casia_interval_strips_gt/S1140R01.png,True,True,,
/Users/hrishi/Desktop/dev/Milestone1 BSAI/checkpoint_deliverable/data/CASIA-Iris-Interval/140/L/S1140L02.jpg,1140_L,1140,L,train,S1140L02,True,/Users/hrishi/Desktop/dev/Milestone1 BSAI/checkpoint_deliverable/data/casia_interval_strips/S1140L02.png,/Users/hrishi/Desktop/dev/Milestone1 BSAI/checkpoint_deliverable/data/casia_interval_strips_gt/S1140L02.png,True,True,,
/Users/hrishi/Desktop/dev/Milestone1 BSAI/checkpoint_deliverable/data/CASIA-Iris-Interval/140/L/S1140L03.jpg,1140_L,1140,L,train,S1140L03,True,/Users/hrishi/Desktop/dev/Milestone1 BSAI/checkpoint_deliverable/data/casia_interval_strips/S1140L03.png,/Users/hrishi/Desktop/dev/Milestone1 BSAI/checkpoint_deliverable/data/casia_interval_strips_gt/S1140L03.png,True,True,,
/Users/hrishi/Desktop/dev/Milestone1 BSAI/checkpoint_deliverable/data/CASIA-Iris-Interval/140/L/S1140L01.jpg,1140_L,1140,L,train,S1140L01,True,/Users/hrishi/Desktop/dev/Milestone1 BSAI/checkpoint_deliverable/data/casia_interval_strips/S1140L01.png,/Users/hrishi/Desktop/dev/Milestone1 BSAI/checkpoint_deliverable/data/casia_interval_strips_gt/S1140L01.png,True,True,,
/Users/hrishi/Desktop/dev/Milestone1 BSAI/checkpoint_deliverable/data/CASIA-Iris-Interval/140/L/S1140L04.jpg,1140_L,1140,L,train,S1140L04,True,/Users/hrishi/Desktop/dev/Milestone1 BSAI/checkpoint_deliverable/data/casia_interval_strips/S1140L04.png,/Users/hrishi/Desktop/dev/Milestone1 BSAI/checkpoint_deliverable/data/casia_interval_strips_gt/S1140L04.png,True,True,,
/Users/hrishi/Desktop/dev/Milestone1 BSAI/checkpoint_deliverable/data/CASIA-Iris-Interval/140/L/S1140L05.jpg,1140_L,1140,L,train,S1140L05,True,/Users/hrishi/Desktop/dev/Milestone1 BSAI/checkpoint_deliverable/data/casia_interval_strips/S1140L05.png,/Users/hrishi/Desktop/dev/Milestone1 BSAI/checkpoint_deliverable/data/casia_interval_strips_gt/S1140L05.png,True,True,,
/Users/hrishi/Desktop/dev/Milestone1 BSAI/checkpoint_deliverable/data/CASIA-Iris-Interval/140/L/S1140L07.jpg,1140_L,1140,L,train,S1140L07,True,/Users/hrishi/Desktop/dev/Milestone1 BSAI/checkpoint_deliverable/data/casia_interval_strips/S1140L07.png,/Users/hrishi/Desktop/dev/Milestone1 BSAI/checkpoint_deliverable/data/casia_interval_strips_gt/S1140L07.png,True,True,,
/Users/hrishi/Desktop/dev/Milestone1 BSAI/checkpoint_deliverable/data/CASIA-Iris-Interval/140/L/S1140L06.jpg,1140_L,1140,L,train,S1140L06,True,/Users/hrishi/Desktop/dev/Milestone1 BSAI/checkpoint_deliverable/data/casia_interval_strips/S1140L06.png,/Users/hrishi/Desktop/dev/Milestone1 BSAI/checkpoint_deliverable/data/casia_interval_strips_gt/S1140L06.png,True,True,,
/Users/hrishi/Desktop/dev/Milestone1 BSAI/checkpoint_deliverable/data/CASIA-Iris-Interval/182/R/S1182R08.jpg,1182_R,1182,R,test,S1182R08,True,/Users/hrishi/Desktop/dev/Milestone1 BSAI/checkpoint_deliverable/data/casia_interval_strips/S1182R08.png,/Users/hrishi/Desktop/dev/Milestone1 BSAI/checkpoint_deliverable/data/casia_interval_strips_gt/S1182R08.png,True,True,,
/Users/hrishi/Desktop/dev/Milestone1 BSAI/checkpoint_deliverable/data/CASIA-Iris-Interval/182/R/S1182R09.jpg,1182_R,1182,R,test,S1182R09,True,/Users/hrishi/Desktop/dev/Milestone1 BSAI/checkpoint_deliverable/data/casia_interval_strips/S1182R09.png,/Users/hrishi/Desktop/dev/Milestone1 BSAI/checkpoint_deliverable/data/casia_interval_strips_gt/S1182R09.png,True,True,,
/Users/hrishi/Desktop/dev/Milestone1 BSAI/checkpoint_deliverable/data/CASIA-Iris-Interval/182/R/S1182R07.jpg,1182_R,1182,R,test,S1182R07,True,/Users/hrishi/Desktop/dev/Milestone1 BSAI/checkpoint_deliverable/data/casia_interval_strips/S1182R07.png,/Users/hrishi/Desktop/dev/Milestone1 BSAI/checkpoint_deliverable/data/casia_interval_strips_gt/S1182R07.png,True,True,,
/Users/hrishi/Desktop/dev/Milestone1 BSAI/checkpoint_deliverable/data/CASIA-Iris-Interval/182/R/S1182R06.jpg,1182_R,1182,R,test,S1182R06,True,/Users/hrishi/Desktop/dev/Milestone1 BSAI/checkpoint_deliverable/data/casia_interval_strips/S1182R06.png,/Users/hrishi/Desktop/dev/Milestone1 BSAI/checkpoint_deliverable/data/casia_interval_strips_gt/S1182R06.png,True,True,,
/Users/hrishi/Desktop/dev/Milestone1 BSAI/checkpoint_deliverable/data/CASIA-Iris-Interval/182/R/S1182R04.jpg,1182_R,1182,R,test,S1182R04,True,/Users/hrishi/Desktop/dev/Milestone1 BSAI/checkpoint_deliverable/data/casia_interval_strips/S1182R04.png,/Users/hrishi/Desktop/dev/Milestone1 BSAI/checkpoint_deliverable/data/casia_interval_strips_gt/S1182R04.png,True,True,,
/Users/hrishi/Desktop/dev/Milestone1 BSAI/checkpoint_deliverable/data/CASIA-Iris-Interval/182/R/S1182R10.jpg,1182_R,1182,R,test,S1182R10,True,/Users/hrishi/Desktop/dev/Milestone1 BSAI/checkpoint_deliverable/data/casia_interval_strips/S1182R10.png,/Users/hrishi/Desktop/dev/Milestone1 BSAI/checkpoint_deliverable/data/casia_interval_strips_gt/S1182R10.png,True,True,,
/Users/hrishi/Desktop/dev/Milestone1 BSAI/checkpoint_deliverable/data/CASIA-Iris-Interval/182/R/S1182R05.jpg,1182_R,1182,R,test,S1182R05,True,/Users/hrishi/Desktop/dev/Milestone1 BSAI/checkpoint_deliverable/data/casia_interval_strips/S1182R05.png,/Users/hrishi/Desktop/dev/Milestone1 BSAI/checkpoint_deliverable/data/casia_interval_strips_gt/S1182R05.png,True,True,,
/Users/hrishi/Desktop/dev/Milestone1 BSAI/checkpoint_deliverable/data/CASIA-Iris-Interval/182/R/S1182R01.jpg,1182_R,1182,R,test,S1182R01,True,/Users/hrishi/Desktop/dev/Milestone1 BSAI/checkpoint_deliverable/data/casia_interval_strips/S1182R01.png,/Users/hrishi/Desktop/dev/Milestone1 BSAI/checkpoint_deliverable/data/casia_interval_strips_gt/S1182R01.png,True,True,,
/Users/hrishi/Desktop/dev/Milestone1 BSAI/checkpoint_deliverable/data/CASIA-Iris-Interval/182/R/S1182R02.jpg,1182_R,1182,R,test,S1182R02,True,/Users/hrishi/Desktop/dev/Milestone1 BSAI/checkpoint_deliverable/data/casia_interval_strips/S1182R02.png,/Users/hrishi/Desktop/dev/Milestone1 BSAI/checkpoint_deliverable/data/casia_interval_strips_gt/S1182R02.png,True,True,,
/Users/hrishi/Desktop/dev/Milestone1 BSAI/checkpoint_deliverable/data/CASIA-Iris-Interval/182/R/S1182R03.jpg,1182_R,1182,R,test,S1182R03,True,/Users/hrishi/Desktop/dev/Milestone1 BSAI/checkpoint_deliverable/data/casia_interval_strips/S1182R03.png,/Users/hrishi/Desktop/dev/Milestone1 BSAI/checkpoint_deliverable/data/casia_interval_strips_gt/S1182R03.png,True,True,,
/Users/hrishi/Desktop/dev/Milestone1 BSAI/checkpoint_deliverable/data/CASIA-Iris-Interval/182/L/S1182L09.jpg,1182_L,1182,L,train,S1182L09,True,/Users/hrishi/Desktop/dev/Milestone1 BSAI/checkpoint_deliverable/data/casia_interval_strips/S1182L09.png,/Users/hrishi/Desktop/dev/Milestone1 BSAI/checkpoint_deliverable/data/casia_interval_strips_gt/S1182L09.png,True,True,,
/Users/hrishi/Desktop/dev/Milestone1 BSAI/checkpoint_deliverable/data/CASIA-Iris-Interval/182/L/S1182L08.jpg,1182_L,1182,L,train,S1182L08,True,/Users/hrishi/Desktop/dev/Milestone1 BSAI/checkpoint_deliverable/data/casia_interval_strips/S1182L08.png,/Users/hrishi/Desktop/dev/Milestone1 BSAI/checkpoint_deliverable/data/casia_interval_strips_gt/S1182L08.png,True,True,,
/Users/hrishi/Desktop/dev/Milestone1 BSAI/checkpoint_deliverable/data/CASIA-Iris-Interval/182/L/S1182L01.jpg,1182_L,1182,L,train,S1182L01,True,/Users/hrishi/Desktop/dev/Milestone1 BSAI/checkpoint_deliverable/data/casia_interval_strips/S1182L01.png,/Users/hrishi/Desktop/dev/Milestone1 BSAI/checkpoint_deliverable/data/casia_interval_strips_gt/S1182L01.png,True,True,,
/Users/hrishi/Desktop/dev/Milestone1 BSAI/checkpoint_deliverable/data/CASIA-Iris-Interval/182/L/S1182L03.jpg,1182_L,1182,L,train,S1182L03,True,/Users/hrishi/Desktop/dev/Milestone1 BSAI/checkpoint_deliverable/data/casia_interval_strips/S1182L03.png,/Users/hrishi/Desktop/dev/Milestone1 BSAI/checkpoint_deliverable/data/casia_interval_strips_gt/S1182L03.png,True,True,,
/Users/hrishi/Desktop/dev/Milestone1 BSAI/checkpoint_deliverable/data/CASIA-Iris-Interval/182/L/S1182L02.jpg,1182_L,1182,L,train,S1182L02,True,/Users/hrishi/Desktop/dev/Milestone1 BSAI/checkpoint_deliverable/data/casia_interval_strips/S1182L02.png,/Users/hrishi/Desktop/dev/Milestone1 BSAI/checkpoint_deliverable/data/casia_interval_strips_gt/S1182L02.png,True,True,,
/Users/hrishi/Desktop/dev/Milestone1 BSAI/checkpoint_deliverable/data/CASIA-Iris-Interval/182/L/S1182L06.jpg,1182_L,1182,L,train,S1182L06,True,/Users/hrishi/Desktop/dev/Milestone1 BSAI/checkpoint_deliverable/data/casia_interval_strips/S1182L06.png,/Users/hrishi/Desktop/dev/Milestone1 BSAI/checkpoint_deliverable/data/casia_interval_strips_gt/S1182L06.png,True,True,,
/Users/hrishi/Desktop/dev/Milestone1 BSAI/checkpoint_deliverable/data/CASIA-Iris-Interval/182/L/S1182L07.jpg,1182_L,1182,L,train,S1182L07,True,/Users/hrishi/Desktop/dev/Milestone1 BSAI/checkpoint_deliverable/data/casia_interval_strips/S1182L07.png,/Users/hrishi/Desktop/dev/Milestone1 BSAI/checkpoint_deliverable/data/casia_interval_strips_gt/S1182L07.png,True,True,,
/Users/hrishi/Desktop/dev/Milestone1 BSAI/checkpoint_deliverable/data/CASIA-Iris-Interval/182/L/S1182L05.jpg,1182_L,1182,L,train,S1182L05,True,/Users/hrishi/Desktop/dev/Milestone1 BSAI/checkpoint_deliverable/data/casia_interval_strips/S1182L05.png,/Users/hrishi/Desktop/dev/Milestone1 BSAI/checkpoint_deliverable/data/casia_interval_strips_gt/S1182L05.png,True,True,,
/Users/hrishi/Desktop/dev/Milestone1 BSAI/checkpoint_deliverable/data/CASIA-Iris-Interval/182/L/S1182L04.jpg,1182_L,1182,L,train,S1182L04,True,/Users/hrishi/Desktop/dev/Milestone1 BSAI/checkpoint_deliverable/data/casia_interval_strips/S1182L04.png,/Users/hrishi/Desktop/dev/Milestone1 BSAI/checkpoint_deliverable/data/casia_interval_strips_gt/S1182L04.png,True,True,,
/Users/hrishi/Desktop/dev/Milestone1 BSAI/checkpoint_deliverable/data/CASIA-Iris-Interval/176/L/S1176L03.jpg,1176_L,1176,L,train,S1176L03,True,/Users/hrishi/Desktop/dev/Milestone1 BSAI/checkpoint_deliverable/data/casia_interval_strips/S1176L03.png,/Users/hrishi/Desktop/dev/Milestone1 BSAI/checkpoint_deliverable/data/casia_interval_strips_gt/S1176L03.png,True,True,,
/Users/hrishi/Desktop/dev/Milestone1 BSAI/checkpoint_deliverable/data/CASIA-Iris-Interval/176/L/S1176L02.jpg,1176_L,1176,L,train,S1176L02,True,/Users/hrishi/Desktop/dev/Milestone1 BSAI/checkpoint_deliverable/data/casia_interval_strips/S1176L02.png,/Users/hrishi/Desktop/dev/Milestone1 BSAI/checkpoint_deliverable/data/casia_interval_strips_gt/S1176L02.png,True,True,,
/Users/hrishi/Desktop/dev/Milestone1 BSAI/checkpoint_deliverable/data/CASIA-Iris-Interval/176/L/S1176L01.jpg,1176_L,1176,L,train,S1176L01,True,/Users/hrishi/Desktop/dev/Milestone1 BSAI/checkpoint_deliverable/data/casia_interval_strips/S1176L01.png,/Users/hrishi/Desktop/dev/Milestone1 BSAI/checkpoint_deliverable/data/casia_interval_strips_gt/S1176L01.png,True,True,,
/Users/hrishi/Desktop/dev/Milestone1 BSAI/checkpoint_deliverable/data/CASIA-Iris-Interval/176/L/S1176L05.jpg,1176_L,1176,L,train,S1176L05,True,/Users/hrishi/Desktop/dev/Milestone1 BSAI/checkpoint_deliverable/data/casia_interval_strips/S1176L05.png,/Users/hrishi/Desktop/dev/Milestone1 BSAI/checkpoint_deliverable/data/casia_interval_strips_gt/S1176L05.png,True,True,,
/Users/hrishi/Desktop/dev/Milestone1 BSAI/checkpoint_deliverable/data/CASIA-Iris-Interval/176/L/S1176L04.jpg,1176_L,1176,L,train,S1176L04,True,/Users/hrishi/Desktop/dev/Milestone1 BSAI/checkpoint_deliverable/data/casia_interval_strips/S1176L04.png,/Users/hrishi/Desktop/dev/Milestone1 BSAI/checkpoint_deliverable/data/casia_interval_strips_gt/S1176L04.png,True,True,,
/Users/hrishi/Desktop/dev/Milestone1 BSAI/checkpoint_deliverable/data/CASIA-Iris-Interval/176/L/S1176L06.jpg,1176_L,1176,L,train,S1176L06,True,/Users/hrishi/Desktop/dev/Milestone1 BSAI/checkpoint_deliverable/data/casia_interval_strips/S1176L06.png,/Users/hrishi/Desktop/dev/Milestone1 BSAI/checkpoint_deliverable/data/casia_interval_strips_gt/S1176L06.png,True,True,,
/Users/hrishi/Desktop/dev/Milestone1 BSAI/checkpoint_deliverable/data/CASIA-Iris-Interval/176/L/S1176L07.jpg,1176_L,1176,L,train,S1176L07,True,/Users/hrishi/Desktop/dev/Milestone1 BSAI/checkpoint_deliverable/data/casia_interval_strips/S1176L07.png,/Users/hrishi/Desktop/dev/Milestone1 BSAI/checkpoint_deliverable/data/casia_interval_strips_gt/S1176L07.png,True,True,,
/Users/hrishi/Desktop/dev/Milestone1 BSAI/checkpoint_deliverable/data/CASIA-Iris-Interval/176/L/S1176L08.jpg,1176_L,1176,L,train,S1176L08,True,/Users/hrishi/Desktop/dev/Milestone1 BSAI/checkpoint_deliverable/data/casia_interval_strips/S1176L08.png,/Users/hrishi/Desktop/dev/Milestone1 BSAI/checkpoint_deliverable/data/casia_interval_strips_gt/S1176L08.png,True,True,,
/Users/hrishi/Desktop/dev/Milestone1 BSAI/checkpoint_deliverable/data/CASIA-Iris-Interval/149/R/S1149R01.jpg,1149_R,1149,R,train,S1149R01,True,/Users/hrishi/Desktop/dev/Milestone1 BSAI/checkpoint_deliverable/data/casia_interval_strips/S1149R01.png,/Users/hrishi/Desktop/dev/Milestone1 BSAI/checkpoint_deliverable/data/casia_interval_strips_gt/S1149R01.png,True,True,,
/Users/hrishi/Desktop/dev/Milestone1 BSAI/checkpoint_deliverable/data/CASIA-Iris-Interval/149/R/S1149R03.jpg,1149_R,1149,R,train,S1149R03,True,/Users/hrishi/Desktop/dev/Milestone1 BSAI/checkpoint_deliverable/data/casia_interval_strips/S1149R03.png,/Users/hrishi/Desktop/dev/Milestone1 BSAI/checkpoint_deliverable/data/casia_interval_strips_gt/S1149R03.png,True,True,,
/Users/hrishi/Desktop/dev/Milestone1 BSAI/checkpoint_deliverable/data/CASIA-Iris-Interval/149/R/S1149R02.jpg,1149_R,1149,R,train,S1149R02,True,/Users/hrishi/Desktop/dev/Milestone1 BSAI/checkpoint_deliverable/data/casia_interval_strips/S1149R02.png,/Users/hrishi/Desktop/dev/Milestone1 BSAI/checkpoint_deliverable/data/casia_interval_strips_gt/S1149R02.png,True,True,,
/Users/hrishi/Desktop/dev/Milestone1 BSAI/checkpoint_deliverable/data/CASIA-Iris-Interval/149/R/S1149R06.jpg,1149_R,1149,R,train,S1149R06,True,/Users/hrishi/Desktop/dev/Milestone1 BSAI/checkpoint_deliverable/data/casia_interval_strips/S1149R06.png,/Users/hrishi/Desktop/dev/Milestone1 BSAI/checkpoint_deliverable/data/casia_interval_strips_gt/S1149R06.png,True,True,,
/Users/hrishi/Desktop/dev/Milestone1 BSAI/checkpoint_deliverable/data/CASIA-Iris-Interval/149/R/S1149R07.jpg,1149_R,1149,R,train,S1149R07,True,/Users/hrishi/Desktop/dev/Milestone1 BSAI/checkpoint_deliverable/data/casia_interval_strips/S1149R07.png,/Users/hrishi/Desktop/dev/Milestone1 BSAI/checkpoint_deliverable/data/casia_interval_strips_gt/S1149R07.png,True,True,,
/Users/hrishi/Desktop/dev/Milestone1 BSAI/checkpoint_deliverable/data/CASIA-Iris-Interval/149/R/S1149R05.jpg,1149_R,1149,R,train,S1149R05,True,/Users/hrishi/Desktop/dev/Milestone1 BSAI/checkpoint_deliverable/data/casia_interval_strips/S1149R05.png,/Users/hrishi/Desktop/dev/Milestone1 BSAI/checkpoint_deliverable/data/casia_interval_strips_gt/S1149R05.png,True,True,,
/Users/hrishi/Desktop/dev/Milestone1 BSAI/checkpoint_deliverable/data/CASIA-Iris-Interval/149/R/S1149R04.jpg,1149_R,1149,R,train,S1149R04,True,/Users/hrishi/Desktop/dev/Milestone1 BSAI/checkpoint_deliverable/data/casia_interval_strips/S1149R04.png,/Users/hrishi/Desktop/dev/Milestone1 BSAI/checkpoint_deliverable/data/casia_interval_strips_gt/S1149R04.png,True,True,,
/Users/hrishi/Desktop/dev/Milestone1 BSAI/checkpoint_deliverable/data/CASIA-Iris-Interval/149/L/S1149L07.jpg,1149_L,1149,L,train,S1149L07,True,/Users/hrishi/Desktop/dev/Milestone1 BSAI/checkpoint_deliverable/data/casia_interval_strips/S1149L07.png,/Users/hrishi/Desktop/dev/Milestone1 BSAI/checkpoint_deliverable/data/casia_interval_strips_gt/S1149L07.png,True,True,,
/Users/hrishi/Desktop/dev/Milestone1 BSAI/checkpoint_deliverable/data/CASIA-Iris-Interval/149/L/S1149L06.jpg,1149_L,1149,L,train,S1149L06,True,/Users/hrishi/Desktop/dev/Milestone1 BSAI/checkpoint_deliverable/data/casia_interval_strips/S1149L06.png,/Users/hrishi/Desktop/dev/Milestone1 BSAI/checkpoint_deliverable/data/casia_interval_strips_gt/S1149L06.png,True,True,,
/Users/hrishi/Desktop/dev/Milestone1 BSAI/checkpoint_deliverable/data/CASIA-Iris-Interval/149/L/S1149L04.jpg,1149_L,1149,L,train,S1149L04,True,/Users/hrishi/Desktop/dev/Milestone1 BSAI/checkpoint_deliverable/data/casia_interval_strips/S1149L04.png,/Users/hrishi/Desktop/dev/Milestone1 BSAI/checkpoint_deliverable/data/casia_interval_strips_gt/S1149L04.png,True,True,,
/Users/hrishi/Desktop/dev/Milestone1 BSAI/checkpoint_deliverable/data/CASIA-Iris-Interval/149/L/S1149L05.jpg,1149_L,1149,L,train,S1149L05,True,/Users/hrishi/Desktop/dev/Milestone1 BSAI/checkpoint_deliverable/data/casia_interval_strips/S1149L05.png,/Users/hrishi/Desktop/dev/Milestone1 BSAI/checkpoint_deliverable/data/casia_interval_strips_gt/S1149L05.png,True,True,,
/Users/hrishi/Desktop/dev/Milestone1 BSAI/checkpoint_deliverable/data/CASIA-Iris-Interval/149/L/S1149L01.jpg,1149_L,1149,L,train,S1149L01,True,/Users/hrishi/Desktop/dev/Milestone1 BSAI/checkpoint_deliverable/data/casia_interval_strips/S1149L01.png,/Users/hrishi/Desktop/dev/Milestone1 BSAI/checkpoint_deliverable/data/casia_interval_strips_gt/S1149L01.png,True,True,,
/Users/hrishi/Desktop/dev/Milestone1 BSAI/checkpoint_deliverable/data/CASIA-Iris-Interval/149/L/S1149L02.jpg,1149_L,1149,L,train,S1149L02,True,/Users/hrishi/Desktop/dev/Milestone1 BSAI/checkpoint_deliverable/data/casia_interval_strips/S1149L02.png,/Users/hrishi/Desktop/dev/Milestone1 BSAI/checkpoint_deliverable/data/casia_interval_strips_gt/S1149L02.png,True,True,,
/Users/hrishi/Desktop/dev/Milestone1 BSAI/checkpoint_deliverable/data/CASIA-Iris-Interval/149/L/S1149L03.jpg,1149_L,1149,L,train,S1149L03,True,/Users/hrishi/Desktop/dev/Milestone1 BSAI/checkpoint_deliverable/data/casia_interval_strips/S1149L03.png,/Users/hrishi/Desktop/dev/Milestone1 BSAI/checkpoint_deliverable/data/casia_interval_strips_gt/S1149L03.png,True,True,,
/Users/hrishi/Desktop/dev/Milestone1 BSAI/checkpoint_deliverable/data/CASIA-Iris-Interval/171/L/S1171L03.jpg,1171_L,1171,L,train,S1171L03,True,/Users/hrishi/Desktop/dev/Milestone1 BSAI/checkpoint_deliverable/data/casia_interval_strips/S1171L03.png,/Users/hrishi/Desktop/dev/Milestone1 BSAI/checkpoint_deliverable/data/casia_interval_strips_gt/S1171L03.png,True,True,,
/Users/hrishi/Desktop/dev/Milestone1 BSAI/checkpoint_deliverable/data/CASIA-Iris-Interval/171/L/S1171L02.jpg,1171_L,1171,L,train,S1171L02,True,/Users/hrishi/Desktop/dev/Milestone1 BSAI/checkpoint_deliverable/data/casia_interval_strips/S1171L02.png,/Users/hrishi/Desktop/dev/Milestone1 BSAI/checkpoint_deliverable/data/casia_interval_strips_gt/S1171L02.png,True,True,,
/Users/hrishi/Desktop/dev/Milestone1 BSAI/checkpoint_deliverable/data/CASIA-Iris-Interval/171/L/S1171L01.jpg,1171_L,1171,L,train,S1171L01,True,/Users/hrishi/Desktop/dev/Milestone1 BSAI/checkpoint_deliverable/data/casia_interval_strips/S1171L01.png,/Users/hrishi/Desktop/dev/Milestone1 BSAI/checkpoint_deliverable/data/casia_interval_strips_gt/S1171L01.png,True,True,,
/Users/hrishi/Desktop/dev/Milestone1 BSAI/checkpoint_deliverable/data/CASIA-Iris-Interval/171/L/S1171L05.jpg,1171_L,1171,L,train,S1171L05,True,/Users/hrishi/Desktop/dev/Milestone1 BSAI/checkpoint_deliverable/data/casia_interval_strips/S1171L05.png,/Users/hrishi/Desktop/dev/Milestone1 BSAI/checkpoint_deliverable/data/casia_interval_strips_gt/S1171L05.png,True,True,,
/Users/hrishi/Desktop/dev/Milestone1 BSAI/checkpoint_deliverable/data/CASIA-Iris-Interval/171/L/S1171L04.jpg,1171_L,1171,L,train,S1171L04,True,/Users/hrishi/Desktop/dev/Milestone1 BSAI/checkpoint_deliverable/data/casia_interval_strips/S1171L04.png,/Users/hrishi/Desktop/dev/Milestone1 BSAI/checkpoint_deliverable/data/casia_interval_strips_gt/S1171L04.png,True,True,,
/Users/hrishi/Desktop/dev/Milestone1 BSAI/checkpoint_deliverable/data/CASIA-Iris-Interval/185/L/S1185L01.jpg,1185_L,1185,L,train,S1185L01,True,/Users/hrishi/Desktop/dev/Milestone1 BSAI/checkpoint_deliverable/data/casia_interval_strips/S1185L01.png,/Users/hrishi/Desktop/dev/Milestone1 BSAI/checkpoint_deliverable/data/casia_interval_strips_gt/S1185L01.png,True,True,,
/Users/hrishi/Desktop/dev/Milestone1 BSAI/checkpoint_deliverable/data/CASIA-Iris-Interval/185/L/S1185L03.jpg,1185_L,1185,L,train,S1185L03,True,/Users/hrishi/Desktop/dev/Milestone1 BSAI/checkpoint_deliverable/data/casia_interval_strips/S1185L03.png,/Users/hrishi/Desktop/dev/Milestone1 BSAI/checkpoint_deliverable/data/casia_interval_strips_gt/S1185L03.png,True,True,,
/Users/hrishi/Desktop/dev/Milestone1 BSAI/checkpoint_deliverable/data/CASIA-Iris-Interval/185/L/S1185L02.jpg,1185_L,1185,L,train,S1185L02,True,/Users/hrishi/Desktop/dev/Milestone1 BSAI/checkpoint_deliverable/data/casia_interval_strips/S1185L02.png,/Users/hrishi/Desktop/dev/Milestone1 BSAI/checkpoint_deliverable/data/casia_interval_strips_gt/S1185L02.png,True,True,,
/Users/hrishi/Desktop/dev/Milestone1 BSAI/checkpoint_deliverable/data/CASIA-Iris-Interval/185/L/S1185L06.jpg,1185_L,1185,L,train,S1185L06,True,/Users/hrishi/Desktop/dev/Milestone1 BSAI/checkpoint_deliverable/data/casia_interval_strips/S1185L06.png,/Users/hrishi/Desktop/dev/Milestone1 BSAI/checkpoint_deliverable/data/casia_interval_strips_gt/S1185L06.png,True,True,,
/Users/hrishi/Desktop/dev/Milestone1 BSAI/checkpoint_deliverable/data/CASIA-Iris-Interval/185/L/S1185L05.jpg,1185_L,1185,L,train,S1185L05,True,/Users/hrishi/Desktop/dev/Milestone1 BSAI/checkpoint_deliverable/data/casia_interval_strips/S1185L05.png,/Users/hrishi/Desktop/dev/Milestone1 BSAI/checkpoint_deliverable/data/casia_interval_strips_gt/S1185L05.png,True,True,,
/Users/hrishi/Desktop/dev/Milestone1 BSAI/checkpoint_deliverable/data/CASIA-Iris-Interval/185/L/S1185L04.jpg,1185_L,1185,L,train,S1185L04,True,/Users/hrishi/Desktop/dev/Milestone1 BSAI/checkpoint_deliverable/data/casia_interval_strips/S1185L04.png,/Users/hrishi/Desktop/dev/Milestone1 BSAI/checkpoint_deliverable/data/casia_interval_strips_gt/S1185L04.png,True,True,,
